Дата;Наименование препарата как у нас;Наименование препарата как у аптеки;Наименование АС;Ссылка на препарат;Город;Цена
{'29-03-2022'};;АМЕЛОТЕКС Р-Р В/М 10МГ/МЛ АМП 1,5МЛ №5;Антей;https://aptekaantey.ru/kat/simptom/2979;Вологда;по будням с 9:00 до 18:00
{'29-03-2022'};;АРМАВИСКОН СРЕДСТВО В/СУСТ 2МЛ №1 ШПРИЦ;Антей;https://aptekaantey.ru/kat/simptom/130202;Вологда;по будням с 9:00 до 18:00
{'29-03-2022'};;АРМАВИСКОН ПЛЮС СРЕДСТВО В/СУСТ 1,5% 2МЛ ШПРИЦ ИНД УП;Антей;https://aptekaantey.ru/kat/simptom/130074;Вологда;по будням с 9:00 до 18:00
{'29-03-2022'};;АРМАВИСКОН ФОРТЕ СРЕДСТВО В/СУСТАВ 2,3% 3МЛ ШПРИЦ;Антей;https://aptekaantey.ru/kat/simptom/130076;Вологда;по будням с 9:00 до 18:00
{'29-03-2022'};;АРМАВИСКОН ХОНДРО ПРОТЕЗ СИНОВИАЛЬНОЙ Ж-СТИ 3МЛ;Антей;https://aptekaantey.ru/kat/simptom/198928;Вологда;по будням с 9:00 до 18:00
{'29-03-2022'};;АРТОГИСТАН Р-Р В/М 100МГ/МЛ АМП 2МЛ №10;Антей;https://aptekaantey.ru/kat/simptom/117858;Вологда;по будням с 9:00 до 18:00
{'29-03-2022'};;ГЕНИТРОН Р-Р В/М 10МГ/МЛ АМП 1,5МЛ №5;Антей;https://aptekaantey.ru/kat/simptom/106209;Вологда;по будням с 9:00 до 18:00
{'29-03-2022'};;ГИАЛУРОМ Р-Р В/СУСТ. ВВЕД 1,5% ШПРИЦ 2МЛ №1;Антей;https://aptekaantey.ru/kat/simptom/8052;Вологда;по будням с 9:00 до 18:00
{'29-03-2022'};;ИНЪЕКТРАН Р-Р В/М 100МГ/МЛ АМП 2МЛ №10;Антей;https://aptekaantey.ru/kat/simptom/100472;Вологда;по будням с 9:00 до 18:00
{'29-03-2022'};;МЕЛОКСИКАМ АМП В/М 10МГ/МЛ 1,5МЛ №5;Антей;https://aptekaantey.ru/kat/simptom/107530;Вологда;по будням с 9:00 до 18:00
{'29-03-2022'};;МОВАЛИС Р-Р В/М 15МГ АМП 1,5МЛ №5;Антей;https://aptekaantey.ru/kat/simptom/10381;Вологда;по будням с 9:00 до 18:00
{'29-03-2022'};;МУКОСАТ Р-Р В/М 100МГ/МЛ АМП 1МЛ №10;Антей;https://aptekaantey.ru/kat/simptom/26677;Вологда;по будням с 9:00 до 18:00
{'29-03-2022'};;ОСТЕОКОЛЛ (OSTEOCOLL) ИМПЛАНТАТ КОЛЛАГЕН-СОДЕРЖАЩИЙ Д/ПЕРИАРТИКУЛЯР ВВЕД 2МЛ N5 ФЛАК;Антей;https://aptekaantey.ru/kat/simptom/161191;Вологда;по будням с 9:00 до 18:00
{'29-03-2022'};;РУМАЛОН АМП В/М 1МЛ №10;Антей;https://aptekaantey.ru/kat/simptom/76496;Вологда;по будням с 9:00 до 18:00
{'29-03-2022'};;ТРАУМЕЛЬ С Р-Р В/М И ОКОЛОСУСТАВ ВВЕД АМП 2,2МЛ №5;Антей;https://aptekaantey.ru/kat/simptom/11415;Вологда;по будням с 9:00 до 18:00
{'29-03-2022'};;ФЕРМАТРОН ПРОТЕЗ СИНОВИАЛЬНОЙ Ж-ТИ СТЕРИЛЬНЫЙ 2МЛ;Антей;https://aptekaantey.ru/kat/simptom/34442;Вологда;по будням с 9:00 до 18:00
{'29-03-2022'};;ФЕРМАТРОН ПЛЮС ПРОТЕЗ СИНОВИАЛЬНОЙ Ж-ТИ 1,5% 0,03/2М ШПРИЦ №1;Антей;https://aptekaantey.ru/kat/simptom/45554;Вологда;по будням с 9:00 до 18:00
{'29-03-2022'};;ФЛЕКСОТРОН СОЛО ИМПЛАНТАТ ВЯЗКОЭЛАСТ СТЕРИЛ В/СУСТ ГИАЛУРОНАТ НАТРИЯ 2,2% 22МГ/МЛ ШПРИЦ 2МЛ №1;Антей;https://aptekaantey.ru/kat/simptom/160992;Вологда;по будням с 9:00 до 18:00
{'29-03-2022'};;ХРОНОТРОН ИМПЛАНТАТ ГЕЛЬ В/СУС ПОЛИНУКЛЕОТИД 20МГ/МЛ 2МЛ ШПРИЦ №1;Антей;https://aptekaantey.ru/kat/simptom/160210;Вологда;по будням с 9:00 до 18:00
