Дата;Наименование препарата как у нас;Наименование препарата как у аптеки;Наименование АС;Ссылка на препарат;Город;Цена
29-03-2022;;Армавискон Форте средство для внутрисуставного введ 2,3% шприц 3мл;Аптека от склада;https://apteka-ot-sklada.ru/catalog?q=%D0%B0%D1%80%D0%BC%D0%B0%D0%B2%D0%B8%D1%81%D0%BA%D0%BE%D0%BD;Пермь;16 638.00 ₽
29-03-2022;;Армавискон Плюс средство для внутрисуставного введ 1,5% шприц 2мл;Аптека от склада;https://apteka-ot-sklada.ru/catalog?q=%D0%B0%D1%80%D0%BC%D0%B0%D0%B2%D0%B8%D1%81%D0%BA%D0%BE%D0%BD;Пермь;7 042.30 ₽
29-03-2022;;Армавискон средство для внутрисуставного введения 1% шприц 2мл N 2;Аптека от склада;https://apteka-ot-sklada.ru/catalog?q=%D0%B0%D1%80%D0%BC%D0%B0%D0%B2%D0%B8%D1%81%D0%BA%D0%BE%D0%BD;Пермь;9 585.70 ₽
29-03-2022;;Армавискон Плюс средство для внутрисуставного введения 1,5% шприц 2мл N 2;Аптека от склада;https://apteka-ot-sklada.ru/catalog?q=%D0%B0%D1%80%D0%BC%D0%B0%D0%B2%D0%B8%D1%81%D0%BA%D0%BE%D0%BD;Пермь;17 654.90 ₽
29-03-2022;;Армавискон Хондро протез синовиальной жидкости шприц 3мл;Аптека от склада;https://apteka-ot-sklada.ru/catalog?q=%D0%B0%D1%80%D0%BC%D0%B0%D0%B2%D0%B8%D1%81%D0%BA%D0%BE%D0%BD;Пермь;15 762.00 ₽
29-03-2022;;Армавискон Platinum средство для внутрисуставного введения 3% шприц 3мл;Аптека от склада;https://apteka-ot-sklada.ru/catalog?q=%D0%B0%D1%80%D0%BC%D0%B0%D0%B2%D0%B8%D1%81%D0%BA%D0%BE%D0%BD;Пермь;24 850.00 ₽
29-03-2022;;Гиалон раствор 1,5% для внутрисуставного введ 60мг/4мл 4мл шприц;Аптека от склада;https://apteka-ot-sklada.ru/catalog?q=%D0%B3%D0%B8%D0%B0%D0%BB%D0%BE%D0%BD;Пермь;20 189.80 ₽
29-03-2022;;Гиалуром Тендон р-р для внутрисуставного введ 40мг/мл 2мл шприц;Аптека от склада;https://apteka-ot-sklada.ru/catalog?q=%D0%B3%D0%B8%D0%B0%D0%BB%D1%83%D1%80%D0%BE%D0%BC;Пермь;10 074.00 ₽
29-03-2022;;Гиалуром р-р для внутрисуставного введ 15мг/мл 2мл шприц;Аптека от склада;https://apteka-ot-sklada.ru/catalog?q=%D0%B3%D0%B8%D0%B0%D0%BB%D1%83%D1%80%D0%BE%D0%BC;Пермь;8 206.80 ₽
29-03-2022;;Гиалуром cs протез син жидк 0,06/3мл+0,09/3мл;Аптека от склада;https://apteka-ot-sklada.ru/catalog?q=%D0%B3%D0%B8%D0%B0%D0%BB%D1%83%D1%80%D0%BE%D0%BC;Пермь;16 053.60 ₽
29-03-2022;;Уценен Гиалуром cs протез син жидк 0,06/3мл+0,09/3мл N 1;Аптека от склада;https://apteka-ot-sklada.ru/catalog?q=%D0%B3%D0%B8%D0%B0%D0%BB%D1%83%D1%80%D0%BE%D0%BC;Пермь;14 833.00 ₽
29-03-2022;;Гоу-он р-р 1% шприц 2,5мл;Аптека от склада;https://apteka-ot-sklada.ru/catalog?q=%D0%B3%D0%BE%D1%83-%D0%BE%D0%BD;Пермь;3 771.10 ₽
29-03-2022;;Нолтрексин эндопротез синовиальной жидкости шприц 2мл;Аптека от склада;https://apteka-ot-sklada.ru/catalog?q=%D0%BD%D0%BE%D0%BB%D1%82%D1%80%D0%B5%D0%BA%D1%81%D0%B8%D0%BD;Пермь;10 386.10 ₽
29-03-2022;;Остенил вязкоупругий имплантат 20мг/2мл для внутрисустав введения шприц 2мл;Аптека от склада;https://apteka-ot-sklada.ru/catalog?q=%D0%BE%D1%81%D1%82%D0%B5%D0%BD%D0%B8%D0%BB;Пермь;1 945.30 ₽
29-03-2022;;Остенил Плюс шприц имплантат вязкоупруг для внутрисуставн введ 40мг/2мл 2%;Аптека от склада;https://apteka-ot-sklada.ru/catalog?q=%D0%BE%D1%81%D1%82%D0%B5%D0%BD%D0%B8%D0%BB;Пермь;6 419.90 ₽
29-03-2022;;Рипарт лонг средство для замещения синовиальной жидкости 20мг/мл шприц 3 мл;Аптека от склада;https://apteka-ot-sklada.ru/catalog?q=%D1%80%D0%B8%D0%BF%D0%B0%D1%80%D1%82;Пермь;16 640.00 ₽
29-03-2022;;Рипарт средство для замещения синовиальной жидкости 10мг/мл шприц 3 мл;Аптека от склада;https://apteka-ot-sklada.ru/catalog?q=%D1%80%D0%B8%D0%BF%D0%B0%D1%80%D1%82;Пермь;5 985.40 ₽
29-03-2022;;Армавискон Плюс средство для внутрисуставного введ 1,5% шприц 2мл;Аптека от склада;https://apteka-ot-sklada.ru/catalog?q=%D1%84%D0%B5%D1%80%D0%BC%D0%B0%D1%82%D1%80%D0%BE%D0%BD;Пермь;7 042.30 ₽
29-03-2022;;Армавискон Форте средство для внутрисуставного введ 2,3% шприц 3мл;Аптека от склада;https://apteka-ot-sklada.ru/catalog?q=%D1%84%D0%B5%D1%80%D0%BC%D0%B0%D1%82%D1%80%D0%BE%D0%BD;Пермь;16 638.00 ₽
29-03-2022;;Ферматрон р-р для ин 20мг/2мл 1% шприц;Аптека от склада;https://apteka-ot-sklada.ru/catalog?q=%D1%84%D0%B5%D1%80%D0%BC%D0%B0%D1%82%D1%80%D0%BE%D0%BD;Пермь;5 353.00 ₽
29-03-2022;;Ферматрон плюс р-р 2 мл 1.5% шприц;Аптека от склада;https://apteka-ot-sklada.ru/catalog?q=%D1%84%D0%B5%D1%80%D0%BC%D0%B0%D1%82%D1%80%D0%BE%D0%BD;Пермь;11 148.90 ₽
29-03-2022;;Флексотрон Кросс р-р для внутрисуставного введ 60мг/3.0мл шприц;Аптека от склада;https://apteka-ot-sklada.ru/catalog?q=%D1%84%D0%BB%D0%B5%D0%BA%D1%81%D0%B0%D1%82%D1%80%D0%BE%D0%BD;Пермь;19 058.20 ₽
29-03-2022;;Флексотрон ультра имплантат вязкоэласт стерильный для внутрисуст инъекции шприц 4,8 мл;Аптека от склада;https://apteka-ot-sklada.ru/catalog?q=%D1%84%D0%BB%D0%B5%D0%BA%D1%81%D0%B0%D1%82%D1%80%D0%BE%D0%BD;Пермь;22 326.00 ₽
29-03-2022;;Хаймовис р-р для внутрисуставного введения 24мг/3мл шприц преднаполненный;Аптека от склада;https://apteka-ot-sklada.ru/catalog?q=%D1%85%D0%B0%D0%B9%D0%BC%D0%BE%D0%B2%D0%B8%D1%81;Пермь;17 426.50 ₽
29-03-2022;;Хаймовис р-р для внутрисуставного введения 24мг/3мл шприц преднаполненный N 2;Аптека от склада;https://apteka-ot-sklada.ru/catalog?q=%D1%85%D0%B0%D0%B9%D0%BC%D0%BE%D0%B2%D0%B8%D1%81;Пермь;25 475.20 ₽
29-03-2022;;Хронотрон имплантат инъекционный в виде геля для внутрисустав введ 20 мг/мл 2 мл;Аптека от склада;https://apteka-ot-sklada.ru/catalog?q=%D1%85%D1%80%D0%BE%D0%BD%D0%BE%D1%82%D1%80%D0%BE%D0%BD;Пермь;10 069.00 ₽
29-03-2022;;Уценен Мовалис раствор для инфузий 15мг ампулы 1,5мл N 5;Аптека от склада;https://apteka-ot-sklada.ru/catalog?q=%D0%BC%D0%BE%D0%B2%D0%B0%D0%BB%D0%B8%D1%81;Пермь;1 164.00 ₽
29-03-2022;;Мовалис раствор для инфузий 15мг ампулы 1,5мл N 3;Аптека от склада;https://apteka-ot-sklada.ru/catalog?q=%D0%BC%D0%BE%D0%B2%D0%B0%D0%BB%D0%B8%D1%81;Пермь;805.40 ₽
29-03-2022;;Мовалис таблетки 7,5мг N 20;Аптека от склада;https://apteka-ot-sklada.ru/catalog?q=%D0%BC%D0%BE%D0%B2%D0%B0%D0%BB%D0%B8%D1%81;Пермь;754.00 ₽
29-03-2022;;Мовалис раствор для инфузий 15мг ампулы 1,5мл N 5;Аптека от склада;https://apteka-ot-sklada.ru/catalog?q=%D0%BC%D0%BE%D0%B2%D0%B0%D0%BB%D0%B8%D1%81;Пермь;1 298.00 ₽
29-03-2022;;Мовалис таблетки 15мг N 10;Аптека от склада;https://apteka-ot-sklada.ru/catalog?q=%D0%BC%D0%BE%D0%B2%D0%B0%D0%BB%D0%B8%D1%81;Пермь;740.70 ₽
29-03-2022;;Мовалис таблетки 15мг N 20;Аптека от склада;https://apteka-ot-sklada.ru/catalog?q=%D0%BC%D0%BE%D0%B2%D0%B0%D0%BB%D0%B8%D1%81;Пермь;795.20 ₽
29-03-2022;;Амелотекс свечи 7,5 мг N 6;Аптека от склада;https://apteka-ot-sklada.ru/catalog?q=%D0%B0%D0%BC%D0%B5%D0%BB%D0%BE%D1%82%D0%B5%D0%BA%D1%81;Пермь;213.30 ₽
29-03-2022;;Амелотекс р-р для ин 10мг/мл амп 1,5мл N3;Аптека от склада;https://apteka-ot-sklada.ru/catalog?q=%D0%B0%D0%BC%D0%B5%D0%BB%D0%BE%D1%82%D0%B5%D0%BA%D1%81;Пермь;462.80 ₽
29-03-2022;;Амелотекс р-р для ин 10мг/мл амп 1,5мл N 5;Аптека от склада;https://apteka-ot-sklada.ru/catalog?q=%D0%B0%D0%BC%D0%B5%D0%BB%D0%BE%D1%82%D0%B5%D0%BA%D1%81;Пермь;601.70 ₽
29-03-2022;;Амелотекс тб 7,5 мг N 20;Аптека от склада;https://apteka-ot-sklada.ru/catalog?q=%D0%B0%D0%BC%D0%B5%D0%BB%D0%BE%D1%82%D0%B5%D0%BA%D1%81;Пермь;272.50 ₽
29-03-2022;;Амелотекс тб 15 мг N 20;Аптека от склада;https://apteka-ot-sklada.ru/catalog?q=%D0%B0%D0%BC%D0%B5%D0%BB%D0%BE%D1%82%D0%B5%D0%BA%D1%81;Пермь;267.70 ₽
29-03-2022;;Амелотекс тб 15 мг N 10;Аптека от склада;https://apteka-ot-sklada.ru/catalog?q=%D0%B0%D0%BC%D0%B5%D0%BB%D0%BE%D1%82%D0%B5%D0%BA%D1%81;Пермь;225.30 ₽
29-03-2022;;Амелотекс супп рект 15мг N 6;Аптека от склада;https://apteka-ot-sklada.ru/catalog?q=%D0%B0%D0%BC%D0%B5%D0%BB%D0%BE%D1%82%D0%B5%D0%BA%D1%81;Пермь;424.30 ₽
29-03-2022;;Амелотекс супп рект 15мг N 6;Аптека от склада;https://apteka-ot-sklada.ru/catalog?q=%D0%B0%D0%BC%D0%B5%D0%BB%D0%BE%D1%82%D0%B5%D0%BA%D1%81;Пермь;424.30 ₽
29-03-2022;;Амелотекс гель 1% 30г;Аптека от склада;https://apteka-ot-sklada.ru/catalog?q=%D0%B0%D0%BC%D0%B5%D0%BB%D0%BE%D1%82%D0%B5%D0%BA%D1%81;Пермь;192.90 ₽
29-03-2022;;Амелотекс р-р для инъекций 10мг 1.5мл амп N10;Аптека от склада;https://apteka-ot-sklada.ru/catalog?q=%D0%B0%D0%BC%D0%B5%D0%BB%D0%BE%D1%82%D0%B5%D0%BA%D1%81;Пермь;697.40 ₽
29-03-2022;;Мелоксикам Медисорб тб 15 мг N 20;Аптека от склада;https://apteka-ot-sklada.ru/catalog?q=%D0%BC%D0%B5%D0%BB%D0%BE%D0%BA%D1%81%D0%B8%D0%BA%D0%B0%D0%BC;Пермь;170.00 ₽
29-03-2022;;Мелоксикам - Канон тб 7.5 мг N 20;Аптека от склада;https://apteka-ot-sklada.ru/catalog?q=%D0%BC%D0%B5%D0%BB%D0%BE%D0%BA%D1%81%D0%B8%D0%BA%D0%B0%D0%BC;Пермь;86.80 ₽
29-03-2022;;Мелоксикам Вертекс таб 15мг N 20;Аптека от склада;https://apteka-ot-sklada.ru/catalog?q=%D0%BC%D0%B5%D0%BB%D0%BE%D0%BA%D1%81%D0%B8%D0%BA%D0%B0%D0%BC;Пермь;327.00 ₽
29-03-2022;;Мелоксикам Оболенское тб 15мг N 20;Аптека от склада;https://apteka-ot-sklada.ru/catalog?q=%D0%BC%D0%B5%D0%BB%D0%BE%D0%BA%D1%81%D0%B8%D0%BA%D0%B0%D0%BC;Пермь;107.40 ₽
29-03-2022;;Мелоксикам-Тева тб 15 мг N 10;Аптека от склада;https://apteka-ot-sklada.ru/catalog?q=%D0%BC%D0%B5%D0%BB%D0%BE%D0%BA%D1%81%D0%B8%D0%BA%D0%B0%D0%BC;Пермь;199.40 ₽
29-03-2022;;Мелоксикам-Тева тб 15 мг N 10;Аптека от склада;https://apteka-ot-sklada.ru/catalog?q=%D0%BC%D0%B5%D0%BB%D0%BE%D0%BA%D1%81%D0%B8%D0%BA%D0%B0%D0%BC;Пермь;199.40 ₽
29-03-2022;;Мелоксикам-Тева тб 7,5 мг N 20;Аптека от склада;https://apteka-ot-sklada.ru/catalog?q=%D0%BC%D0%B5%D0%BB%D0%BE%D0%BA%D1%81%D0%B8%D0%BA%D0%B0%D0%BC;Пермь;294.60 ₽
29-03-2022;;Мелоксикам-Тева тб 7,5 мг N 20;Аптека от склада;https://apteka-ot-sklada.ru/catalog?q=%D0%BC%D0%B5%D0%BB%D0%BE%D0%BA%D1%81%D0%B8%D0%BA%D0%B0%D0%BC;Пермь;294.60 ₽
29-03-2022;;Мелоксикам Медисорб тб 7.5 мг N 20;Аптека от склада;https://apteka-ot-sklada.ru/catalog?q=%D0%BC%D0%B5%D0%BB%D0%BE%D0%BA%D1%81%D0%B8%D0%BA%D0%B0%D0%BC;Пермь;61.90 ₽
29-03-2022;;Мелоксикам Вертекс таб 7,5мг N 20;Аптека от склада;https://apteka-ot-sklada.ru/catalog?q=%D0%BC%D0%B5%D0%BB%D0%BE%D0%BA%D1%81%D0%B8%D0%BA%D0%B0%D0%BC;Пермь;247.00 ₽
29-03-2022;;Мелоксикам раствор для в/м введ ампулы 10мг/мл 1,5мл N 5;Аптека от склада;https://apteka-ot-sklada.ru/catalog?q=%D0%BC%D0%B5%D0%BB%D0%BE%D0%BA%D1%81%D0%B8%D0%BA%D0%B0%D0%BC;Пермь;214.10 ₽
29-03-2022;;Мелоксикам Озон р-р 10мг/мл 1,5мл амп N 3;Аптека от склада;https://apteka-ot-sklada.ru/catalog?q=%D0%BC%D0%B5%D0%BB%D0%BE%D0%BA%D1%81%D0%B8%D0%BA%D0%B0%D0%BC;Пермь;177.70 ₽
29-03-2022;;Артрозан тб 15мг N 20;Аптека от склада;https://apteka-ot-sklada.ru/catalog?q=%D0%B0%D1%80%D1%82%D1%80%D0%BE%D0%B7%D0%B0%D0%BD;Пермь;306.00 ₽
29-03-2022;;Артрозан р-р для и 6мг/мл амп 2,5 мл N 10;Аптека от склада;https://apteka-ot-sklada.ru/catalog?q=%D0%B0%D1%80%D1%82%D1%80%D0%BE%D0%B7%D0%B0%D0%BD;Пермь;627.90 ₽
29-03-2022;;Артрозан раствор для в/м введ 6мг/мл 2,5мл ампулы N 5;Аптека от склада;https://apteka-ot-sklada.ru/catalog?q=%D0%B0%D1%80%D1%82%D1%80%D0%BE%D0%B7%D0%B0%D0%BD;Пермь;426.50 ₽
29-03-2022;;Артрозан тб 15 мг N 10;Аптека от склада;https://apteka-ot-sklada.ru/catalog?q=%D0%B0%D1%80%D1%82%D1%80%D0%BE%D0%B7%D0%B0%D0%BD;Пермь;190.20 ₽
29-03-2022;;Мелоксикам Медисорб тб 15 мг N 20;Аптека от склада;https://apteka-ot-sklada.ru/catalog?q=%D0%BC%D0%B5%D0%BB%D0%BE%D0%BA%D1%81%D0%B8%D0%BA%D0%B0%D0%BC;Пермь;170.00 ₽
29-03-2022;;Мелоксикам - Канон тб 7.5 мг N 20;Аптека от склада;https://apteka-ot-sklada.ru/catalog?q=%D0%BC%D0%B5%D0%BB%D0%BE%D0%BA%D1%81%D0%B8%D0%BA%D0%B0%D0%BC;Пермь;86.80 ₽
29-03-2022;;Мелоксикам Вертекс таб 15мг N 20;Аптека от склада;https://apteka-ot-sklada.ru/catalog?q=%D0%BC%D0%B5%D0%BB%D0%BE%D0%BA%D1%81%D0%B8%D0%BA%D0%B0%D0%BC;Пермь;327.00 ₽
29-03-2022;;Мелоксикам Оболенское тб 15мг N 20;Аптека от склада;https://apteka-ot-sklada.ru/catalog?q=%D0%BC%D0%B5%D0%BB%D0%BE%D0%BA%D1%81%D0%B8%D0%BA%D0%B0%D0%BC;Пермь;107.40 ₽
29-03-2022;;Мелоксикам-Тева тб 15 мг N 10;Аптека от склада;https://apteka-ot-sklada.ru/catalog?q=%D0%BC%D0%B5%D0%BB%D0%BE%D0%BA%D1%81%D0%B8%D0%BA%D0%B0%D0%BC;Пермь;199.40 ₽
29-03-2022;;Мелоксикам-Тева тб 15 мг N 10;Аптека от склада;https://apteka-ot-sklada.ru/catalog?q=%D0%BC%D0%B5%D0%BB%D0%BE%D0%BA%D1%81%D0%B8%D0%BA%D0%B0%D0%BC;Пермь;199.40 ₽
29-03-2022;;Мелоксикам-Тева тб 7,5 мг N 20;Аптека от склада;https://apteka-ot-sklada.ru/catalog?q=%D0%BC%D0%B5%D0%BB%D0%BE%D0%BA%D1%81%D0%B8%D0%BA%D0%B0%D0%BC;Пермь;294.60 ₽
29-03-2022;;Мелоксикам-Тева тб 7,5 мг N 20;Аптека от склада;https://apteka-ot-sklada.ru/catalog?q=%D0%BC%D0%B5%D0%BB%D0%BE%D0%BA%D1%81%D0%B8%D0%BA%D0%B0%D0%BC;Пермь;294.60 ₽
29-03-2022;;Мелоксикам Медисорб тб 7.5 мг N 20;Аптека от склада;https://apteka-ot-sklada.ru/catalog?q=%D0%BC%D0%B5%D0%BB%D0%BE%D0%BA%D1%81%D0%B8%D0%BA%D0%B0%D0%BC;Пермь;61.90 ₽
29-03-2022;;Мелоксикам Вертекс таб 7,5мг N 20;Аптека от склада;https://apteka-ot-sklada.ru/catalog?q=%D0%BC%D0%B5%D0%BB%D0%BE%D0%BA%D1%81%D0%B8%D0%BA%D0%B0%D0%BC;Пермь;247.00 ₽
29-03-2022;;Мелоксикам раствор для в/м введ ампулы 10мг/мл 1,5мл N 5;Аптека от склада;https://apteka-ot-sklada.ru/catalog?q=%D0%BC%D0%B5%D0%BB%D0%BE%D0%BA%D1%81%D0%B8%D0%BA%D0%B0%D0%BC;Пермь;214.10 ₽
29-03-2022;;Мелоксикам Озон р-р 10мг/мл 1,5мл амп N 3;Аптека от склада;https://apteka-ot-sklada.ru/catalog?q=%D0%BC%D0%B5%D0%BB%D0%BE%D0%BA%D1%81%D0%B8%D0%BA%D0%B0%D0%BC;Пермь;177.70 ₽
29-03-2022;;Артрозан тб 15мг N 20;Аптека от склада;https://apteka-ot-sklada.ru/catalog?q=%D0%B0%D1%80%D1%82%D1%80%D0%BE%D0%B7%D0%B0%D0%BD;Пермь;306.00 ₽
29-03-2022;;Артрозан р-р для и 6мг/мл амп 2,5 мл N 10;Аптека от склада;https://apteka-ot-sklada.ru/catalog?q=%D0%B0%D1%80%D1%82%D1%80%D0%BE%D0%B7%D0%B0%D0%BD;Пермь;627.90 ₽
29-03-2022;;Артрозан раствор для в/м введ 6мг/мл 2,5мл ампулы N 5;Аптека от склада;https://apteka-ot-sklada.ru/catalog?q=%D0%B0%D1%80%D1%82%D1%80%D0%BE%D0%B7%D0%B0%D0%BD;Пермь;426.50 ₽
29-03-2022;;Артрозан тб 15 мг N 10;Аптека от склада;https://apteka-ot-sklada.ru/catalog?q=%D0%B0%D1%80%D1%82%D1%80%D0%BE%D0%B7%D0%B0%D0%BD;Пермь;190.20 ₽
29-03-2022;;Элокс-СОЛОфарм р-р для в/м введ 10мг/мл амп 1,5мл N 5;Аптека от склада;https://apteka-ot-sklada.ru/catalog?q=%D1%8D%D0%BB%D0%BE%D0%BA%D1%81-%D1%81%D0%BE%D0%BB%D0%BE%D1%84%D0%B0%D1%80%D0%BC;Пермь;349.90 ₽
29-03-2022;;Уценен Мовалис раствор для инфузий 15мг ампулы 1,5мл N 5;Аптека от склада;https://apteka-ot-sklada.ru/catalog?q=%D0%BC%D0%BE%D0%B2%D0%B0%D0%BB%D0%B8%D1%81;Пермь;1 164.00 ₽
29-03-2022;;Мовалис раствор для инфузий 15мг ампулы 1,5мл N 3;Аптека от склада;https://apteka-ot-sklada.ru/catalog?q=%D0%BC%D0%BE%D0%B2%D0%B0%D0%BB%D0%B8%D1%81;Пермь;805.40 ₽
29-03-2022;;Мовалис таблетки 7,5мг N 20;Аптека от склада;https://apteka-ot-sklada.ru/catalog?q=%D0%BC%D0%BE%D0%B2%D0%B0%D0%BB%D0%B8%D1%81;Пермь;754.00 ₽
29-03-2022;;Мовалис раствор для инфузий 15мг ампулы 1,5мл N 5;Аптека от склада;https://apteka-ot-sklada.ru/catalog?q=%D0%BC%D0%BE%D0%B2%D0%B0%D0%BB%D0%B8%D1%81;Пермь;1 298.00 ₽
29-03-2022;;Мовалис таблетки 15мг N 10;Аптека от склада;https://apteka-ot-sklada.ru/catalog?q=%D0%BC%D0%BE%D0%B2%D0%B0%D0%BB%D0%B8%D1%81;Пермь;740.70 ₽
29-03-2022;;Мовалис таблетки 15мг N 20;Аптека от склада;https://apteka-ot-sklada.ru/catalog?q=%D0%BC%D0%BE%D0%B2%D0%B0%D0%BB%D0%B8%D1%81;Пермь;795.20 ₽
29-03-2022;;Генитрон р-р для в/м введ 10мг/мл амп 1,5мл N 5;Аптека от склада;https://apteka-ot-sklada.ru/catalog?q=%D0%B3%D0%B5%D0%BD%D0%B8%D1%82%D1%80%D0%BE%D0%BD;Пермь;577.10 ₽
29-03-2022;;Мелофлекс Ромфарм р-р 10 мг/мл 1,5 мл амп N 3;Аптека от склада;https://apteka-ot-sklada.ru/catalog?q=%D0%BC%D0%B5%D0%BB%D0%BE%D1%84%D0%BB%D0%B5%D0%BA%D1%81;Пермь;438.60 ₽
29-03-2022;;Мелофлекс Ромфарм р-р 10 мг/мл 1,5 мл амп N 5;Аптека от склада;https://apteka-ot-sklada.ru/catalog?q=%D0%BC%D0%B5%D0%BB%D0%BE%D1%84%D0%BB%D0%B5%D0%BA%D1%81;Пермь;874.20 ₽
29-03-2022;;Комплекс глюкозамина с хондроитином (ГХК ультра) капс N 90;Аптека от склада;https://apteka-ot-sklada.ru/catalog?q=%D0%B0%D0%BB%D1%84%D1%83%D1%82%D0%BE%D0%BF;Пермь;600.50 ₽
29-03-2022;;Амбене био р-р для инъекц 1мл N 10;Аптека от склада;https://apteka-ot-sklada.ru/catalog?q=%D0%B0%D0%BB%D1%84%D1%83%D1%82%D0%BE%D0%BF;Пермь;1 871.60 ₽
29-03-2022;;Алфлутоп р-р для ин 10мг амп 1мл N 10;Аптека от склада;https://apteka-ot-sklada.ru/catalog?q=%D0%B0%D0%BB%D1%84%D1%83%D1%82%D0%BE%D0%BF;Пермь;2 557.90 ₽
29-03-2022;;Комплекс глюкозамина с хондроитином (ГХК ультра) капс N 90;Аптека от склада;https://apteka-ot-sklada.ru/catalog?q=%D1%85%D0%BE%D0%BD%D0%B4%D1%80%D0%BE%D0%B3%D0%B0%D1%80%D0%B4;Пермь;600.50 ₽
29-03-2022;;Хондролон амп 100мг N 10;Аптека от склада;https://apteka-ot-sklada.ru/catalog?q=%D1%85%D0%BE%D0%BD%D0%B4%D1%80%D0%BE%D0%B3%D0%B0%D1%80%D0%B4;Пермь;757.60 ₽
29-03-2022;;Хондрогард р-р 100мг/мл в/м 1мл амп N 10;Аптека от склада;https://apteka-ot-sklada.ru/catalog?q=%D1%85%D0%BE%D0%BD%D0%B4%D1%80%D0%BE%D0%B3%D0%B0%D1%80%D0%B4;Пермь;1 437.60 ₽
29-03-2022;;Хондрогард р-р в/м введ 100мг/мл 2 мл N 10;Аптека от склада;https://apteka-ot-sklada.ru/catalog?q=%D1%85%D0%BE%D0%BD%D0%B4%D1%80%D0%BE%D0%B3%D0%B0%D1%80%D0%B4;Пермь;2 291.40 ₽
29-03-2022;;Хондрогард р-р в/м введ 100 мг/мл 2 мл N 25;Аптека от склада;https://apteka-ot-sklada.ru/catalog?q=%D1%85%D0%BE%D0%BD%D0%B4%D1%80%D0%BE%D0%B3%D0%B0%D1%80%D0%B4;Пермь;3 890.90 ₽
29-03-2022;;Драстоп адванс тб п/о плен N 30;Аптека от склада;https://apteka-ot-sklada.ru/catalog?q=%D0%B4%D1%80%D0%B0%D1%81%D1%82%D0%BE%D0%BF;Пермь;1 404.00 ₽
29-03-2022;;Мукосат р-р для в/м введ 100мг/мл амп 2мл N 10;Аптека от склада;https://apteka-ot-sklada.ru/catalog?q=%D0%BC%D1%83%D0%BA%D0%BE%D1%81%D0%B0%D1%82;Пермь;1 370.00 ₽
29-03-2022;;Мукосат мазь для наружного применения 5% 30г;Аптека от склада;https://apteka-ot-sklada.ru/catalog?q=%D0%BC%D1%83%D0%BA%D0%BE%D1%81%D0%B0%D1%82;Пермь;300.90 ₽
29-03-2022;;Мукосат капс БАД N 80;Аптека от склада;https://apteka-ot-sklada.ru/catalog?q=%D0%BC%D1%83%D0%BA%D0%BE%D1%81%D0%B0%D1%82;Пермь;1 600.40 ₽
29-03-2022;;Мукосат р-р 10% в/м 2мл амп N 5;Аптека от склада;https://apteka-ot-sklada.ru/catalog?q=%D0%BC%D1%83%D0%BA%D0%BE%D1%81%D0%B0%D1%82;Пермь;768.20 ₽
29-03-2022;;Мукосат р-р 100 мг/мл 1 мл N 10;Аптека от склада;https://apteka-ot-sklada.ru/catalog?q=%D0%BC%D1%83%D0%BA%D0%BE%D1%81%D0%B0%D1%82;Пермь;897.50 ₽
29-03-2022;;Мукосат р-р для в/м введ 100мг/мл амп 2 мл N 25;Аптека от склада;https://apteka-ot-sklada.ru/catalog?q=%D0%BC%D1%83%D0%BA%D0%BE%D1%81%D0%B0%D1%82;Пермь;2 986.20 ₽
29-03-2022;;Мукосат таб шипучие со вкусом ананаса БАД N 20;Аптека от склада;https://apteka-ot-sklada.ru/catalog?q=%D0%BC%D1%83%D0%BA%D0%BE%D1%81%D0%B0%D1%82;Пермь;962.10 ₽
29-03-2022;;Мукосат таб шипучие со вкусом апельсина БАД N 20;Аптека от склада;https://apteka-ot-sklada.ru/catalog?q=%D0%BC%D1%83%D0%BA%D0%BE%D1%81%D0%B0%D1%82;Пермь;962.20 ₽
29-03-2022;;Мукосат таб шипучие со вкусом клубники БАД N 20;Аптека от склада;https://apteka-ot-sklada.ru/catalog?q=%D0%BC%D1%83%D0%BA%D0%BE%D1%81%D0%B0%D1%82;Пермь;962.20 ₽
29-03-2022;;Мукосат таб шипучие со вкусом манго БАД N 20;Аптека от склада;https://apteka-ot-sklada.ru/catalog?q=%D0%BC%D1%83%D0%BA%D0%BE%D1%81%D0%B0%D1%82;Пермь;948.60 ₽
29-03-2022;;Уценен Мукосат р-р д/в/м введ 100мг/мл амп 2 мл N 25;Аптека от склада;https://apteka-ot-sklada.ru/catalog?q=%D0%BC%D1%83%D0%BA%D0%BE%D1%81%D0%B0%D1%82;Пермь;2 627.00 ₽
29-03-2022;;Комплекс глюкозамина с хондроитином (ГХК ультра) капс N 90;Аптека от склада;https://apteka-ot-sklada.ru/catalog?q=%D1%80%D1%83%D0%BC%D0%B0%D0%BB%D0%BE%D0%BD;Пермь;600.50 ₽
29-03-2022;;Амбене био р-р для инъекц 1мл N 10;Аптека от склада;https://apteka-ot-sklada.ru/catalog?q=%D1%80%D1%83%D0%BC%D0%B0%D0%BB%D0%BE%D0%BD;Пермь;1 871.60 ₽
29-03-2022;;Румалон амп 1мл N 10;Аптека от склада;https://apteka-ot-sklada.ru/catalog?q=%D1%80%D1%83%D0%BC%D0%B0%D0%BB%D0%BE%D0%BD;Пермь;2 237.40 ₽
29-03-2022;;Румалон амп 1мл N 25;Аптека от склада;https://apteka-ot-sklada.ru/catalog?q=%D1%80%D1%83%D0%BC%D0%B0%D0%BB%D0%BE%D0%BD;Пермь;3 897.50 ₽
29-03-2022;;Дона пор пак 1.5г N 20;Аптека от склада;https://apteka-ot-sklada.ru/catalog?q=%D0%B4%D0%BE%D0%BD%D0%B0;Пермь;2 530.60 ₽
29-03-2022;;Дона р-р для и в/м 400мг амп 2мл + раств-ль амп 1мл N 6;Аптека от склада;https://apteka-ot-sklada.ru/catalog?q=%D0%B4%D0%BE%D0%BD%D0%B0;Пермь;2 110.00 ₽
29-03-2022;;Дона тбл 750мг N180;Аптека от склада;https://apteka-ot-sklada.ru/catalog?q=%D0%B4%D0%BE%D0%BD%D0%B0;Пермь;3 503.30 ₽
29-03-2022;;Дона тб п/о плен 750 мг N 60;Аптека от склада;https://apteka-ot-sklada.ru/catalog?q=%D0%B4%D0%BE%D0%BD%D0%B0;Пермь;2 052.50 ₽
29-03-2022;;Инъектран р-р для в/м введ 100мг/мл 2мл амп N 10;Аптека от склада;https://apteka-ot-sklada.ru/catalog?q=%D0%B8%D0%BD%D1%8A%D0%B5%D0%BA%D1%82%D1%80%D0%B0%D0%BD;Пермь;1 563.50 ₽
29-03-2022;;Артогистан р-р 100мг/мл амп 2 мл N 10;Аптека от склада;https://apteka-ot-sklada.ru/catalog?q=%D0%B8%D0%BD%D1%8A%D0%B5%D0%BA%D1%82%D1%80%D0%B0%D0%BD;Пермь;1 166.10 ₽
29-03-2022;;Хондролон амп 100мг N 10;Аптека от склада;https://apteka-ot-sklada.ru/catalog?q=%D1%85%D0%BE%D0%BD%D0%B4%D1%80%D0%BE%D0%BB%D0%BE%D0%BD;Пермь;757.60 ₽
29-03-2022;;Хондролон амп 100мг N 10;Аптека от склада;https://apteka-ot-sklada.ru/catalog?q=%D1%85%D0%BE%D0%BD%D0%B4%D1%80%D0%BE%D0%BB%D0%BE%D0%BD;Пермь;757.60 ₽
29-03-2022;;Артогистан р-р для в/м введ 100мг/мл амп 1мл N 10;Аптека от склада;https://apteka-ot-sklada.ru/catalog?q=%D0%B0%D1%80%D1%82%D0%BE%D0%B3%D0%B8%D1%81%D1%82%D0%B0%D0%BD;Пермь;620.80 ₽
29-03-2022;;Артогистан р-р 100мг/мл амп 2 мл N 10;Аптека от склада;https://apteka-ot-sklada.ru/catalog?q=%D0%B0%D1%80%D1%82%D0%BE%D0%B3%D0%B8%D1%81%D1%82%D0%B0%D0%BD;Пермь;1 166.10 ₽
29-03-2022;;Сустагард артро порошок для приготовления р-ра для приема внутрь 1,5г пак N 20;Аптека от склада;https://apteka-ot-sklada.ru/catalog?q=%D1%81%D1%83%D1%81%D1%82%D0%B0%D0%B3%D0%B0%D1%80%D0%B4;Пермь;977.20 ₽
29-03-2022;;Артрадол лиоф для приготовления р-ра в/м 100мг амп N 20;Аптека от склада;https://apteka-ot-sklada.ru/catalog?q=%D0%B0%D1%80%D1%82%D1%80%D0%B0%D0%B4%D0%BE%D0%BB;Пермь;1 452.60 ₽
29-03-2022;;Артрадол лиоф для приготовления р-ра в/м 100мг амп N 10;Аптека от склада;https://apteka-ot-sklada.ru/catalog?q=%D0%B0%D1%80%D1%82%D1%80%D0%B0%D0%B4%D0%BE%D0%BB;Пермь;785.20 ₽
29-03-2022;;Комплекс глюкозамина с хондроитином (ГХК ультра) капс N 90;Аптека от склада;https://apteka-ot-sklada.ru/catalog?q=%D1%85%D0%BE%D0%BD%D0%B4%D1%80%D0%BE%D0%B8%D1%82%D0%B8%D0%BD%D0%B0;Пермь;600.50 ₽
29-03-2022;;Хондроитин & Глюкозамин гель-бальзам для тела согревающий 75мл;Аптека от склада;https://apteka-ot-sklada.ru/catalog?q=%D1%85%D0%BE%D0%BD%D0%B4%D1%80%D0%BE%D0%B8%D1%82%D0%B8%D0%BD%D0%B0;Пермь;99.00 ₽
29-03-2022;;Хондроитин Вертекс капс 250мг N 50;Аптека от склада;https://apteka-ot-sklada.ru/catalog?q=%D1%85%D0%BE%D0%BD%D0%B4%D1%80%D0%BE%D0%B8%D1%82%D0%B8%D0%BD%D0%B0;Пермь;857.00 ₽
29-03-2022;;В.Дикуль Акулий хондроитин Форте крем для тела 125мл;Аптека от склада;https://apteka-ot-sklada.ru/catalog?q=%D1%85%D0%BE%D0%BD%D0%B4%D1%80%D0%BE%D0%B8%D1%82%D0%B8%D0%BD%D0%B0;Пермь;180.30 ₽
29-03-2022;;Солгар глюкозамин-хондроитин плюс тб N 75;Аптека от склада;https://apteka-ot-sklada.ru/catalog?q=%D1%85%D0%BE%D0%BD%D0%B4%D1%80%D0%BE%D0%B8%D1%82%D0%B8%D0%BD%D0%B0;Пермь;3 120.90 ₽
29-03-2022;;Хондроредактор глина косметическая хондроитин 100 г;Аптека от склада;https://apteka-ot-sklada.ru/catalog?q=%D1%85%D0%BE%D0%BD%D0%B4%D1%80%D0%BE%D0%B8%D1%82%D0%B8%D0%BD%D0%B0;Пермь;68.70 ₽
29-03-2022;;Хондроитин Вертекс гель 5% 30г;Аптека от склада;https://apteka-ot-sklada.ru/catalog?q=%D1%85%D0%BE%D0%BD%D0%B4%D1%80%D0%BE%D0%B8%D1%82%D0%B8%D0%BD%D0%B0;Пермь;279.00 ₽
29-03-2022;;Акулий жир (хондроитин и глюкозамин) гель-бальзам для тела 125мл;Аптека от склада;https://apteka-ot-sklada.ru/catalog?q=%D1%85%D0%BE%D0%BD%D0%B4%D1%80%D0%BE%D0%B8%D1%82%D0%B8%D0%BD%D0%B0;Пермь;128.00 ₽
29-03-2022;;Лошадиное здоровье (осетровый хондроитин и акулий хрящ) крем для тела 200мл;Аптека от склада;https://apteka-ot-sklada.ru/catalog?q=%D1%85%D0%BE%D0%BD%D0%B4%D1%80%D0%BE%D0%B8%D1%82%D0%B8%D0%BD%D0%B0;Пермь;230.40 ₽
29-03-2022;;Акулья сила Акулий жир гель для тела разогревающий живокост/муравьиная кислота/хондроитин 75мл;Аптека от склада;https://apteka-ot-sklada.ru/catalog?q=%D1%85%D0%BE%D0%BD%D0%B4%D1%80%D0%BE%D0%B8%D1%82%D0%B8%D0%BD%D0%B0;Пермь;239.70 ₽
29-03-2022;;Крем-бальзам Живокост с хондроитином для тела 100мл;Аптека от склада;https://apteka-ot-sklada.ru/catalog?q=%D1%85%D0%BE%D0%BD%D0%B4%D1%80%D0%BE%D0%B8%D1%82%D0%B8%D0%BD%D0%B0;Пермь;160.40 ₽
29-03-2022;;Глюкозамин 500+Хондроитин 500 тб N 30;Аптека от склада;https://apteka-ot-sklada.ru/catalog?q=%D1%85%D0%BE%D0%BD%D0%B4%D1%80%D0%BE%D0%B8%D1%82%D0%B8%D0%BD%D0%B0;Пермь;496.90 ₽
29-03-2022;;Хонсат р-р в/м введ 100мг/мл 2мл N 10;Аптека от склада;https://apteka-ot-sklada.ru/catalog?q=%D1%85%D0%BE%D0%BD%D1%81%D0%B0%D1%82;Пермь;1 450.00 ₽
29-03-2022;;Хонсат р-р в/м введ 100мг/мл 2мл N 5;Аптека от склада;https://apteka-ot-sklada.ru/catalog?q=%D1%85%D0%BE%D0%BD%D1%81%D0%B0%D1%82;Пермь;739.20 ₽
29-03-2022;;Хонсат р-р в/м введ 100мг/мл 1мл N 10;Аптека от склада;https://apteka-ot-sklada.ru/catalog?q=%D1%85%D0%BE%D0%BD%D1%81%D0%B0%D1%82;Пермь;804.20 ₽
29-03-2022;;Хондроксид мазь 5% 30г;Аптека от склада;https://apteka-ot-sklada.ru/catalog?q=%D1%85%D0%BE%D0%BD%D0%B4%D1%80%D0%BE%D0%BA%D1%81%D0%B8%D0%B4;Пермь;427.50 ₽
29-03-2022;;Хондроксид гель 5% 30г;Аптека от склада;https://apteka-ot-sklada.ru/catalog?q=%D1%85%D0%BE%D0%BD%D0%B4%D1%80%D0%BE%D0%BA%D1%81%D0%B8%D0%B4;Пермь;476.40 ₽
29-03-2022;;Остеоколл имплантат коллаген-содержащий для периартикуляр введ фл 2 мл N 5;Аптека от склада;https://apteka-ot-sklada.ru/catalog?q=%D0%BE%D1%81%D1%82%D0%B5%D0%BE%D0%BA%D0%BE%D0%BB%D0%BB;Пермь;4 044.00 ₽
29-03-2022;;Плексатрон имплантат коллаген-содержащий для внутрисустовного/периартикулярного введения фл 2мл N 5;Аптека от склада;https://apteka-ot-sklada.ru/catalog?q=%D0%BF%D0%BB%D0%B5%D0%BA%D1%81%D0%BE%D1%82%D1%80%D0%BE%D0%BD;Пермь;4 038.10 ₽
29-03-2022;;Детрагель (гепарин натрия) гель 40 г;Аптека от склада;https://apteka-ot-sklada.ru/catalog?q=%D1%82%D1%80%D0%B0%D1%83%D0%BC%D0%B5%D0%BB%D1%8C;Пермь;573.70 ₽
29-03-2022;;Траумель С амп 2.2мл N 5;Аптека от склада;https://apteka-ot-sklada.ru/catalog?q=%D1%82%D1%80%D0%B0%D1%83%D0%BC%D0%B5%D0%BB%D1%8C;Пермь;1 004.80 ₽
29-03-2022;;Траумель С капли фл 30мл;Аптека от склада;https://apteka-ot-sklada.ru/catalog?q=%D1%82%D1%80%D0%B0%D1%83%D0%BC%D0%B5%D0%BB%D1%8C;Пермь;711.50 ₽
29-03-2022;;Траумель С мазь 50г;Аптека от склада;https://apteka-ot-sklada.ru/catalog?q=%D1%82%D1%80%D0%B0%D1%83%D0%BC%D0%B5%D0%BB%D1%8C;Пермь;707.10 ₽
29-03-2022;;Траумель С таблетки для рассасывания гомеопатические N 50;Аптека от склада;https://apteka-ot-sklada.ru/catalog?q=%D1%82%D1%80%D0%B0%D1%83%D0%BC%D0%B5%D0%BB%D1%8C;Пермь;577.50 ₽
29-03-2022;;Траумель С амп 2,2мл N 100;Аптека от склада;https://apteka-ot-sklada.ru/catalog?q=%D1%82%D1%80%D0%B0%D1%83%D0%BC%D0%B5%D0%BB%D1%8C;Пермь;16 251.50 ₽
