Дата;Наименование препарата как у нас;Наименование препарата как у аптеки;Наименование АС;Ссылка на препарат;Город;Цена
29-03-2022;;Армавискон плюс средство для внутрисуставного введения 1,5% 2 мл 1 шт. шприц;АптекаРу;https://apteka.ru/product/armaviskon-plyus-sredstvo-dlya-vnutrisustavnogo-vvedeniya-15-2ml-n1-shpricz-5e32647dca7bdc000192b092/;Москва;8 619
29-03-2022;;Армавискон форте средство для внутрисуставного введения 2,3% 3 мл 1 шт. шприц;АптекаРу;https://apteka.ru/product/armaviskon-forte-sredstvo-dlya-vnutrisustavnogo-vvedeniya-23-3ml-n1-shpricz-5e3267c165b5ab0001650e1b/;Москва;19 163
29-03-2022;;Армавискон хондро протез синовиальной жидкости 3 мл 1 шт. шприц;АптекаРу;https://apteka.ru/product/armaviskon-xondro-protez-sinovialnoj-zhidkosti-3ml-n1-shpricz-610aa73f010f1c2949d0201e/;Москва;13 878
29-03-2022;;Гиалуром 1,5% 2 мл 1 шт. шприц раствор для внутрисуставного введения;АптекаРу;https://apteka.ru/product/gialurom-15-2ml-n1-shpricz-r-r-vsustav-5e3263d765b5ab000164f15b/;Москва;9 213
29-03-2022;;Гиалуром cs протез син жидк 0,06/3 мл+0,09/3 мл 1 шт. шпр;АптекаРу;https://apteka.ru/product/gialurom-cs-protez-sin-zhidk-0063ml0093ml-n1shpr-5e327152ca7bdc00019313f9/;Москва;16 782
29-03-2022;;Дьюралан 0,06/3 мл имплантат вязкоупруг 1 шт. шприц;АптекаРу;https://apteka.ru/product/dyuralan-0063ml-implantat-vyazkouprug-n1-shpricz-5e327845f5a9ae0001410081/?q=%D0%94%D1%8C%D1%8E%D1%80%D0%B0%D0%BB%D0%B0%D0%BD;Москва;20 621
29-03-2022;;Инъектран 100 мг/мл раствор для внутримышечного введения 2 мл ампулы 10 шт.;АптекаРу;https://apteka.ru/product/inektran-01ml-2ml-n10-amp-r-r-vm-5e3276c5f5a9ae000140f182/?q=%D0%98%D0%BD%D1%8A%D0%B5%D0%BA%D1%82%D1%80%D0%B0%D0%BD;Москва;2 677
29-03-2022;;Мелоксикам 10 мг/мл раствор для внутримышечного введения 1,5 мл ампулы 5 шт.;АптекаРу;https://apteka.ru/product/meloksikam-001ml-15ml-n3-amp-r-r-vmfkp-kurskaya-biofabrika-5fa11acb7c9fdd0001c3faf3/;Москва;880
29-03-2022;;Мукосат 100 мг/мл раствор для внутримышечного введения для внутрисуставного введения 1 мл ампулы 10 шт.;АптекаРу;https://apteka.ru/product/mukosat-01ml-1ml-n10-amp-r-r-vm-vsustavn-5e327261f5a9ae000140cfc3/;Москва;1 037
29-03-2022;;Остеоколл (osteocoll) имплантат коллаген-содержащий для периартикулярного введ 2 мл 5 шт. флакон;АптекаРу;https://apteka.ru/product/osteokoll-osteocoll-implantat-kollagen-soderzhashhij-dlya-periartikulyarnogo-vved-2ml-n5-flak-5fe1b9314d2c6918dc435fc4/?q=%D0%9E%D1%81%D1%82%D0%B5%D0%BE%D0%BA%D0%BE%D0%BB%D0%BB;Москва;5 969
29-03-2022;;Остеоколл (osteocoll) имплантат коллаген-содержащий для периартикулярного введ 2 мл 5 шт. флакон;АптекаРу;https://apteka.ru/product/osteokoll-osteocoll-implantat-kollagen-soderzhashhij-dlya-periartikulyarnogo-vved-2ml-n5-flak-5fe1b9314d2c6918dc435fc4/?q=%D0%9E%D1%81%D1%82%D0%B5%D0%BE%D0%BA%D0%BE%D0%BB%D0%BB;Москва;5 969
29-03-2022;;Остеоколл (osteocoll) имплантат коллаген-содержащий для периартикулярного введ 2 мл 5 шт. флакон;АптекаРу;https://apteka.ru/product/osteokoll-osteocoll-implantat-kollagen-soderzhashhij-dlya-periartikulyarnogo-vved-2ml-n5-flak-5fe1b9314d2c6918dc435fc4/?q=%D0%9E%D1%81%D1%82%D0%B5%D0%BE%D0%BA%D0%BE%D0%BB%D0%BB;Москва;5 969
29-03-2022;;Рипарт лонг средство для замещения синовиальной жидкости 3 мл 1 шт. шприц;АптекаРу;https://apteka.ru/product/ripart-long-sredstvo-dlya-zameshheniya-sinovialnoj-zhidkosti-3ml-n1-shpricz-5e32643a65b5ab000164f43a/;Москва;18 303
29-03-2022;;Рипарт форте средство для замещения синовиальной жидкости 3 мл 1 шт. шприц;АптекаРу;https://apteka.ru/product/ripart-forte-sredstvo-dlya-zameshheniya-sinovialnoj-zhidkosti-3ml-n1-shpricz-5fbf90cdc894b90001bf7f61/?q=%D0%A0%D0%B8%D0%BF%D0%B0%D1%80%D1%82%20%D1%84%D0%BE%D1%80%D1%82%D0%B5;Москва;10 017
29-03-2022;;Рипарт форте средство для замещения синовиальной жидкости 3 мл 1 шт. шприц;АптекаРу;https://apteka.ru/product/ripart-forte-sredstvo-dlya-zameshheniya-sinovialnoj-zhidkosti-3ml-n1-shpricz-5fbf90cdc894b90001bf7f61/?q=%D0%A0%D0%B8%D0%BF%D0%B0%D1%80%D1%82%20%D1%84%D0%BE%D1%80%D1%82%D0%B5;Москва;10 017
29-03-2022;;Траумель с раствор для внутримышечного введения околосуставного введения гомеопатический 2,2 мл ампулы 5 шт.;АптекаРу;https://apteka.ru/product/traumel-s-22ml-n5-amp-r-r-vm-okolosustav-gomeopat-5e32683765b5ab00016511d2/;Москва;1 031
29-03-2022;;Хронотрон имплантант инъекционный в виде геля на основе полинуклеотидов для внутрисуставного введения 20 мг/мл 2 мл 1 шт. шприц;АптекаРу;https://apteka.ru/product/xronotron-implantant-inekczionnyj-v-vide-gelya-na-osnove-polinukleotidov-dlya-vnutrisustavnogo-vvedeniya-20mgml-2ml-n1-shpricz-5e9d611282197f00010ed7e7/?q=%D0%A5%D1%80%D0%BE%D0%BD%D0%BE%D1%82%D1%80%D0%BE%D0%BD;Москва;13 863
29-03-2022;;Хиалубрикс 30 мг/2 мл раствор д/внутрисуст введ 1 шт.;АптекаРу;https://apteka.ru/product/xialubriks-30mg2ml-r-r--dvnutrisust-vved-n1-5e32717cca7bdc0001931541/?suggestion=%D1%85%D0%B8%D0%B0%D0%BB%D1%83%D0%B1%D1%80%D0%B8%D0%BA%D1%81&q=%D0%A5%D0%B0%D0%B9%D0%BB%D1%83%D0%B1%D1%80%D0%B8%D0%BA%D1%81;Москва;9 937
29-03-2022;;Интраджект средство для замещения синовиальной жидкости 1,8% 2 мл 1 шт. шприц;АптекаРу;https://apteka.ru/product/intradzhekt-sredstvo-dlya-zameshheniya-sinovialnoj-zhidkosti-18-2ml-n1-shpricz-604b3469d07d75eed705f6ae/?q=%D0%98%D0%BD%D1%82%D1%80%D0%B0%D0%B4%D0%B6%D0%B5%D0%BA%D1%82;Москва;11 111
