Дата;Наименование препарата как у нас;Наименование препарата как у аптеки;Наименование АС;Ссылка на препарат;Город;Цена
29-03-2022;;Тонометр MediTech MT-30 автомат с адапт;Фармакопейка;https://farmakopeika.ru/search?query=%D0%B0%D0%B4%D0%B0%D0%BD%D1%82;Омск;от 3000.00
29-03-2022;;БиВелл Тонометр PRO-33 автомат с адапт манж р.M/L;Фармакопейка;https://farmakopeika.ru/search?query=%D0%B0%D0%B4%D0%B0%D0%BD%D1%82;Омск;от 1925.20
29-03-2022;;Тонометр UA-777AC автомат с адапт манжета р.М 22-32см;Фармакопейка;https://farmakopeika.ru/search?query=%D0%B0%D0%B4%D0%B0%D0%BD%D1%82;Омск;от 3306.20
29-03-2022;;Омрон Тонометр M2 Базик автомат с адапт HEM-7121-ARU;Фармакопейка;https://farmakopeika.ru/search?query=%D0%B0%D0%B4%D0%B0%D0%BD%D1%82;Омск;от 2686.40
29-03-2022;;БиВелл Тонометр PRO-35 автомат с адапт манж р.M/L;Фармакопейка;https://farmakopeika.ru/search?query=%D0%B0%D0%B4%D0%B0%D0%BD%D1%82;Омск;от 2155.50
29-03-2022;;Омрон Тонометр M3 Эксперт автомат с адапт + универс манжета HEM-7132-ALRU;Фармакопейка;https://farmakopeika.ru/search?query=%D0%B0%D0%B4%D0%B0%D0%BD%D1%82;Омск;от 5366.60
29-03-2022;;Омрон Тонометр M2 Базик автомат с адапт + универс манжета HEM-7121-ALRU;Фармакопейка;https://farmakopeika.ru/search?query=%D0%B0%D0%B4%D0%B0%D0%BD%D1%82;Омск;от 3186.80
29-03-2022;;Армавискон 1% средство в/суст 2мл шпр №1;Фармакопейка;https://farmakopeika.ru/search?query=%D0%B0%D1%80%D0%BC%D0%B0%D0%B2%D0%B8%D1%81%D0%BA%D0%BE%D0%BD;Омск;от 5650.70
29-03-2022;;Армавискон Плюс 1,5% средство в/суст 2мл шпр №1;Фармакопейка;https://farmakopeika.ru/search?query=%D0%B0%D1%80%D0%BC%D0%B0%D0%B2%D0%B8%D1%81%D0%BA%D0%BE%D0%BD;Омск;от 7192.00
29-03-2022;;Армавискон Форте 2,3% средство в/суст 3мл шпр №1;Фармакопейка;https://farmakopeika.ru/search?query=%D0%B0%D1%80%D0%BC%D0%B0%D0%B2%D0%B8%D1%81%D0%BA%D0%BE%D0%BD;Омск;от 15612.00
29-03-2022;;Геморрекс 250мг супп рект №10;Фармакопейка;https://farmakopeika.ru/search?query=%D0%B0%D1%82%D1%80%D0%B8+%D0%B8%D0%BD%D0%B6;Омск;от 373.00
29-03-2022;;Биопрост супп рект №10;Фармакопейка;https://farmakopeika.ru/search?query=%D0%B1%D0%B8%D0%BE%D0%BF%D0%BE%D1%80%D1%82;Омск;от 652.30
29-03-2022;;Драже Вечернее Биокор №60;Фармакопейка;https://farmakopeika.ru/search?query=%D0%B1%D0%B8%D0%BE%D0%BF%D0%BE%D1%80%D1%82;Омск;от 81.90
29-03-2022;;ВИШИ Лифтактив Экспресс-маска гиалурон 50мл;Фармакопейка;https://farmakopeika.ru/search?query=%D0%B3%D0%B8%D0%B0%D0%BB%D0%BE%D0%BD;Омск;от 2919.40
29-03-2022;;Либридерм Гиалурон Пенка д/умыв 160мл;Фармакопейка;https://farmakopeika.ru/search?query=%D0%B3%D0%B8%D0%B0%D0%BB%D0%BE%D0%BD;Омск;от 501.70
29-03-2022;;Либридерм Гиалурон Крем д/лица/шеи/декольте увлажн 50мл;Фармакопейка;https://farmakopeika.ru/search?query=%D0%B3%D0%B8%D0%B0%D0%BB%D0%BE%D0%BD;Омск;от 722.30
29-03-2022;;СКИН-АКТИВ Крем д/лица с гиалурон к-той 75мл;Фармакопейка;https://farmakopeika.ru/search?query=%D0%B3%D0%B8%D0%B0%D0%BB%D0%BE%D0%BD;Омск;от 339.40
29-03-2022;;Новосвит AquaBase Крем-праймер д/лица гиалурон от глуб/морщин 50мл;Фармакопейка;https://farmakopeika.ru/search?query=%D0%B3%D0%B8%D0%B0%D0%BB%D0%BE%D0%BD;Омск;от 190.90
29-03-2022;;Новосвит Aquafiller Гиалурон Крем-филлер д/кожи вокруг глаз 20мл;Фармакопейка;https://farmakopeika.ru/search?query=%D0%B3%D0%B8%D0%B0%D0%BB%D0%BE%D0%BD;Омск;от 122.70
29-03-2022;;Новосвит Гель-филлер 3D гиалур к-та усил увлажн 30мл;Фармакопейка;https://farmakopeika.ru/search?query=%D0%B3%D0%B8%D0%B0%D0%BB%D0%BE%D0%BD;Омск;от 242.30
29-03-2022;;Holika Holika 3sec Starter Hyaluronic Acid Сыворотка гиалурон 150мл;Фармакопейка;https://farmakopeika.ru/search?query=%D0%B3%D0%B8%D0%B0%D0%BB%D0%BE%D0%BD;Омск;от 806.00
29-03-2022;;Новосвит Aquaboost Гиалурон Желе д/лица от морщин ночн 50мл;Фармакопейка;https://farmakopeika.ru/search?query=%D0%B3%D0%B8%D0%B0%D0%BB%D0%BE%D0%BD;Омск;от 164.90
29-03-2022;;Новосвит Пенка д/умыв д/сн макияжа и ВВ крема гиалурон 160мл;Фармакопейка;https://farmakopeika.ru/search?query=%D0%B3%D0%B8%D0%B0%D0%BB%D0%BE%D0%BD;Омск;от 222.80
29-03-2022;;Гилан Комфорт капли гл увлажн 10мл фл №1;Фармакопейка;https://farmakopeika.ru/search?query=%D0%B3%D0%B8%D0%B0%D0%BB%D0%BE%D0%BD;Омск;от 575.00
29-03-2022;;Ла Рош-Позе Гиалу B5 Крем-уход против морщин 40мл;Фармакопейка;https://farmakopeika.ru/search?query=%D0%B3%D0%B8%D0%B0%D0%BB%D0%BE%D0%BD;Омск;от 2178.50
29-03-2022;;ВИШИ Лифтактив Экспресс-маска гиалурон 50мл;Фармакопейка;https://farmakopeika.ru/search?query=%D0%B3%D0%B8%D0%B0%D0%BB%D0%BE%D0%BD;Омск;от 2919.40
29-03-2022;;Либридерм Гиалурон Пенка д/умыв 160мл;Фармакопейка;https://farmakopeika.ru/search?query=%D0%B3%D0%B8%D0%B0%D0%BB%D0%BE%D0%BD;Омск;от 501.70
29-03-2022;;Либридерм Гиалурон Крем д/лица/шеи/декольте увлажн 50мл;Фармакопейка;https://farmakopeika.ru/search?query=%D0%B3%D0%B8%D0%B0%D0%BB%D0%BE%D0%BD;Омск;от 722.30
29-03-2022;;СКИН-АКТИВ Крем д/лица с гиалурон к-той 75мл;Фармакопейка;https://farmakopeika.ru/search?query=%D0%B3%D0%B8%D0%B0%D0%BB%D0%BE%D0%BD;Омск;от 339.40
29-03-2022;;Новосвит AquaBase Крем-праймер д/лица гиалурон от глуб/морщин 50мл;Фармакопейка;https://farmakopeika.ru/search?query=%D0%B3%D0%B8%D0%B0%D0%BB%D0%BE%D0%BD;Омск;от 190.90
29-03-2022;;Новосвит Aquafiller Гиалурон Крем-филлер д/кожи вокруг глаз 20мл;Фармакопейка;https://farmakopeika.ru/search?query=%D0%B3%D0%B8%D0%B0%D0%BB%D0%BE%D0%BD;Омск;от 122.70
29-03-2022;;Новосвит Гель-филлер 3D гиалур к-та усил увлажн 30мл;Фармакопейка;https://farmakopeika.ru/search?query=%D0%B3%D0%B8%D0%B0%D0%BB%D0%BE%D0%BD;Омск;от 242.30
29-03-2022;;Holika Holika 3sec Starter Hyaluronic Acid Сыворотка гиалурон 150мл;Фармакопейка;https://farmakopeika.ru/search?query=%D0%B3%D0%B8%D0%B0%D0%BB%D0%BE%D0%BD;Омск;от 806.00
29-03-2022;;Новосвит Aquaboost Гиалурон Желе д/лица от морщин ночн 50мл;Фармакопейка;https://farmakopeika.ru/search?query=%D0%B3%D0%B8%D0%B0%D0%BB%D0%BE%D0%BD;Омск;от 164.90
29-03-2022;;Новосвит Пенка д/умыв д/сн макияжа и ВВ крема гиалурон 160мл;Фармакопейка;https://farmakopeika.ru/search?query=%D0%B3%D0%B8%D0%B0%D0%BB%D0%BE%D0%BD;Омск;от 222.80
29-03-2022;;Гилан Комфорт капли гл увлажн 10мл фл №1;Фармакопейка;https://farmakopeika.ru/search?query=%D0%B3%D0%B8%D0%B0%D0%BB%D0%BE%D0%BD;Омск;от 575.00
29-03-2022;;Ла Рош-Позе Гиалу B5 Крем-уход против морщин 40мл;Фармакопейка;https://farmakopeika.ru/search?query=%D0%B3%D0%B8%D0%B0%D0%BB%D0%BE%D0%BD;Омск;от 2178.50
29-03-2022;;Сустагард Артро 200мг/мл р-р в/м 2мл амп №5 с р-лем;Фармакопейка;https://farmakopeika.ru/search?query=%D0%B3%D0%B8%D0%B0%D0%BB%D1%83%D0%B0%D0%BB%D1%8C+%D0%B0%D1%80%D1%82%D1%80%D0%BE;Омск;от 1249.30
29-03-2022;;Сустагард Артро пор д/приг р-ра д/пр внутрь 1,5г саше №20;Фармакопейка;https://farmakopeika.ru/search?query=%D0%B3%D0%B8%D0%B0%D0%BB%D1%83%D0%B0%D0%BB%D1%8C+%D0%B0%D1%80%D1%82%D1%80%D0%BE;Омск;от 1045.90
29-03-2022;;Гиалуром 1,5% р-р в/суставн 2мл шпр №1;Фармакопейка;https://farmakopeika.ru/search?query=%D0%B3%D0%B8%D0%B0%D0%BB%D1%83%D1%80%D0%BE%D0%BC;Омск;от 6970.80
29-03-2022;;Гиалуром CS р-р в/суставн 3мл шпр №1;Фармакопейка;https://farmakopeika.ru/search?query=%D0%B3%D0%B8%D0%B0%D0%BB%D1%83%D1%80%D0%BE%D0%BC;Омск;от 11905.50
29-03-2022;;Гиалуром 1,5% р-р в/суставн 2мл шпр №1;Фармакопейка;https://farmakopeika.ru/search?query=%D0%B3%D0%B8%D0%B0%D0%BB%D1%83%D1%84%D0%BE%D1%80%D0%BC+%D1%81%D0%B8%D0%BD%D0%BE%D0%B2%D0%B0%D0%BB%D1%8C;Омск;от 6970.80
29-03-2022;;Гиалуром CS р-р в/суставн 3мл шпр №1;Фармакопейка;https://farmakopeika.ru/search?query=%D0%B3%D0%B8%D0%B0%D0%BB%D1%83%D1%84%D0%BE%D1%80%D0%BC+%D1%81%D0%B8%D0%BD%D0%BE%D0%B2%D0%B0%D0%BB%D1%8C;Омск;от 11905.50
29-03-2022;;Гайро 500мг табл п/пл/о №10;Фармакопейка;https://farmakopeika.ru/search?query=%D0%B3%D0%B8%D0%B0%D0%BF%D1%80%D0%BE;Омск;от 492.50
29-03-2022;;Гастал табл д/расс №60;Фармакопейка;https://farmakopeika.ru/search?query=%D0%B3%D0%B8%D0%B0%D1%81%D1%82%D0%B0%D1%82;Омск;от 693.20
29-03-2022;;Гастал табл д/рассас №30;Фармакопейка;https://farmakopeika.ru/search?query=%D0%B3%D0%B8%D0%B0%D1%81%D1%82%D0%B0%D1%82;Омск;от 355.00
29-03-2022;;Гастал табл д/рассас №12;Фармакопейка;https://farmakopeika.ru/search?query=%D0%B3%D0%B8%D0%B0%D1%81%D1%82%D0%B0%D1%82;Омск;от 218.00
29-03-2022;;Диартрин 50мг капс №30;Фармакопейка;https://farmakopeika.ru/search?query=%D0%B4%D0%B8%D0%B0%D1%80%D1%82;Омск;от 782.90
29-03-2022;;Кестин 20мг табл лиоф №10;Фармакопейка;https://farmakopeika.ru/search?query=%D0%BA%D1%80%D0%B5%D1%81%D0%BF%D0%B8%D0%BD;Омск;от 804.90
29-03-2022;;Кестин 10мг табл п/пл/о №10;Фармакопейка;https://farmakopeika.ru/search?query=%D0%BA%D1%80%D0%B5%D1%81%D0%BF%D0%B8%D0%BD;Омск;от 413.00
29-03-2022;;Кестин 10мг табл п/пл/о №5;Фармакопейка;https://farmakopeika.ru/search?query=%D0%BA%D1%80%D0%B5%D1%81%D0%BF%D0%B8%D0%BD;Омск;от 250.00
29-03-2022;;Кестин 20мг табл п/пл/о №10;Фармакопейка;https://farmakopeika.ru/search?query=%D0%BA%D1%80%D0%B5%D1%81%D0%BF%D0%B8%D0%BD;Омск;от 505.90
29-03-2022;;Остенил 20мг/2мл имплантат вн/суст 2мл шпр №1;Фармакопейка;https://farmakopeika.ru/search?query=%D0%BE%D1%81%D1%82%D0%B5%D0%BD%D0%B8%D0%BB;Омск;от 2070.80
29-03-2022;;Полижинакс Вирго эмул интраваг капс №6;Фармакопейка;https://farmakopeika.ru/search?query=%D0%BF%D1%80%D0%BE%D1%84%D0%BB%D0%B5%D0%BA%D1%81+%D0%B8%D0%BD%D1%82%D1%80%D0%B0;Омск;от 434.20
29-03-2022;;Ингарон 100тыс МЕ лиоф д/приг р-ра интраназ фл №1+р-ль вода д/и 5мл;Фармакопейка;https://farmakopeika.ru/search?query=%D0%BF%D1%80%D0%BE%D1%84%D0%BB%D0%B5%D0%BA%D1%81+%D0%B8%D0%BD%D1%82%D1%80%D0%B0;Омск;от 279.50
29-03-2022;;Ревит др №100;Фармакопейка;https://farmakopeika.ru/search?query=%D1%80%D0%B5%D0%B2%D0%B8%D1%81%D0%BA;Омск;от 77.60
29-03-2022;;Рипарт Средство д/замещ синов жидк 3мл шпр №1;Фармакопейка;https://farmakopeika.ru/search?query=%D1%80%D0%B8%D0%BF%D0%B0%D1%80%D1%82;Омск;от 5442.00
29-03-2022;;Рипарт Лонг Средство д/замещ синов жидк 3мл шпр №1;Фармакопейка;https://farmakopeika.ru/search?query=%D1%80%D0%B8%D0%BF%D0%B0%D1%80%D1%82;Омск;от 15552.90
29-03-2022;;Рипарт Форте Средство д/замещ синов жидк 3мл шпр №1;Фармакопейка;https://farmakopeika.ru/search?query=%D1%80%D0%B8%D0%BF%D0%B0%D1%80%D1%82;Омск;от 9068.20
29-03-2022;;Ринонорм Комфорт 0,1мг+5мг/доза спрей наз дозир 10мл/90доз;Фармакопейка;https://farmakopeika.ru/search?query=%D1%81%D0%B8%D0%BD%D0%BE%D0%BA%D0%BE%D1%80%D0%BC;Омск;от 168.70
29-03-2022;;Ферматрон 1% протез синов ж-ти 2мл шпр №1;Фармакопейка;https://farmakopeika.ru/search?query=%D1%84%D0%B5%D1%80%D0%BC%D0%B0%D1%82%D1%80%D0%BE%D0%BD;Омск;от 5036.90
29-03-2022;;Мовалис 15мг табл №20;Фармакопейка;https://farmakopeika.ru/search?query=%D0%BC%D0%BE%D0%B2%D0%B0%D0%BB%D0%B8%D1%81;Омск;от 866.00
29-03-2022;;Мовалис 7,5мг табл №20;Фармакопейка;https://farmakopeika.ru/search?query=%D0%BC%D0%BE%D0%B2%D0%B0%D0%BB%D0%B8%D1%81;Омск;от 690.90
29-03-2022;;Мовалис 15мг табл №10;Фармакопейка;https://farmakopeika.ru/search?query=%D0%BC%D0%BE%D0%B2%D0%B0%D0%BB%D0%B8%D1%81;Омск;от 599.60
29-03-2022;;Мовалис 15мг/1,5мл р-р в/м 1,5мл амп №3;Фармакопейка;https://farmakopeika.ru/search?query=%D0%BC%D0%BE%D0%B2%D0%B0%D0%BB%D0%B8%D1%81;Омск;от 746.70
29-03-2022;;Мовалис 15мг/1,5мл р-р в/м 1,5мл амп №5;Фармакопейка;https://farmakopeika.ru/search?query=%D0%BC%D0%BE%D0%B2%D0%B0%D0%BB%D0%B8%D1%81;Омск;от 1035.90
29-03-2022;;Амелотекс 15мг табл №10;Фармакопейка;https://farmakopeika.ru/search?query=%D0%B0%D0%BC%D0%B5%D0%BB%D0%BE%D1%82%D0%B5%D0%BA%D1%81;Омск;от 203.40
29-03-2022;;Амелотекс 15мг табл №20;Фармакопейка;https://farmakopeika.ru/search?query=%D0%B0%D0%BC%D0%B5%D0%BB%D0%BE%D1%82%D0%B5%D0%BA%D1%81;Омск;от 253.10
29-03-2022;;Амелотекс 7,5мг табл №20;Фармакопейка;https://farmakopeika.ru/search?query=%D0%B0%D0%BC%D0%B5%D0%BB%D0%BE%D1%82%D0%B5%D0%BA%D1%81;Омск;от 189.60
29-03-2022;;Амелотекс 15мг супп рект №6;Фармакопейка;https://farmakopeika.ru/search?query=%D0%B0%D0%BC%D0%B5%D0%BB%D0%BE%D1%82%D0%B5%D0%BA%D1%81;Омск;от 327.00
29-03-2022;;Амелотекс 1% гель д/нар прим 50г;Фармакопейка;https://farmakopeika.ru/search?query=%D0%B0%D0%BC%D0%B5%D0%BB%D0%BE%D1%82%D0%B5%D0%BA%D1%81;Омск;от 321.50
29-03-2022;;Амелотекс 10мг/мл р-р в/м 1,5мл амп №10;Фармакопейка;https://farmakopeika.ru/search?query=%D0%B0%D0%BC%D0%B5%D0%BB%D0%BE%D1%82%D0%B5%D0%BA%D1%81;Омск;от 691.90
29-03-2022;;Амелотекс 10мг/мл р-р в/м 1,5мл амп №3;Фармакопейка;https://farmakopeika.ru/search?query=%D0%B0%D0%BC%D0%B5%D0%BB%D0%BE%D1%82%D0%B5%D0%BA%D1%81;Омск;от 359.10
29-03-2022;;Амелотекс 10мг/мл р-р в/м 1,5мл амп №5;Фармакопейка;https://farmakopeika.ru/search?query=%D0%B0%D0%BC%D0%B5%D0%BB%D0%BE%D1%82%D0%B5%D0%BA%D1%81;Омск;от 435.50
29-03-2022;;Мелоксикам 15мг табл №20;Фармакопейка;https://farmakopeika.ru/search?query=%D0%BC%D0%B5%D0%BB%D0%BE%D0%BA%D1%81%D0%B8%D0%BA%D0%B0%D0%BC;Омск;от 148.60
29-03-2022;;Мелоксикам 7,5мг табл №20;Фармакопейка;https://farmakopeika.ru/search?query=%D0%BC%D0%B5%D0%BB%D0%BE%D0%BA%D1%81%D0%B8%D0%BA%D0%B0%D0%BC;Омск;от 109.30
29-03-2022;;Мелоксикам 10мг/мл р-р в/м 1,5мл амп №3;Фармакопейка;https://farmakopeika.ru/search?query=%D0%BC%D0%B5%D0%BB%D0%BE%D0%BA%D1%81%D0%B8%D0%BA%D0%B0%D0%BC;Омск;от 194.50
29-03-2022;;Мелоксикам-Тева 15мг табл №20;Фармакопейка;https://farmakopeika.ru/search?query=%D0%BC%D0%B5%D0%BB%D0%BE%D0%BA%D1%81%D0%B8%D0%BA%D0%B0%D0%BC;Омск;от 282.50
29-03-2022;;Мелоксикам-Прана 15мг табл №20;Фармакопейка;https://farmakopeika.ru/search?query=%D0%BC%D0%B5%D0%BB%D0%BE%D0%BA%D1%81%D0%B8%D0%BA%D0%B0%D0%BC;Омск;от 89.00
29-03-2022;;Мелоксикам-Прана 7,5мг табл №20;Фармакопейка;https://farmakopeika.ru/search?query=%D0%BC%D0%B5%D0%BB%D0%BE%D0%BA%D1%81%D0%B8%D0%BA%D0%B0%D0%BC;Омск;от 72.60
29-03-2022;;Мелоксикам-Акрихин 7,5мг табл №20;Фармакопейка;https://farmakopeika.ru/search?query=%D0%BC%D0%B5%D0%BB%D0%BE%D0%BA%D1%81%D0%B8%D0%BA%D0%B0%D0%BC;Омск;от 113.50
29-03-2022;;Мелоксикам-Акрихин 15мг табл №20;Фармакопейка;https://farmakopeika.ru/search?query=%D0%BC%D0%B5%D0%BB%D0%BE%D0%BA%D1%81%D0%B8%D0%BA%D0%B0%D0%BC;Омск;от 152.50
29-03-2022;;Мелоксикам-Акрихин 10мг/мл р-р в/м 1,5мл амп №5;Фармакопейка;https://farmakopeika.ru/search?query=%D0%BC%D0%B5%D0%BB%D0%BE%D0%BA%D1%81%D0%B8%D0%BA%D0%B0%D0%BC;Омск;от 537.30
29-03-2022;;Мелофлекс Ромфарм 10мг/мл р-р в/м 1,5мл амп №5;Фармакопейка;https://farmakopeika.ru/search?query=%D0%BC%D0%B5%D0%BB%D0%BE%D0%BA%D1%81%D0%B8%D0%BA%D0%B0%D0%BC;Омск;от 740.00
29-03-2022;;Мелофлекс Ромфарм 10мг/мл р-р в/м 1,5мл амп №3;Фармакопейка;https://farmakopeika.ru/search?query=%D0%BC%D0%B5%D0%BB%D0%BE%D0%BA%D1%81%D0%B8%D0%BA%D0%B0%D0%BC;Омск;от 410.00
29-03-2022;;Амелотекс 1% гель д/нар прим 50г;Фармакопейка;https://farmakopeika.ru/search?query=%D0%BC%D0%B5%D0%BB%D0%BE%D0%BA%D1%81%D0%B8%D0%BA%D0%B0%D0%BC;Омск;от 321.50
29-03-2022;;Артрозан 15мг табл №20;Фармакопейка;https://farmakopeika.ru/search?query=%D0%B0%D1%80%D1%82%D1%80%D0%BE%D0%B7%D0%B0%D0%BD;Омск;от 317.00
29-03-2022;;Артрозан 6мг/мл р-р в/м 2,5мл амп №3;Фармакопейка;https://farmakopeika.ru/search?query=%D0%B0%D1%80%D1%82%D1%80%D0%BE%D0%B7%D0%B0%D0%BD;Омск;от 312.70
29-03-2022;;Артрозан 6мг/мл р-р в/м 2,5мл амп №10;Фармакопейка;https://farmakopeika.ru/search?query=%D0%B0%D1%80%D1%82%D1%80%D0%BE%D0%B7%D0%B0%D0%BD;Омск;от 602.40
29-03-2022;;Мелоксикам 15мг табл №20;Фармакопейка;https://farmakopeika.ru/search?query=%D0%BC%D0%B5%D0%BB%D0%BE%D0%BA%D1%81%D0%B8%D0%BA%D0%B0%D0%BC+%D0%B1%D1%83%D1%84%D1%83%D1%81;Омск;от 148.60
29-03-2022;;Мелоксикам 7,5мг табл №20;Фармакопейка;https://farmakopeika.ru/search?query=%D0%BC%D0%B5%D0%BB%D0%BE%D0%BA%D1%81%D0%B8%D0%BA%D0%B0%D0%BC+%D0%B1%D1%83%D1%84%D1%83%D1%81;Омск;от 109.30
29-03-2022;;Мелоксикам 10мг/мл р-р в/м 1,5мл амп №3;Фармакопейка;https://farmakopeika.ru/search?query=%D0%BC%D0%B5%D0%BB%D0%BE%D0%BA%D1%81%D0%B8%D0%BA%D0%B0%D0%BC+%D0%B1%D1%83%D1%84%D1%83%D1%81;Омск;от 194.50
29-03-2022;;Вода д/инъекций буфус 5мл амп №10;Фармакопейка;https://farmakopeika.ru/search?query=%D0%BC%D0%B5%D0%BB%D0%BE%D0%BA%D1%81%D0%B8%D0%BA%D0%B0%D0%BC+%D0%B1%D1%83%D1%84%D1%83%D1%81;Омск;от 109.50
29-03-2022;;Новокаин буфус 5мг/мл р-р д/и 5мл амп №10;Фармакопейка;https://farmakopeika.ru/search?query=%D0%BC%D0%B5%D0%BB%D0%BE%D0%BA%D1%81%D0%B8%D0%BA%D0%B0%D0%BC+%D0%B1%D1%83%D1%84%D1%83%D1%81;Омск;от 71.50
29-03-2022;;Лидокаин буфус 20мг/мл р-р д/и 2мл амп №10;Фармакопейка;https://farmakopeika.ru/search?query=%D0%BC%D0%B5%D0%BB%D0%BE%D0%BA%D1%81%D0%B8%D0%BA%D0%B0%D0%BC+%D0%B1%D1%83%D1%84%D1%83%D1%81;Омск;от 107.00
29-03-2022;;Новокаин буфус 5мг/мл р-р д/и 10мл амп №10;Фармакопейка;https://farmakopeika.ru/search?query=%D0%BC%D0%B5%D0%BB%D0%BE%D0%BA%D1%81%D0%B8%D0%BA%D0%B0%D0%BC+%D0%B1%D1%83%D1%84%D1%83%D1%81;Омск;от 104.00
29-03-2022;;Лидокаин буфус 100мг/мл р-р д/и 2мл амп №10;Фармакопейка;https://farmakopeika.ru/search?query=%D0%BC%D0%B5%D0%BB%D0%BE%D0%BA%D1%81%D0%B8%D0%BA%D0%B0%D0%BC+%D0%B1%D1%83%D1%84%D1%83%D1%81;Омск;от 121.20
29-03-2022;;Глюкоза буфус 400мг/мл р-р в/в 10мл амп №10;Фармакопейка;https://farmakopeika.ru/search?query=%D0%BC%D0%B5%D0%BB%D0%BE%D0%BA%D1%81%D0%B8%D0%BA%D0%B0%D0%BC+%D0%B1%D1%83%D1%84%D1%83%D1%81;Омск;от 124.70
29-03-2022;;Перекиси водорода буфус 3% р-р 10мл тюб/кап №5;Фармакопейка;https://farmakopeika.ru/search?query=%D0%BC%D0%B5%D0%BB%D0%BE%D0%BA%D1%81%D0%B8%D0%BA%D0%B0%D0%BC+%D0%B1%D1%83%D1%84%D1%83%D1%81;Омск;от 41.50
29-03-2022;;Папаверин буфус 20мг/мл р-р в/в в/м 2мл амп №10;Фармакопейка;https://farmakopeika.ru/search?query=%D0%BC%D0%B5%D0%BB%D0%BE%D0%BA%D1%81%D0%B8%D0%BA%D0%B0%D0%BC+%D0%B1%D1%83%D1%84%D1%83%D1%81;Омск;от 124.60
29-03-2022;;Никотиновая к-та буфус 10мг/мл р-р д/и 1мл амп №10;Фармакопейка;https://farmakopeika.ru/search?query=%D0%BC%D0%B5%D0%BB%D0%BE%D0%BA%D1%81%D0%B8%D0%BA%D0%B0%D0%BC+%D0%B1%D1%83%D1%84%D1%83%D1%81;Омск;от 76.60
29-03-2022;;Мовасин 7,5мг табл №20;Фармакопейка;https://farmakopeika.ru/search?query=%D0%BC%D0%BE%D0%B2%D0%B0%D1%81%D0%B8%D0%BD;Омск;от 89.60
29-03-2022;;Мовасин 15мг табл №20;Фармакопейка;https://farmakopeika.ru/search?query=%D0%BC%D0%BE%D0%B2%D0%B0%D1%81%D0%B8%D0%BD;Омск;от 133.00
29-03-2022;;Мовасин 10мг/мл р-р в/м 1,5мл амп №5;Фармакопейка;https://farmakopeika.ru/search?query=%D0%BC%D0%BE%D0%B2%D0%B0%D1%81%D0%B8%D0%BD;Омск;от 263.40
29-03-2022;;Мовасин 10мг/мл р-р в/м 1,5мл амп №3;Фармакопейка;https://farmakopeika.ru/search?query=%D0%BC%D0%BE%D0%B2%D0%B0%D1%81%D0%B8%D0%BD;Омск;от 186.80
29-03-2022;;Мелофлекс Ромфарм 10мг/мл р-р в/м 1,5мл амп №5;Фармакопейка;https://farmakopeika.ru/search?query=%D0%BC%D0%B5%D0%BB%D0%BE%D1%84%D0%BB%D0%B5%D0%BA%D1%81+%D1%80%D0%BE%D0%BC%D1%84%D0%B0%D1%80%D0%BC;Омск;от 740.00
29-03-2022;;Мелофлекс Ромфарм 10мг/мл р-р в/м 1,5мл амп №3;Фармакопейка;https://farmakopeika.ru/search?query=%D0%BC%D0%B5%D0%BB%D0%BE%D1%84%D0%BB%D0%B5%D0%BA%D1%81+%D1%80%D0%BE%D0%BC%D1%84%D0%B0%D1%80%D0%BC;Омск;от 410.00
29-03-2022;;Алфлутоп р-р д/и 1мл амп №10;Фармакопейка;https://farmakopeika.ru/search?query=%D0%B0%D0%BB%D1%84%D0%BB%D1%83%D1%82%D0%BE%D0%BF;Омск;от 1667.80
29-03-2022;;Алфлутоп р-р д/и 2мл амп №5;Фармакопейка;https://farmakopeika.ru/search?query=%D0%B0%D0%BB%D1%84%D0%BB%D1%83%D1%82%D0%BE%D0%BF;Омск;от 1953.30
29-03-2022;;Хондрогард 100мг/мл р-р в/м 2мл амп №25;Фармакопейка;https://farmakopeika.ru/search?query=%D1%85%D0%BE%D0%BD%D0%B4%D1%80%D0%BE%D0%B3%D0%B0%D1%80%D0%B4;Омск;от 2977.30
29-03-2022;;Хондрогард 100мг/мл р-р в/м 1мл амп №10;Фармакопейка;https://farmakopeika.ru/search?query=%D1%85%D0%BE%D0%BD%D0%B4%D1%80%D0%BE%D0%B3%D0%B0%D1%80%D0%B4;Омск;от 981.80
29-03-2022;;Хондрогард 100мг/мл р-р в/м 2мл амп №10;Фармакопейка;https://farmakopeika.ru/search?query=%D1%85%D0%BE%D0%BD%D0%B4%D1%80%D0%BE%D0%B3%D0%B0%D1%80%D0%B4;Омск;от 1914.80
29-03-2022;;Драстоп Адванс табл п/пл/о №30;Фармакопейка;https://farmakopeika.ru/search?query=%D0%B4%D1%80%D0%B0%D1%81%D1%82%D0%BE%D0%BF;Омск;от 1016.20
29-03-2022;;Драстоп 100мг/мл р-р в/м 2мл амп №10;Фармакопейка;https://farmakopeika.ru/search?query=%D0%B4%D1%80%D0%B0%D1%81%D1%82%D0%BE%D0%BF;Омск;от 1326.40
29-03-2022;;Мукосат 100мг/мл р-р в/м 1мл амп №10;Фармакопейка;https://farmakopeika.ru/search?query=%D0%BC%D1%83%D0%BA%D0%BE%D1%81%D0%B0%D1%82;Омск;от 814.20
29-03-2022;;Мукосат 100мг/мл р-р в/м 2мл амп №5;Фармакопейка;https://farmakopeika.ru/search?query=%D0%BC%D1%83%D0%BA%D0%BE%D1%81%D0%B0%D1%82;Омск;от 778.10
29-03-2022;;Румалон р-р в/м 1мл амп №25;Фармакопейка;https://farmakopeika.ru/search?query=%D1%80%D1%83%D0%BC%D0%B0%D0%BB%D0%BE%D0%BD;Омск;от 4099.10
29-03-2022;;Румалон р-р в/м 1мл амп №10;Фармакопейка;https://farmakopeika.ru/search?query=%D1%80%D1%83%D0%BC%D0%B0%D0%BB%D0%BE%D0%BD;Омск;от 1962.90
29-03-2022;;Дона 750мг табл п/пл/о №60;Фармакопейка;https://farmakopeika.ru/search?query=%D0%B4%D0%BE%D0%BD%D0%B0;Омск;от 1571.40
29-03-2022;;Дона 750мг табл п/пл/о №180;Фармакопейка;https://farmakopeika.ru/search?query=%D0%B4%D0%BE%D0%BD%D0%B0;Омск;от 2930.70
29-03-2022;;Дона 200мг/мл р-р в/м 2мл амп №6 + р-ритель;Фармакопейка;https://farmakopeika.ru/search?query=%D0%B4%D0%BE%D0%BD%D0%B0;Омск;от 1756.40
29-03-2022;;Дона пор д/приг р-ра д/пр внутрь 1,5г саше №20;Фармакопейка;https://farmakopeika.ru/search?query=%D0%B4%D0%BE%D0%BD%D0%B0;Омск;от 1710.80
29-03-2022;;Инъектран 100мг/мл р-р в/м 2мл амп №10;Фармакопейка;https://farmakopeika.ru/search?query=%D0%B8%D0%BD%D1%8A%D0%B5%D0%BA%D1%82%D1%80%D0%B0%D0%BD;Омск;от 1473.30
29-03-2022;;Хондролон 100мг лиоф д/приг р-ра в/м 1мл амп №10;Фармакопейка;https://farmakopeika.ru/search?query=%D1%85%D0%BE%D0%BD%D0%B4%D1%80%D0%BE%D0%BB%D0%BE%D0%BD;Омск;от 505.90
29-03-2022;;Артогистан 100мг/мл р-р в/м 2мл амп №10;Фармакопейка;https://farmakopeika.ru/search?query=%D0%B0%D1%80%D1%82%D0%BE%D0%B3%D0%B8%D1%81%D1%82%D0%B0%D0%BD;Омск;от 1497.00
29-03-2022;;Амбене Био р-р д/и 1мл амп №10;Фармакопейка;https://farmakopeika.ru/search?query=%D0%B0%D0%BC%D0%B1%D0%B5%D0%BD%D0%B5+%D0%B1%D0%B8%D0%BE;Омск;от 1785.70
29-03-2022;;Сустагард Артро 200мг/мл р-р в/м 2мл амп №5 с р-лем;Фармакопейка;https://farmakopeika.ru/search?query=%D1%81%D1%83%D1%81%D1%82%D0%B0%D0%B3%D0%B0%D1%80%D0%B4+%D0%B0%D1%80%D1%82%D1%80%D0%BE;Омск;от 1249.30
29-03-2022;;Сустагард Артро пор д/приг р-ра д/пр внутрь 1,5г саше №20;Фармакопейка;https://farmakopeika.ru/search?query=%D1%81%D1%83%D1%81%D1%82%D0%B0%D0%B3%D0%B0%D1%80%D0%B4+%D0%B0%D1%80%D1%82%D1%80%D0%BE;Омск;от 1045.90
29-03-2022;;Мукосат 100мг/мл р-р в/м 1мл амп №10;Фармакопейка;https://farmakopeika.ru/search?query=%D1%85%D0%BE%D0%BD%D0%B4%D1%80%D0%BE%D0%B8%D1%82%D0%B8%D0%BD%D0%B0+%D1%81%D1%83%D0%BB%D1%8C%D1%84%D0%B0%D1%82;Омск;от 814.20
29-03-2022;;Хондрогард 100мг/мл р-р в/м 2мл амп №25;Фармакопейка;https://farmakopeika.ru/search?query=%D1%85%D0%BE%D0%BD%D0%B4%D1%80%D0%BE%D0%B8%D1%82%D0%B8%D0%BD%D0%B0+%D1%81%D1%83%D0%BB%D1%8C%D1%84%D0%B0%D1%82;Омск;от 2977.30
29-03-2022;;Драстоп 100мг/мл р-р в/м 2мл амп №10;Фармакопейка;https://farmakopeika.ru/search?query=%D1%85%D0%BE%D0%BD%D0%B4%D1%80%D0%BE%D0%B8%D1%82%D0%B8%D0%BD%D0%B0+%D1%81%D1%83%D0%BB%D1%8C%D1%84%D0%B0%D1%82;Омск;от 1326.40
29-03-2022;;Хондроксид 5% мазь д/нар прим 30г;Фармакопейка;https://farmakopeika.ru/search?query=%D1%85%D0%BE%D0%BD%D0%B4%D1%80%D0%BE%D0%B8%D1%82%D0%B8%D0%BD%D0%B0+%D1%81%D1%83%D0%BB%D1%8C%D1%84%D0%B0%D1%82;Омск;от 380.30
29-03-2022;;Хондроитин-АКОС 5% мазь д/нар прим 30г;Фармакопейка;https://farmakopeika.ru/search?query=%D1%85%D0%BE%D0%BD%D0%B4%D1%80%D0%BE%D0%B8%D1%82%D0%B8%D0%BD%D0%B0+%D1%81%D1%83%D0%BB%D1%8C%D1%84%D0%B0%D1%82;Омск;от 213.80
29-03-2022;;Хондроитин-ВЕРТЕКС 250мг капс №50;Фармакопейка;https://farmakopeika.ru/search?query=%D1%85%D0%BE%D0%BD%D0%B4%D1%80%D0%BE%D0%B8%D1%82%D0%B8%D0%BD%D0%B0+%D1%81%D1%83%D0%BB%D1%8C%D1%84%D0%B0%D1%82;Омск;от 747.00
29-03-2022;;Хондрогард 100мг/мл р-р в/м 1мл амп №10;Фармакопейка;https://farmakopeika.ru/search?query=%D1%85%D0%BE%D0%BD%D0%B4%D1%80%D0%BE%D0%B8%D1%82%D0%B8%D0%BD%D0%B0+%D1%81%D1%83%D0%BB%D1%8C%D1%84%D0%B0%D1%82;Омск;от 981.80
29-03-2022;;Хондролон 100мг лиоф д/приг р-ра в/м 1мл амп №10;Фармакопейка;https://farmakopeika.ru/search?query=%D1%85%D0%BE%D0%BD%D0%B4%D1%80%D0%BE%D0%B8%D1%82%D0%B8%D0%BD%D0%B0+%D1%81%D1%83%D0%BB%D1%8C%D1%84%D0%B0%D1%82;Омск;от 505.90
29-03-2022;;Хондроксид 5% гель д/нар прим 30г;Фармакопейка;https://farmakopeika.ru/search?query=%D1%85%D0%BE%D0%BD%D0%B4%D1%80%D0%BE%D0%B8%D1%82%D0%B8%D0%BD%D0%B0+%D1%81%D1%83%D0%BB%D1%8C%D1%84%D0%B0%D1%82;Омск;от 389.80
29-03-2022;;Хондрогард 100мг/мл р-р в/м 2мл амп №10;Фармакопейка;https://farmakopeika.ru/search?query=%D1%85%D0%BE%D0%BD%D0%B4%D1%80%D0%BE%D0%B8%D1%82%D0%B8%D0%BD%D0%B0+%D1%81%D1%83%D0%BB%D1%8C%D1%84%D0%B0%D1%82;Омск;от 1914.80
29-03-2022;;Инъектран 100мг/мл р-р в/м 2мл амп №10;Фармакопейка;https://farmakopeika.ru/search?query=%D1%85%D0%BE%D0%BD%D0%B4%D1%80%D0%BE%D0%B8%D1%82%D0%B8%D0%BD%D0%B0+%D1%81%D1%83%D0%BB%D1%8C%D1%84%D0%B0%D1%82;Омск;от 1473.30
29-03-2022;;Артроджект 100мг/мл р-р в/м 2мл амп №10;Фармакопейка;https://farmakopeika.ru/search?query=%D1%85%D0%BE%D0%BD%D0%B4%D1%80%D0%BE%D0%B8%D1%82%D0%B8%D0%BD%D0%B0+%D1%81%D1%83%D0%BB%D1%8C%D1%84%D0%B0%D1%82;Омск;от 1149.00
29-03-2022;;Эльбона 200мг/мл р-р в/м 2мл амп №6 и р-ль;Фармакопейка;https://farmakopeika.ru/search?query=%D1%8D%D0%BB%D1%8C%D0%B1%D0%BE%D0%BD%D0%B0;Омск;от 1082.30
29-03-2022;;Хонда Максимум крем 50мл;Фармакопейка;https://farmakopeika.ru/search?query=%D1%85%D0%BE%D0%BD%D1%81%D0%B0%D1%82;Омск;от 269.00
29-03-2022;;Хонда Глюкозамин Максимум табл №30;Фармакопейка;https://farmakopeika.ru/search?query=%D1%85%D0%BE%D0%BD%D1%81%D0%B0%D1%82;Омск;от 425.20
29-03-2022;;Артроджект 100мг/мл р-р в/м 2мл амп №10;Фармакопейка;https://farmakopeika.ru/search?query=%D0%B0%D1%80%D1%82%D1%80%D0%BE%D0%B4%D0%B6%D0%B5%D0%BA%D1%82;Омск;от 1149.00
29-03-2022;;Хондроксид 5% мазь д/нар прим 30г;Фармакопейка;https://farmakopeika.ru/search?query=%D1%85%D0%BE%D0%BD%D0%B4%D1%80%D0%BE%D0%BA%D1%81%D0%B8%D0%B4;Омск;от 380.30
29-03-2022;;Хондроксид 5% гель д/нар прим 30г;Фармакопейка;https://farmakopeika.ru/search?query=%D1%85%D0%BE%D0%BD%D0%B4%D1%80%D0%BE%D0%BA%D1%81%D0%B8%D0%B4;Омск;от 389.80
29-03-2022;;Траумель С 2,2 мл амп №5;Фармакопейка;https://farmakopeika.ru/search?query=%D1%82%D1%80%D0%B0%D1%83%D0%BC%D0%B5%D0%BB%D1%8C;Омск;от 784.70
29-03-2022;;Траумель С табл д/рассас гомеоп №50;Фармакопейка;https://farmakopeika.ru/search?query=%D1%82%D1%80%D0%B0%D1%83%D0%BC%D0%B5%D0%BB%D1%8C;Омск;от 482.40
29-03-2022;;Траумель С мазь д/нар прим гомеоп 50г;Фармакопейка;https://farmakopeika.ru/search?query=%D1%82%D1%80%D0%B0%D1%83%D0%BC%D0%B5%D0%BB%D1%8C;Омск;от 608.80
29-03-2022;;Траумель С капли гомеоп 30мл;Фармакопейка;https://farmakopeika.ru/search?query=%D1%82%D1%80%D0%B0%D1%83%D0%BC%D0%B5%D0%BB%D1%8C;Омск;от 573.40
29-03-2022;;Траумель Космо Гель косметич 50г;Фармакопейка;https://farmakopeika.ru/search?query=%D1%82%D1%80%D0%B0%D1%83%D0%BC%D0%B5%D0%BB%D1%8C;Омск;от 688.80
29-03-2022;;Траумель С р-р в/м ок/суст гомеоп 2,2мл амп №100;Фармакопейка;https://farmakopeika.ru/search?query=%D1%82%D1%80%D0%B0%D1%83%D0%BC%D0%B5%D0%BB%D1%8C;Омск;от 13966.00
