Дата;Наименование препарата как у нас;Наименование препарата как у аптеки;Наименование АС;Ссылка на препарат;Город;Цена
29-03-2022;;Авент бутылочка антиколик 125мл соска силикон 0+мес  (SCF810/17);Губернские аптеки;https://24farmacia.ru/apteki/search/?q=%25D0%25B0%25D0%25B4%25D0%25B0%25D0%25BD%25D1%2582;Красноярск;738
29-03-2022;;Авент вкладыши д/бюстгальтера одноразовые №60  (SCF254/61);Губернские аптеки;https://24farmacia.ru/apteki/search/?q=%25D0%25B0%25D0%25B4%25D0%25B0%25D0%25BD%25D1%2582;Красноярск;684
29-03-2022;;Авент соска силикон медленный поток 1+мес №2  (82820/SCF632/27);Губернские аптеки;https://24farmacia.ru/apteki/search/?q=%25D0%25B0%25D0%25B4%25D0%25B0%25D0%25BD%25D1%2582;Красноярск;452
29-03-2022;;Авент бутылочка антиколик 125мл 0+мес  (SCF810/14);Губернские аптеки;https://24farmacia.ru/apteki/search/?q=%25D0%25B0%25D0%25B4%25D0%25B0%25D0%25BD%25D1%2582;Красноярск;654
29-03-2022;;Авент бутылочка антиколик 260мл соска силикон 1+мес №2  (SCF813/27);Губернские аптеки;https://24farmacia.ru/apteki/search/?q=%25D0%25B0%25D0%25B4%25D0%25B0%25D0%25BD%25D1%2582;Красноярск;980
29-03-2022;;Авент бутылочка антиколик 125мл соска силикон 0+мес №2  (SCF810/27);Губернские аптеки;https://24farmacia.ru/apteki/search/?q=%25D0%25B0%25D0%25B4%25D0%25B0%25D0%25BD%25D1%2582;Красноярск;864
29-03-2022;;Авент соска силикон быстрый поток 6+мес №2  (82840/8006 634/27);Губернские аптеки;https://24farmacia.ru/apteki/search/?q=%25D0%25B0%25D0%25B4%25D0%25B0%25D0%25BD%25D1%2582;Красноярск;468
29-03-2022;;Авент молокоотсос ручной  (86811/SCF330/20);Губернские аптеки;https://24farmacia.ru/apteki/search/?q=%25D0%25B0%25D0%25B4%25D0%25B0%25D0%25BD%25D1%2582;Красноярск;3177
29-03-2022;;Авент соска силикон д/густых жидкостей 6+мес №2  (80627/SCF636/27);Губернские аптеки;https://24farmacia.ru/apteki/search/?q=%25D0%25B0%25D0%25B4%25D0%25B0%25D0%25BD%25D1%2582;Красноярск;535
29-03-2022;;Авент комфорт натурал молокоотсос ручной  (SCF330/40);Губернские аптеки;https://24farmacia.ru/apteki/search/?q=%25D0%25B0%25D0%25B4%25D0%25B0%25D0%25BD%25D1%2582;Красноярск;1850
29-03-2022;;Авент бутылочка 260мл натурал соска силикон 1+мес  (SCF033/17);Губернские аптеки;https://24farmacia.ru/apteki/search/?q=%25D0%25B0%25D0%25B4%25D0%25B0%25D0%25BD%25D1%2582;Красноярск;747
29-03-2022;;Авент чашка-поильник с трубочкой 9+мес 200мл  (SCF796/01);Губернские аптеки;https://24farmacia.ru/apteki/search/?q=%25D0%25B0%25D0%25B4%25D0%25B0%25D0%25BD%25D1%2582;Красноярск;822
29-03-2022;;Армавискон Хондро Протез синовиал. жидкости шприц 3мл №1;Губернские аптеки;https://24farmacia.ru/apteki/search/?q=%25D0%25B0%25D1%2580%25D0%25BC%25D0%25B0%25D0%25B2%25D0%25B8%25D1%2581%25D0%25BA%25D0%25BE%25D0%25BD;Красноярск;13761
29-03-2022;;Армавискон р-р для в/суставн. введ. 2мл  (шприц);Губернские аптеки;https://24farmacia.ru/apteki/search/?q=%25D0%25B0%25D1%2580%25D0%25BC%25D0%25B0%25D0%25B2%25D0%25B8%25D1%2581%25D0%25BA%25D0%25BE%25D0%25BD;Красноярск;5337
29-03-2022;;Армавискон плюс р-р для в/суставн. введ. 2мл  (шприц);Губернские аптеки;https://24farmacia.ru/apteki/search/?q=%25D0%25B0%25D1%2580%25D0%25BC%25D0%25B0%25D0%25B2%25D0%25B8%25D1%2581%25D0%25BA%25D0%25BE%25D0%25BD;Красноярск;7443
29-03-2022;;Армавискон плюс средство для в/суст.введ-я шприц 1,5% 2мл №2;Губернские аптеки;https://24farmacia.ru/apteki/search/?q=%25D0%25B0%25D1%2580%25D0%25BC%25D0%25B0%25D0%25B2%25D0%25B8%25D1%2581%25D0%25BA%25D0%25BE%25D0%25BD;Красноярск;13226
29-03-2022;;Армавискон форте р-р для в/суставн. введ. 2,3% 3мл №1  (шприц);Губернские аптеки;https://24farmacia.ru/apteki/search/?q=%25D0%25B0%25D1%2580%25D0%25BC%25D0%25B0%25D0%25B2%25D0%25B8%25D1%2581%25D0%25BA%25D0%25BE%25D0%25BD;Красноярск;17381
29-03-2022;;Армавискон МН ср-во д/околосухожильного и в/сустав. введ. шприц 2мл №1;Губернские аптеки;https://24farmacia.ru/apteki/search/?q=%25D0%25B0%25D1%2580%25D0%25BC%25D0%25B0%25D0%25B2%25D0%25B8%25D1%2581%25D0%25BA%25D0%25BE%25D0%25BD;Красноярск;8226
29-03-2022;;ИРС 19 спрей наз. 60доз 20мл №1;Губернские аптеки;https://24farmacia.ru/apteki/search/?q=%25D0%25B0%25D1%2582%25D1%2580%25D0%25B8%2520%25D0%25B8%25D0%25BD%25D0%25B6;Красноярск;514
29-03-2022;;Ива (бах) капли гомеопат 10мл;Губернские аптеки;https://24farmacia.ru/apteki/search/?q=%25D0%25B0%25D1%2582%25D1%2580%25D0%25B8%2520%25D0%25B8%25D0%25BD%25D0%25B6;Красноярск;686
29-03-2022;;Отрио таб. 10мг №30;Губернские аптеки;https://24farmacia.ru/apteki/search/?q=%25D0%25B1%25D0%25B8%25D0%25BE%25D0%25B2%25D0%25B8%25D1%2581%25D0%25BA%2520%25D0%25BE%25D1%2580%25D1%2582%25D0%25BE;Красноярск;802
29-03-2022;;Остео би-флекс мини таб. 309мг №28;Губернские аптеки;https://24farmacia.ru/apteki/search/?q=%25D0%25B1%25D0%25B8%25D0%25BE%25D0%25B2%25D0%25B8%25D1%2581%25D0%25BA%2520%25D0%25BE%25D1%2580%25D1%2582%25D0%25BE;Красноярск;2624
29-03-2022;;Остео би-флекс таб. 1680мг №40;Губернские аптеки;https://24farmacia.ru/apteki/search/?q=%25D0%25B1%25D0%25B8%25D0%25BE%25D0%25B2%25D0%25B8%25D1%2581%25D0%25BA%2520%25D0%25BE%25D1%2580%25D1%2582%25D0%25BE;Красноярск;2070
29-03-2022;;Остео би-флекс таб. 1680мг №80;Губернские аптеки;https://24farmacia.ru/apteki/search/?q=%25D0%25B1%25D0%25B8%25D0%25BE%25D0%25B2%25D0%25B8%25D1%2581%25D0%25BA%2520%25D0%25BE%25D1%2580%25D1%2582%25D0%25BE;Красноярск;3139
29-03-2022;;Остео би-флекс таб. 1680мг №120;Губернские аптеки;https://24farmacia.ru/apteki/search/?q=%25D0%25B1%25D0%25B8%25D0%25BE%25D0%25B2%25D0%25B8%25D1%2581%25D0%25BA%2520%25D0%25BE%25D1%2580%25D1%2582%25D0%25BE;Красноярск;4284
29-03-2022;;Гилан ультра комфорт р-р увлажняющий офтальм 0,3% 0,4мл №10;Губернские аптеки;https://24farmacia.ru/apteki/search/?q=%25D0%25B3%25D0%25B8%25D0%25B0%25D0%25BB%25D0%25BE%25D0%25BD;Красноярск;316
29-03-2022;;Гилан комфорт р-р увлажняющий офтальм 0,18% 0,4мл №30;Губернские аптеки;https://24farmacia.ru/apteki/search/?q=%25D0%25B3%25D0%25B8%25D0%25B0%25D0%25BB%25D0%25BE%25D0%25BD;Красноярск;425
29-03-2022;;Гилан ультра комфорт р-р увлажняющий офтальм 0,3% 10мл;Губернские аптеки;https://24farmacia.ru/apteki/search/?q=%25D0%25B3%25D0%25B8%25D0%25B0%25D0%25BB%25D0%25BE%25D0%25BD;Красноярск;544
29-03-2022;;Гилан комфорт р-р увлажняющий офтальм 0,18% 0,4мл №10;Губернские аптеки;https://24farmacia.ru/apteki/search/?q=%25D0%25B3%25D0%25B8%25D0%25B0%25D0%25BB%25D0%25BE%25D0%25BD;Красноярск;268
29-03-2022;;Гилан комфорт р-р увлажняющий офтальм 0,18% 10мл;Губернские аптеки;https://24farmacia.ru/apteki/search/?q=%25D0%25B3%25D0%25B8%25D0%25B0%25D0%25BB%25D0%25BE%25D0%25BD;Красноярск;459
29-03-2022;;Гилан ультра комфорт р-р увлажняющий офтальм 0,3% 0,4мл №30;Губернские аптеки;https://24farmacia.ru/apteki/search/?q=%25D0%25B3%25D0%25B8%25D0%25B0%25D0%25BB%25D0%25BE%25D0%25BD;Красноярск;502
29-03-2022;;Артра МСМ таб. п.п.о. 1690мг №60;Губернские аптеки;https://24farmacia.ru/apteki/search/?q=%25D0%25B3%25D0%25B8%25D0%25B0%25D0%25BB%25D1%2583%25D0%25B0%25D0%25BB%25D1%258C%2520%25D0%25B0%25D1%2580%25D1%2582%25D1%2580%25D0%25BE;Красноярск;2033
29-03-2022;;Артра таб. п.п.о. 500мг+500мг №120;Губернские аптеки;https://24farmacia.ru/apteki/search/?q=%25D0%25B3%25D0%25B8%25D0%25B0%25D0%25BB%25D1%2583%25D0%25B0%25D0%25BB%25D1%258C%2520%25D0%25B0%25D1%2580%25D1%2582%25D1%2580%25D0%25BE;Красноярск;3709
29-03-2022;;Артра таб. п.п.о. 500мг+500мг №60;Губернские аптеки;https://24farmacia.ru/apteki/search/?q=%25D0%25B3%25D0%25B8%25D0%25B0%25D0%25BB%25D1%2583%25D0%25B0%25D0%25BB%25D1%258C%2520%25D0%25B0%25D1%2580%25D1%2582%25D1%2580%25D0%25BE;Красноярск;1856
29-03-2022;;Артурон капс. 500мг №50;Губернские аптеки;https://24farmacia.ru/apteki/search/?q=%25D0%25B3%25D0%25B8%25D0%25B0%25D0%25BB%25D1%2583%25D0%25B0%25D0%25BB%25D1%258C%2520%25D0%25B0%25D1%2580%25D1%2582%25D1%2580%25D0%25BE;Красноярск;1048
29-03-2022;;Артнео капс. №30;Губернские аптеки;https://24farmacia.ru/apteki/search/?q=%25D0%25B3%25D0%25B8%25D0%25B0%25D0%25BB%25D1%2583%25D0%25B0%25D0%25BB%25D1%258C%2520%25D0%25B0%25D1%2580%25D1%2582%25D1%2580%25D0%25BE;Красноярск;1184
29-03-2022;;Аноро эллипта пор. д/ингал. доз. 22мкг+55мкг/доза 30доз №1  (ингалятор с 2-мя стрипами);Губернские аптеки;https://24farmacia.ru/apteki/search/?q=%25D0%25B3%25D0%25B8%25D0%25B0%25D0%25BB%25D1%2583%25D0%25B0%25D0%25BB%25D1%258C%2520%25D0%25B0%25D1%2580%25D1%2582%25D1%2580%25D0%25BE;Красноярск;2507.16
29-03-2022;;Арт лайф Кисель лесн. ягод. 500г;Губернские аптеки;https://24farmacia.ru/apteki/search/?q=%25D0%25B3%25D0%25B8%25D0%25B0%25D0%25BB%25D1%2583%25D0%25B0%25D0%25BB%25D1%258C%2520%25D0%25B0%25D1%2580%25D1%2582%25D1%2580%25D0%25BE;Красноярск;816
29-03-2022;;Арт лайф кофе бизнес пакет №10;Губернские аптеки;https://24farmacia.ru/apteki/search/?q=%25D0%25B3%25D0%25B8%25D0%25B0%25D0%25BB%25D1%2583%25D0%25B0%25D0%25BB%25D1%258C%2520%25D0%25B0%25D1%2580%25D1%2582%25D1%2580%25D0%25BE;Красноярск;442
29-03-2022;;Арт лайф суп-крем вегетарианский пакет №10;Губернские аптеки;https://24farmacia.ru/apteki/search/?q=%25D0%25B3%25D0%25B8%25D0%25B0%25D0%25BB%25D1%2583%25D0%25B0%25D0%25BB%25D1%258C%2520%25D0%25B0%25D1%2580%25D1%2582%25D1%2580%25D0%25BE;Красноярск;553
29-03-2022;;Арт лайф суп-крем сырный пакет №10;Губернские аптеки;https://24farmacia.ru/apteki/search/?q=%25D0%25B3%25D0%25B8%25D0%25B0%25D0%25BB%25D1%2583%25D0%25B0%25D0%25BB%25D1%258C%2520%25D0%25B0%25D1%2580%25D1%2582%25D1%2580%25D0%25BE;Красноярск;505
29-03-2022;;Арт лайф Кисель Вишня с ягодами 500г;Губернские аптеки;https://24farmacia.ru/apteki/search/?q=%25D0%25B3%25D0%25B8%25D0%25B0%25D0%25BB%25D1%2583%25D0%25B0%25D0%25BB%25D1%258C%2520%25D0%25B0%25D1%2580%25D1%2582%25D1%2580%25D0%25BE;Красноярск;901
29-03-2022;;Арт лайф пюре картофель курица с грибами 30г пакет №8;Губернские аптеки;https://24farmacia.ru/apteki/search/?q=%25D0%25B3%25D0%25B8%25D0%25B0%25D0%25BB%25D1%2583%25D0%25B0%25D0%25BB%25D1%258C%2520%25D0%25B0%25D1%2580%25D1%2582%25D1%2580%25D0%25BE;Красноярск;465
29-03-2022;;Гиалуром р-р для в/суставн. введ. шприц 1,5% 2мл;Губернские аптеки;https://24farmacia.ru/apteki/search/?q=%25D0%25B3%25D0%25B8%25D0%25B0%25D0%25BB%25D1%2583%25D1%2580%25D0%25BE%25D0%25BC;Красноярск;7852
29-03-2022;;Гиалуром CS протез синовиальной жидкости шприц 3мл;Губернские аптеки;https://24farmacia.ru/apteki/search/?q=%25D0%25B3%25D0%25B8%25D0%25B0%25D0%25BB%25D1%2583%25D1%2580%25D0%25BE%25D0%25BC;Красноярск;14218
29-03-2022;;Либридерм гиалурон вода 120мл;Губернские аптеки;https://24farmacia.ru/apteki/search/?q=%25D0%25B3%25D0%25B8%25D0%25B0%25D0%25BB%25D1%2583%25D1%2580%25D0%25BE%25D0%25BC;Красноярск;307
29-03-2022;;Либридерм гиалурон таб. 120мг №30;Губернские аптеки;https://24farmacia.ru/apteki/search/?q=%25D0%25B3%25D0%25B8%25D0%25B0%25D0%25BB%25D1%2583%25D1%2580%25D0%25BE%25D0%25BC;Красноярск;666
29-03-2022;;Либридерм гиалурон сыворотка активатор увлаж 30мл;Губернские аптеки;https://24farmacia.ru/apteki/search/?q=%25D0%25B3%25D0%25B8%25D0%25B0%25D0%25BB%25D1%2583%25D1%2580%25D0%25BE%25D0%25BC;Красноярск;649
29-03-2022;;Либридерм гиалурон основа под макияж праймер 50мл;Губернские аптеки;https://24farmacia.ru/apteki/search/?q=%25D0%25B3%25D0%25B8%25D0%25B0%25D0%25BB%25D1%2583%25D1%2580%25D0%25BE%25D0%25BC;Красноярск;548
29-03-2022;;Либридерм гиалурон крем ночной гидробаланс 50мл;Губернские аптеки;https://24farmacia.ru/apteki/search/?q=%25D0%25B3%25D0%25B8%25D0%25B0%25D0%25BB%25D1%2583%25D1%2580%25D0%25BE%25D0%25BC;Красноярск;651
29-03-2022;;Либридерм гиалурон маска каскадное увлажнение 75мл;Губернские аптеки;https://24farmacia.ru/apteki/search/?q=%25D0%25B3%25D0%25B8%25D0%25B0%25D0%25BB%25D1%2583%25D1%2580%25D0%25BE%25D0%25BC;Красноярск;612
29-03-2022;;Либридерм гиалурон маска ультраувлажняющая альгинатная 15г;Губернские аптеки;https://24farmacia.ru/apteki/search/?q=%25D0%25B3%25D0%25B8%25D0%25B0%25D0%25BB%25D1%2583%25D1%2580%25D0%25BE%25D0%25BC;Красноярск;117
29-03-2022;;Пантенол аэрозоль гиалурон кислота спрей 58г;Губернские аптеки;https://24farmacia.ru/apteki/search/?q=%25D0%25B3%25D0%25B8%25D0%25B0%25D0%25BB%25D1%2583%25D1%2580%25D0%25BE%25D0%25BC;Красноярск;179
29-03-2022;;Либридерм гиалурон филлер 3d крем ночной 30мл;Губернские аптеки;https://24farmacia.ru/apteki/search/?q=%25D0%25B3%25D0%25B8%25D0%25B0%25D0%25BB%25D1%2583%25D1%2580%25D0%25BE%25D0%25BC;Красноярск;958
29-03-2022;;Либридерм гиалурон крем д/тела увлажняющий 200мл;Губернские аптеки;https://24farmacia.ru/apteki/search/?q=%25D0%25B3%25D0%25B8%25D0%25B0%25D0%25BB%25D1%2583%25D1%2580%25D0%25BE%25D0%25BC;Красноярск;478
29-03-2022;;Гайро таб. п.п.о. 500мг №10;Губернские аптеки;https://24farmacia.ru/apteki/search/?q=%25D0%25B3%25D0%25B8%25D0%25B0%25D0%25BF%25D1%2580%25D0%25BE;Красноярск;543
29-03-2022;;Гастал таб. д/рассас №12;Губернские аптеки;https://24farmacia.ru/apteki/search/?q=%25D0%25B3%25D0%25B8%25D0%25B0%25D1%2581%25D1%2582%25D0%25B0%25D1%2582;Красноярск;192
29-03-2022;;Гастал таб. д/рассас мятные №24;Губернские аптеки;https://24farmacia.ru/apteki/search/?q=%25D0%25B3%25D0%25B8%25D0%25B0%25D1%2581%25D1%2582%25D0%25B0%25D1%2582;Красноярск;295
29-03-2022;;Гастал таб. д/рассас №30;Губернские аптеки;https://24farmacia.ru/apteki/search/?q=%25D0%25B3%25D0%25B8%25D0%25B0%25D1%2581%25D1%2582%25D0%25B0%25D1%2582;Красноярск;351
29-03-2022;;Гастал таб. д/рассас №60;Губернские аптеки;https://24farmacia.ru/apteki/search/?q=%25D0%25B3%25D0%25B8%25D0%25B0%25D1%2581%25D1%2582%25D0%25B0%25D1%2582;Красноярск;592
29-03-2022;;Гастал таб. д/рассас мятные №12;Губернские аптеки;https://24farmacia.ru/apteki/search/?q=%25D0%25B3%25D0%25B8%25D0%25B0%25D1%2581%25D1%2582%25D0%25B0%25D1%2582;Красноярск;206
29-03-2022;;Гистан крем 30мл;Губернские аптеки;https://24farmacia.ru/apteki/search/?q=%25D0%25B3%25D0%25B8%25D0%25B0%25D1%2581%25D1%2582%25D0%25B0%25D1%2582;Красноярск;240
29-03-2022;;Гистан крем 30мл;Губернские аптеки;https://24farmacia.ru/apteki/search/?q=%25D0%25B3%25D0%25B8%25D1%2580%25D1%2583%25D0%25B0%25D0%25BD;Красноярск;240
29-03-2022;;Гилан ультра комфорт р-р увлажняющий офтальм 0,3% 0,4мл №10;Губернские аптеки;https://24farmacia.ru/apteki/search/?q=%25D0%25B3%25D0%25B8%25D1%2580%25D1%2583%25D0%25B0%25D0%25BD;Красноярск;316
29-03-2022;;Гилан комфорт р-р увлажняющий офтальм 0,18% 0,4мл №30;Губернские аптеки;https://24farmacia.ru/apteki/search/?q=%25D0%25B3%25D0%25B8%25D1%2580%25D1%2583%25D0%25B0%25D0%25BD;Красноярск;425
29-03-2022;;Гилан ультра комфорт р-р увлажняющий офтальм 0,3% 10мл;Губернские аптеки;https://24farmacia.ru/apteki/search/?q=%25D0%25B3%25D0%25B8%25D1%2580%25D1%2583%25D0%25B0%25D0%25BD;Красноярск;544
29-03-2022;;Гилан комфорт р-р увлажняющий офтальм 0,18% 0,4мл №10;Губернские аптеки;https://24farmacia.ru/apteki/search/?q=%25D0%25B3%25D0%25B8%25D1%2580%25D1%2583%25D0%25B0%25D0%25BD;Красноярск;268
29-03-2022;;Гилан комфорт р-р увлажняющий офтальм 0,18% 10мл;Губернские аптеки;https://24farmacia.ru/apteki/search/?q=%25D0%25B3%25D0%25B8%25D1%2580%25D1%2583%25D0%25B0%25D0%25BD;Красноярск;459
29-03-2022;;Гилан ультра комфорт р-р увлажняющий офтальм 0,3% 0,4мл №30;Губернские аптеки;https://24farmacia.ru/apteki/search/?q=%25D0%25B3%25D0%25B8%25D1%2580%25D1%2583%25D0%25B0%25D0%25BD;Красноярск;502
29-03-2022;;Диара таб. жев. 2мг №12;Губернские аптеки;https://24farmacia.ru/apteki/search/?q=%25D0%25B4%25D0%25B8%25D0%25B0%25D1%2580%25D1%2582;Красноярск;114.7
29-03-2022;;Интраджект ср-во д/замещения синовиальной жидкости 1,5% 2мл;Губернские аптеки;https://24farmacia.ru/apteki/search/?q=%25D0%25B8%25D0%25BD%25D1%2582%25D1%2580%25D0%25B0%25D0%25B4%25D0%25B6%25D0%25B5%25D0%25BA%25D1%2582;Красноярск;8917
29-03-2022;;Интраджект ср-во д/замещения синовиальной жидкости 1,2% 2мл;Губернские аптеки;https://24farmacia.ru/apteki/search/?q=%25D0%25B8%25D0%25BD%25D1%2582%25D1%2580%25D0%25B0%25D0%25B4%25D0%25B6%25D0%25B5%25D0%25BA%25D1%2582;Красноярск;6434
29-03-2022;;Интраджект ср-во д/замещения синовиальной жидкости 1,5% 2мл;Губернские аптеки;https://24farmacia.ru/apteki/search/?q=%25D0%25B8%25D0%25BD%25D1%2582%25D1%2580%25D0%25B0%25D0%25B4%25D0%25B6%25D0%25B5%25D0%25BA%25D1%2582;Красноярск;8917
29-03-2022;;Интраджект ср-во д/замещения синовиальной жидкости 1,2% 2мл;Губернские аптеки;https://24farmacia.ru/apteki/search/?q=%25D0%25B8%25D0%25BD%25D1%2582%25D1%2580%25D0%25B0%25D0%25B4%25D0%25B6%25D0%25B5%25D0%25BA%25D1%2582;Красноярск;6434
29-03-2022;;Кестин таб. п.п.о. 10мг №5;Губернские аптеки;https://24farmacia.ru/apteki/search/?q=%25D0%25BA%25D1%2580%25D0%25B5%25D1%2581%25D0%25BF%25D0%25B8%25D0%25BD;Красноярск;240
29-03-2022;;Кестин таб. п.п.о. 20мг №10;Губернские аптеки;https://24farmacia.ru/apteki/search/?q=%25D0%25BA%25D1%2580%25D0%25B5%25D1%2581%25D0%25BF%25D0%25B8%25D0%25BD;Красноярск;623
29-03-2022;;Кестин таб. лиофилизир 20мг №10;Губернские аптеки;https://24farmacia.ru/apteki/search/?q=%25D0%25BA%25D1%2580%25D0%25B5%25D1%2581%25D0%25BF%25D0%25B8%25D0%25BD;Красноярск;720
29-03-2022;;Кестин таб. п.п.о. 10мг №10;Губернские аптеки;https://24farmacia.ru/apteki/search/?q=%25D0%25BA%25D1%2580%25D0%25B5%25D1%2581%25D0%25BF%25D0%25B8%25D0%25BD;Красноярск;474
29-03-2022;;Налтрексон капс. 50мг №10;Губернские аптеки;https://24farmacia.ru/apteki/search/?q=%25D0%25BD%25D0%25BE%25D0%25BB%25D1%2582%25D1%2580%25D0%25B5%25D0%25BA%25D1%2581%25D0%25B8%25D0%25BD;Красноярск;1093.69
29-03-2022;;Остенил 20мг 2мл №1;Губернские аптеки;https://24farmacia.ru/apteki/search/?q=%25D0%25BE%25D1%2581%25D1%2582%25D0%25B5%25D0%25BD%25D0%25B8%25D0%25BB;Красноярск;1899
29-03-2022;;Инспра таб. п.п.о. 25мг №30;Губернские аптеки;https://24farmacia.ru/apteki/search/?q=%25D0%25BF%25D1%2580%25D0%25BE%25D1%2584%25D0%25BB%25D0%25B5%25D0%25BA%25D1%2581%2520%25D0%25B8%25D0%25BD%25D1%2582%25D1%2580%25D0%25B0;Красноярск;1336
29-03-2022;;Инспра таб. п.п.о. 50мг №30;Губернские аптеки;https://24farmacia.ru/apteki/search/?q=%25D0%25BF%25D1%2580%25D0%25BE%25D1%2584%25D0%25BB%25D0%25B5%25D0%25BA%25D1%2581%2520%25D0%25B8%25D0%25BD%25D1%2582%25D1%2580%25D0%25B0;Красноярск;1999
29-03-2022;;Ревит др. №100;Губернские аптеки;https://24farmacia.ru/apteki/search/?q=%25D1%2580%25D0%25B5%25D0%25B2%25D0%25B8%25D1%2581%25D0%25BA;Красноярск;29
29-03-2022;;Рипарт ср-во д/замещения синовиальной жидкости 10мг/мл 3мл №1;Губернские аптеки;https://24farmacia.ru/apteki/search/?q=%25D1%2580%25D0%25B8%25D0%25BF%25D0%25B0%25D1%2580%25D1%2582;Красноярск;5670
29-03-2022;;Рипарт ср-во д/замещения синовиальной жидкости 10мг/мл 2мл №1;Губернские аптеки;https://24farmacia.ru/apteki/search/?q=%25D1%2580%25D0%25B8%25D0%25BF%25D0%25B0%25D1%2580%25D1%2582;Красноярск;3846
29-03-2022;;Рипарт лонг ср-во д/замещения синовиальной жидкости 20мг/мл 3мл №1;Губернские аптеки;https://24farmacia.ru/apteki/search/?q=%25D1%2580%25D0%25B8%25D0%25BF%25D0%25B0%25D1%2580%25D1%2582;Красноярск;22036
29-03-2022;;Рипарт лонг ср-во д/замещения синовиальной жидкости 20мг/мл 2мл №1;Губернские аптеки;https://24farmacia.ru/apteki/search/?q=%25D1%2580%25D0%25B8%25D0%25BF%25D0%25B0%25D1%2580%25D1%2582;Красноярск;10782
29-03-2022;;Рипарт форте Ср-во д/замещения синовинальной жидкости шприц 15мг/мл 3мл №1;Губернские аптеки;https://24farmacia.ru/apteki/search/?q=%25D1%2580%25D0%25B8%25D0%25BF%25D0%25B0%25D1%2580%25D1%2582;Красноярск;9945
29-03-2022;;Розарт таб. п.п.о. 10мг №90;Губернские аптеки;https://24farmacia.ru/apteki/search/?q=%25D1%2580%25D0%25B8%25D0%25BF%25D0%25B0%25D1%2580%25D1%2582;Красноярск;1592
29-03-2022;;Розарт таб. п.п.о. 20мг №30;Губернские аптеки;https://24farmacia.ru/apteki/search/?q=%25D1%2580%25D0%25B8%25D0%25BF%25D0%25B0%25D1%2580%25D1%2582;Красноярск;1039
29-03-2022;;Розарт таб. п.п.о. 10мг №30;Губернские аптеки;https://24farmacia.ru/apteki/search/?q=%25D1%2580%25D0%25B8%25D0%25BF%25D0%25B0%25D1%2580%25D1%2582;Красноярск;792
29-03-2022;;Розарт таб. п.п.о. 20мг №90;Губернские аптеки;https://24farmacia.ru/apteki/search/?q=%25D1%2580%25D0%25B8%25D0%25BF%25D0%25B0%25D1%2580%25D1%2582;Красноярск;2689
29-03-2022;;Супрадин таб. шип. №20;Губернские аптеки;https://24farmacia.ru/apteki/search/?q=%25D1%2581%25D1%2583%25D0%25BF%25D0%25BB%25D0%25B0%25D0%25B7%25D0%25B8%25D0%25BD;Красноярск;859
29-03-2022;;Супрадин кидс рыбки пастилки жев 4г №30;Губернские аптеки;https://24farmacia.ru/apteki/search/?q=%25D1%2581%25D1%2583%25D0%25BF%25D0%25BB%25D0%25B0%25D0%25B7%25D0%25B8%25D0%25BD;Красноярск;606
29-03-2022;;Супрадин таб. шип. №10;Губернские аптеки;https://24farmacia.ru/apteki/search/?q=%25D1%2581%25D1%2583%25D0%25BF%25D0%25BB%25D0%25B0%25D0%25B7%25D0%25B8%25D0%25BD;Красноярск;408
29-03-2022;;Супрадин кидс рыбки пастилки жев 4г №60;Губернские аптеки;https://24farmacia.ru/apteki/search/?q=%25D1%2581%25D1%2583%25D0%25BF%25D0%25BB%25D0%25B0%25D0%25B7%25D0%25B8%25D0%25BD;Красноярск;925
29-03-2022;;Супрадин кидс иммуно пастилки жев №60;Губернские аптеки;https://24farmacia.ru/apteki/search/?q=%25D1%2581%25D1%2583%25D0%25BF%25D0%25BB%25D0%25B0%25D0%25B7%25D0%25B8%25D0%25BD;Красноярск;900
29-03-2022;;Супрадин таб. п.о №30;Губернские аптеки;https://24farmacia.ru/apteki/search/?q=%25D1%2581%25D1%2583%25D0%25BF%25D0%25BB%25D0%25B0%25D0%25B7%25D0%25B8%25D0%25BD;Красноярск;1373
29-03-2022;;Супрадин иммуно форте саше N14;Губернские аптеки;https://24farmacia.ru/apteki/search/?q=%25D1%2581%25D1%2583%25D0%25BF%25D0%25BB%25D0%25B0%25D0%25B7%25D0%25B8%25D0%25BD;Красноярск;614
29-03-2022;;Супрадин кидс мишки пастилки жев №30;Губернские аптеки;https://24farmacia.ru/apteki/search/?q=%25D1%2581%25D1%2583%25D0%25BF%25D0%25BB%25D0%25B0%25D0%25B7%25D0%25B8%25D0%25BD;Красноярск;573
29-03-2022;;Супрадин кидс волшебные драже апельсин-клубника-лимон 1,8г №60;Губернские аптеки;https://24farmacia.ru/apteki/search/?q=%25D1%2581%25D1%2583%25D0%25BF%25D0%25BB%25D0%25B0%25D0%25B7%25D0%25B8%25D0%25BD;Красноярск;964
29-03-2022;;Супрадин таб. п.о №60;Губернские аптеки;https://24farmacia.ru/apteki/search/?q=%25D1%2581%25D1%2583%25D0%25BF%25D0%25BB%25D0%25B0%25D0%25B7%25D0%25B8%25D0%25BD;Красноярск;1675
29-03-2022;;Супрадин кидс волшебные драже апельсин-клубника-лимон 1,8г №90;Губернские аптеки;https://24farmacia.ru/apteki/search/?q=%25D1%2581%25D1%2583%25D0%25BF%25D0%25BB%25D0%25B0%25D0%25B7%25D0%25B8%25D0%25BD;Красноярск;1101
29-03-2022;;Супрадин кидс иммуно пастилки жев №30;Губернские аптеки;https://24farmacia.ru/apteki/search/?q=%25D1%2581%25D1%2583%25D0%25BF%25D0%25BB%25D0%25B0%25D0%25B7%25D0%25B8%25D0%25BD;Красноярск;542
29-03-2022;;Ферматрон Плюс шприц 1,5% 2мл №1;Губернские аптеки;https://24farmacia.ru/apteki/search/?q=%25D1%2584%25D0%25B5%25D1%2580%25D0%25BC%25D0%25B0%25D1%2582%25D1%2580%25D0%25BE%25D0%25BD;Красноярск;8364
29-03-2022;;Ферматрон протез синовиальной жидкости стер шприц 1% 2мл;Губернские аптеки;https://24farmacia.ru/apteki/search/?q=%25D1%2584%25D0%25B5%25D1%2580%25D0%25BC%25D0%25B0%25D1%2582%25D1%2580%25D0%25BE%25D0%25BD;Красноярск;6801
29-03-2022;;Флексотрон Ультра Имплантат вязко-эластичный шприц д/внутрисустав. инъекц. 2,5% 25мг/мл 4,8мл;Губернские аптеки;https://24farmacia.ru/apteki/search/?q=%25D1%2584%25D0%25BB%25D0%25B5%25D0%25BA%25D1%2581%25D0%25BE%25D1%2582%25D1%2580%25D0%25BE%25D0%25BD;Красноярск;19702
29-03-2022;;Флексотрон Соло Имплантат вязко-эластичный шприц д/внутрисустав. инъекц. 2,2% 22мг/мл 2мл;Губернские аптеки;https://24farmacia.ru/apteki/search/?q=%25D1%2584%25D0%25BB%25D0%25B5%25D0%25BA%25D1%2581%25D0%25BE%25D1%2582%25D1%2580%25D0%25BE%25D0%25BD;Красноярск;13708
29-03-2022;;Флексотрон Смарт Имплантат вязко-эластичный шприц д/внутрисустав. инъекц. 1,6% 16мг/мл 2мл;Губернские аптеки;https://24farmacia.ru/apteki/search/?q=%25D1%2584%25D0%25BB%25D0%25B5%25D0%25BA%25D1%2581%25D0%25BE%25D1%2582%25D1%2580%25D0%25BE%25D0%25BD;Красноярск;8338
29-03-2022;;Хронотрон имплантат  инъекц. в виде геля  на основе полинуклеотидов д/внутрисуст. введ шприц 20мг/мл 2мл №1;Губернские аптеки;https://24farmacia.ru/apteki/search/?q=%25D1%2585%25D1%2580%25D0%25BE%25D0%25BD%25D0%25BE%25D1%2582%25D1%2580%25D0%25BE%25D0%25BD;Красноярск;11980
29-03-2022;;Мовалис таб. 15мг №20;Губернские аптеки;https://24farmacia.ru/apteki/search/?q=%25D0%25BC%25D0%25BE%25D0%25B2%25D0%25B0%25D0%25BB%25D0%25B8%25D1%2581;Красноярск;791
29-03-2022;;Мовалис таб. 7,5мг №20;Губернские аптеки;https://24farmacia.ru/apteki/search/?q=%25D0%25BC%25D0%25BE%25D0%25B2%25D0%25B0%25D0%25BB%25D0%25B8%25D1%2581;Красноярск;777
29-03-2022;;Мовалис таб. 15мг №10;Губернские аптеки;https://24farmacia.ru/apteki/search/?q=%25D0%25BC%25D0%25BE%25D0%25B2%25D0%25B0%25D0%25BB%25D0%25B8%25D1%2581;Красноярск;549
29-03-2022;;Мовалис р-р в/м 15мг/1,5мл 1,5мл №3;Губернские аптеки;https://24farmacia.ru/apteki/search/?q=%25D0%25BC%25D0%25BE%25D0%25B2%25D0%25B0%25D0%25BB%25D0%25B8%25D1%2581;Красноярск;779
29-03-2022;;Мовалис р-р в/м 15мг/1,5мл 1,5мл №5;Губернские аптеки;https://24farmacia.ru/apteki/search/?q=%25D0%25BC%25D0%25BE%25D0%25B2%25D0%25B0%25D0%25BB%25D0%25B8%25D1%2581;Красноярск;1303
29-03-2022;;Мовасин р-р в/м 10мг/мл 1,5мл №3;Губернские аптеки;https://24farmacia.ru/apteki/search/?q=%25D0%25BC%25D0%25BE%25D0%25B2%25D0%25B0%25D0%25BB%25D0%25B8%25D1%2581;Красноярск;188
29-03-2022;;Амелотекс таб. 15мг №20;Губернские аптеки;https://24farmacia.ru/apteki/search/?q=%25D0%25B0%25D0%25BC%25D0%25B5%25D0%25BB%25D0%25BE%25D1%2582%25D0%25B5%25D0%25BA%25D1%2581;Красноярск;278
29-03-2022;;Амелотекс гель 1% 50г;Губернские аптеки;https://24farmacia.ru/apteki/search/?q=%25D0%25B0%25D0%25BC%25D0%25B5%25D0%25BB%25D0%25BE%25D1%2582%25D0%25B5%25D0%25BA%25D1%2581;Красноярск;287
29-03-2022;;Амелотекс таб. 7,5мг №20;Губернские аптеки;https://24farmacia.ru/apteki/search/?q=%25D0%25B0%25D0%25BC%25D0%25B5%25D0%25BB%25D0%25BE%25D1%2582%25D0%25B5%25D0%25BA%25D1%2581;Красноярск;187
29-03-2022;;Амелотекс р-р в/м 10мг/мл 1,5мл №5;Губернские аптеки;https://24farmacia.ru/apteki/search/?q=%25D0%25B0%25D0%25BC%25D0%25B5%25D0%25BB%25D0%25BE%25D1%2582%25D0%25B5%25D0%25BA%25D1%2581;Красноярск;425
29-03-2022;;Мелоксикам буфус р-р в/м 10мг/мл 1,5мл №5;Губернские аптеки;https://24farmacia.ru/apteki/search/?q=%25D0%25BC%25D0%25B5%25D0%25BB%25D0%25BE%25D0%25BA%25D1%2581%25D0%25B8%25D0%25BA%25D0%25B0%25D0%25BC;Красноярск;466
29-03-2022;;Мелоксикам буфус р-р в/м 10мг/мл 1,5мл №3;Губернские аптеки;https://24farmacia.ru/apteki/search/?q=%25D0%25BC%25D0%25B5%25D0%25BB%25D0%25BE%25D0%25BA%25D1%2581%25D0%25B8%25D0%25BA%25D0%25B0%25D0%25BC;Красноярск;326
29-03-2022;;Мелоксикам-тева таб. 15мг №20;Губернские аптеки;https://24farmacia.ru/apteki/search/?q=%25D0%25BC%25D0%25B5%25D0%25BB%25D0%25BE%25D0%25BA%25D1%2581%25D0%25B8%25D0%25BA%25D0%25B0%25D0%25BC;Красноярск;327
29-03-2022;;Мелоксикам-тева таб. 15мг №10;Губернские аптеки;https://24farmacia.ru/apteki/search/?q=%25D0%25BC%25D0%25B5%25D0%25BB%25D0%25BE%25D0%25BA%25D1%2581%25D0%25B8%25D0%25BA%25D0%25B0%25D0%25BC;Красноярск;186
29-03-2022;;Мелоксикам-акрихин таб. 15мг №20;Губернские аптеки;https://24farmacia.ru/apteki/search/?q=%25D0%25BC%25D0%25B5%25D0%25BB%25D0%25BE%25D0%25BA%25D1%2581%25D0%25B8%25D0%25BA%25D0%25B0%25D0%25BC;Красноярск;136
29-03-2022;;Мелоксикам-акрихин таб. 7,5мг №20;Губернские аптеки;https://24farmacia.ru/apteki/search/?q=%25D0%25BC%25D0%25B5%25D0%25BB%25D0%25BE%25D0%25BA%25D1%2581%25D0%25B8%25D0%25BA%25D0%25B0%25D0%25BC;Красноярск;107
29-03-2022;;Мелоксикам-тева таб. 7,5мг №20;Губернские аптеки;https://24farmacia.ru/apteki/search/?q=%25D0%25BC%25D0%25B5%25D0%25BB%25D0%25BE%25D0%25BA%25D1%2581%25D0%25B8%25D0%25BA%25D0%25B0%25D0%25BC;Красноярск;193
29-03-2022;;Мовалис р-р в/м 15мг/1,5мл 1,5мл №3;Губернские аптеки;https://24farmacia.ru/apteki/search/?q=%25D0%25BC%25D0%25B5%25D0%25BB%25D0%25BE%25D0%25BA%25D1%2581%25D0%25B8%25D0%25BA%25D0%25B0%25D0%25BC;Красноярск;779
29-03-2022;;Мовалис таб. 15мг №20;Губернские аптеки;https://24farmacia.ru/apteki/search/?q=%25D0%25BC%25D0%25B5%25D0%25BB%25D0%25BE%25D0%25BA%25D1%2581%25D0%25B8%25D0%25BA%25D0%25B0%25D0%25BC;Красноярск;791
29-03-2022;;Мовалис р-р в/м 15мг/1,5мл 1,5мл №5;Губернские аптеки;https://24farmacia.ru/apteki/search/?q=%25D0%25BC%25D0%25B5%25D0%25BB%25D0%25BE%25D0%25BA%25D1%2581%25D0%25B8%25D0%25BA%25D0%25B0%25D0%25BC;Красноярск;1303
29-03-2022;;Артрозан таб. 15мг №20;Губернские аптеки;https://24farmacia.ru/apteki/search/?q=%25D0%25BC%25D0%25B5%25D0%25BB%25D0%25BE%25D0%25BA%25D1%2581%25D0%25B8%25D0%25BA%25D0%25B0%25D0%25BC;Красноярск;254
29-03-2022;;Мовасин р-р в/м 10мг/мл 1,5мл №3;Губернские аптеки;https://24farmacia.ru/apteki/search/?q=%25D0%25BC%25D0%25B5%25D0%25BB%25D0%25BE%25D0%25BA%25D1%2581%25D0%25B8%25D0%25BA%25D0%25B0%25D0%25BC;Красноярск;188
29-03-2022;;Артрозан таб. 15мг №20;Губернские аптеки;https://24farmacia.ru/apteki/search/?q=%25D0%25B0%25D1%2580%25D1%2582%25D1%2580%25D0%25BE%25D0%25B7%25D0%25B0%25D0%25BD;Красноярск;254
29-03-2022;;Артрозан таб. 15мг №10;Губернские аптеки;https://24farmacia.ru/apteki/search/?q=%25D0%25B0%25D1%2580%25D1%2582%25D1%2580%25D0%25BE%25D0%25B7%25D0%25B0%25D0%25BD;Красноярск;176
29-03-2022;;Артрозан р-р в/м 6мг/мл 2,5мл №10;Губернские аптеки;https://24farmacia.ru/apteki/search/?q=%25D0%25B0%25D1%2580%25D1%2582%25D1%2580%25D0%25BE%25D0%25B7%25D0%25B0%25D0%25BD;Красноярск;626
29-03-2022;;Артрозан р-р в/м 6мг/мл 2,5мл №5;Губернские аптеки;https://24farmacia.ru/apteki/search/?q=%25D0%25B0%25D1%2580%25D1%2582%25D1%2580%25D0%25BE%25D0%25B7%25D0%25B0%25D0%25BD;Красноярск;406
29-03-2022;;Артроцин форте капс. №36;Губернские аптеки;https://24farmacia.ru/apteki/search/?q=%25D0%25B0%25D1%2580%25D1%2582%25D1%2580%25D0%25BE%25D0%25B7%25D0%25B0%25D0%25BD;Красноярск;308
29-03-2022;;Артроцин капс. 0,5г №60;Губернские аптеки;https://24farmacia.ru/apteki/search/?q=%25D0%25B0%25D1%2580%25D1%2582%25D1%2580%25D0%25BE%25D0%25B7%25D0%25B0%25D0%25BD;Красноярск;592
29-03-2022;;Артроцин крем д/суставов 50мл хондроитин-глюкозамин;Губернские аптеки;https://24farmacia.ru/apteki/search/?q=%25D0%25B0%25D1%2580%25D1%2582%25D1%2580%25D0%25BE%25D0%25B7%25D0%25B0%25D0%25BD;Красноярск;202
29-03-2022;;Мелоксикам буфус р-р в/м 10мг/мл 1,5мл №5;Губернские аптеки;https://24farmacia.ru/apteki/search/?q=%25D0%25BC%25D0%25B5%25D0%25BB%25D0%25BE%25D0%25BA%25D1%2581%25D0%25B8%25D0%25BA%25D0%25B0%25D0%25BC%2520%25D0%25B1%25D1%2583%25D1%2584%25D1%2583%25D1%2581;Красноярск;466
29-03-2022;;Мелоксикам буфус р-р в/м 10мг/мл 1,5мл №3;Губернские аптеки;https://24farmacia.ru/apteki/search/?q=%25D0%25BC%25D0%25B5%25D0%25BB%25D0%25BE%25D0%25BA%25D1%2581%25D0%25B8%25D0%25BA%25D0%25B0%25D0%25BC%2520%25D0%25B1%25D1%2583%25D1%2584%25D1%2583%25D1%2581;Красноярск;326
29-03-2022;;Мелоксикам-тева таб. 15мг №20;Губернские аптеки;https://24farmacia.ru/apteki/search/?q=%25D0%25BC%25D0%25B5%25D0%25BB%25D0%25BE%25D0%25BA%25D1%2581%25D0%25B8%25D0%25BA%25D0%25B0%25D0%25BC%2520%25D0%25B1%25D1%2583%25D1%2584%25D1%2583%25D1%2581;Красноярск;327
29-03-2022;;Мелоксикам-тева таб. 15мг №10;Губернские аптеки;https://24farmacia.ru/apteki/search/?q=%25D0%25BC%25D0%25B5%25D0%25BB%25D0%25BE%25D0%25BA%25D1%2581%25D0%25B8%25D0%25BA%25D0%25B0%25D0%25BC%2520%25D0%25B1%25D1%2583%25D1%2584%25D1%2583%25D1%2581;Красноярск;186
29-03-2022;;Мелоксикам-акрихин таб. 15мг №20;Губернские аптеки;https://24farmacia.ru/apteki/search/?q=%25D0%25BC%25D0%25B5%25D0%25BB%25D0%25BE%25D0%25BA%25D1%2581%25D0%25B8%25D0%25BA%25D0%25B0%25D0%25BC%2520%25D0%25B1%25D1%2583%25D1%2584%25D1%2583%25D1%2581;Красноярск;136
29-03-2022;;Артрозан таб. 15мг №20;Губернские аптеки;https://24farmacia.ru/apteki/search/?q=%25D0%25BC%25D0%25B5%25D0%25BB%25D0%25BE%25D0%25BA%25D1%2581%25D0%25B8%25D0%25BA%25D0%25B0%25D0%25BC%2520%25D0%25B1%25D1%2583%25D1%2584%25D1%2583%25D1%2581;Красноярск;254
29-03-2022;;Мовасин р-р в/м 10мг/мл 1,5мл №3;Губернские аптеки;https://24farmacia.ru/apteki/search/?q=%25D0%25BC%25D0%25B5%25D0%25BB%25D0%25BE%25D0%25BA%25D1%2581%25D0%25B8%25D0%25BA%25D0%25B0%25D0%25BC%2520%25D0%25B1%25D1%2583%25D1%2584%25D1%2583%25D1%2581;Красноярск;188
29-03-2022;;Артрозан р-р в/м 6мг/мл 2,5мл №10;Губернские аптеки;https://24farmacia.ru/apteki/search/?q=%25D0%25BC%25D0%25B5%25D0%25BB%25D0%25BE%25D0%25BA%25D1%2581%25D0%25B8%25D0%25BA%25D0%25B0%25D0%25BC%2520%25D0%25B1%25D1%2583%25D1%2584%25D1%2583%25D1%2581;Красноярск;626
29-03-2022;;Амелотекс р-р в/м 10мг/мл 1,5мл №5;Губернские аптеки;https://24farmacia.ru/apteki/search/?q=%25D0%25BC%25D0%25B5%25D0%25BB%25D0%25BE%25D0%25BA%25D1%2581%25D0%25B8%25D0%25BA%25D0%25B0%25D0%25BC%2520%25D0%25B1%25D1%2583%25D1%2584%25D1%2583%25D1%2581;Красноярск;425
29-03-2022;;Мовалис р-р в/м 15мг/1,5мл 1,5мл №3;Губернские аптеки;https://24farmacia.ru/apteki/search/?q=%25D0%25BC%25D0%25B5%25D0%25BB%25D0%25BE%25D0%25BA%25D1%2581%25D0%25B8%25D0%25BA%25D0%25B0%25D0%25BC%2520%25D0%25B1%25D1%2583%25D1%2584%25D1%2583%25D1%2581;Красноярск;779
29-03-2022;;Артрозан р-р в/м 6мг/мл 2,5мл №5;Губернские аптеки;https://24farmacia.ru/apteki/search/?q=%25D0%25BC%25D0%25B5%25D0%25BB%25D0%25BE%25D0%25BA%25D1%2581%25D0%25B8%25D0%25BA%25D0%25B0%25D0%25BC%2520%25D0%25B1%25D1%2583%25D1%2584%25D1%2583%25D1%2581;Красноярск;406
29-03-2022;;Мовалис таб. 7,5мг №20;Губернские аптеки;https://24farmacia.ru/apteki/search/?q=%25D0%25BC%25D0%25B5%25D0%25BB%25D0%25BE%25D0%25BA%25D1%2581%25D0%25B8%25D0%25BA%25D0%25B0%25D0%25BC%2520%25D0%25B1%25D1%2583%25D1%2584%25D1%2583%25D1%2581;Красноярск;777
29-03-2022;;Элокс-СОЛОфарм р-р в/м 10мг/мл 1,5мл №5;Губернские аптеки;https://24farmacia.ru/apteki/search/?q=%25D1%258D%25D0%25BB%25D0%25BE%25D0%25BA%25D1%2581-%25D1%2581%25D0%25BE%25D0%25BB%25D0%25BE%25D1%2584%25D0%25B0%25D1%2580%25D0%25BC;Красноярск;369
29-03-2022;;Мовасин р-р в/м 10мг/мл 1,5мл №3;Губернские аптеки;https://24farmacia.ru/apteki/search/?q=%25D0%25BC%25D0%25BE%25D0%25B2%25D0%25B0%25D1%2581%25D0%25B8%25D0%25BD;Красноярск;188
29-03-2022;;Мовалис р-р в/м 15мг/1,5мл 1,5мл №3;Губернские аптеки;https://24farmacia.ru/apteki/search/?q=%25D0%25BC%25D0%25BE%25D0%25B2%25D0%25B0%25D1%2581%25D0%25B8%25D0%25BD;Красноярск;779
29-03-2022;;Мовалис таб. 7,5мг №20;Губернские аптеки;https://24farmacia.ru/apteki/search/?q=%25D0%25BC%25D0%25BE%25D0%25B2%25D0%25B0%25D1%2581%25D0%25B8%25D0%25BD;Красноярск;777
29-03-2022;;Мовалис таб. 15мг №20;Губернские аптеки;https://24farmacia.ru/apteki/search/?q=%25D0%25BC%25D0%25BE%25D0%25B2%25D0%25B0%25D1%2581%25D0%25B8%25D0%25BD;Красноярск;791
29-03-2022;;Мовалис таб. 15мг №10;Губернские аптеки;https://24farmacia.ru/apteki/search/?q=%25D0%25BC%25D0%25BE%25D0%25B2%25D0%25B0%25D1%2581%25D0%25B8%25D0%25BD;Красноярск;549
29-03-2022;;Мовалис р-р в/м 15мг/1,5мл 1,5мл №5;Губернские аптеки;https://24farmacia.ru/apteki/search/?q=%25D0%25BC%25D0%25BE%25D0%25B2%25D0%25B0%25D1%2581%25D0%25B8%25D0%25BD;Красноярск;1303
29-03-2022;;Генитрон р-р в/м 10мг/мл 1,5мл №5;Губернские аптеки;https://24farmacia.ru/apteki/search/?q=%25D0%25B3%25D0%25B5%25D0%25BD%25D0%25B8%25D1%2582%25D1%2580%25D0%25BE%25D0%25BD;Красноярск;594
29-03-2022;;Генферон лайт спрей наз. 50тыс.МЕ+1мг/доза №100;Губернские аптеки;https://24farmacia.ru/apteki/search/?q=%25D0%25B3%25D0%25B5%25D0%25BD%25D0%25B8%25D1%2582%25D1%2580%25D0%25BE%25D0%25BD;Красноярск;469
29-03-2022;;Генферон Лайт капли наз. 10000 МЕ/мл+0.8 мг/мл 10мл;Губернские аптеки;https://24farmacia.ru/apteki/search/?q=%25D0%25B3%25D0%25B5%25D0%25BD%25D0%25B8%25D1%2582%25D1%2580%25D0%25BE%25D0%25BD;Красноярск;367
29-03-2022;;Генферон лайт супп. ваг/рект 125тыс.МЕ+5мг №10;Губернские аптеки;https://24farmacia.ru/apteki/search/?q=%25D0%25B3%25D0%25B5%25D0%25BD%25D0%25B8%25D1%2582%25D1%2580%25D0%25BE%25D0%25BD;Красноярск;353
29-03-2022;;Генферон супп. ваг/рект 500тыс.МЕ №10;Губернские аптеки;https://24farmacia.ru/apteki/search/?q=%25D0%25B3%25D0%25B5%25D0%25BD%25D0%25B8%25D1%2582%25D1%2580%25D0%25BE%25D0%25BD;Красноярск;704
29-03-2022;;Генферон супп. ваг/рект 1000000МЕ №10;Губернские аптеки;https://24farmacia.ru/apteki/search/?q=%25D0%25B3%25D0%25B5%25D0%25BD%25D0%25B8%25D1%2582%25D1%2580%25D0%25BE%25D0%25BD;Красноярск;860
29-03-2022;;Мелофлекс Ромфарм р-р в/м 10мг/мл 1,5мл №5;Губернские аптеки;https://24farmacia.ru/apteki/search/?q=%25D0%25BC%25D0%25B5%25D0%25BB%25D0%25BE%25D1%2584%25D0%25BB%25D0%25B5%25D0%25BA%25D1%2581%2520%25D1%2580%25D0%25BE%25D0%25BC%25D1%2584%25D0%25B0%25D1%2580%25D0%25BC;Красноярск;594
29-03-2022;;Рефарм крем от морщин ca interaktive аксиния 50г;Губернские аптеки;https://24farmacia.ru/apteki/search/?q=%25D0%25BC%25D0%25B5%25D0%25BB%25D0%25BE%25D1%2584%25D0%25BB%25D0%25B5%25D0%25BA%25D1%2581%2520%25D1%2580%25D0%25BE%25D0%25BC%25D1%2584%25D0%25B0%25D1%2580%25D0%25BC;Красноярск;342
29-03-2022;;Рефарм бальзам д/губ пептиды 5г;Губернские аптеки;https://24farmacia.ru/apteki/search/?q=%25D0%25BC%25D0%25B5%25D0%25BB%25D0%25BE%25D1%2584%25D0%25BB%25D0%25B5%25D0%25BA%25D1%2581%2520%25D1%2580%25D0%25BE%25D0%25BC%25D1%2584%25D0%25B0%25D1%2580%25D0%25BC;Красноярск;186
29-03-2022;;Алфлутоп р-р д/ин. 10мг/мл 1мл №10;Губернские аптеки;https://24farmacia.ru/apteki/search/?q=%25D0%25B0%25D0%25BB%25D1%2584%25D0%25BB%25D1%2583%25D1%2582%25D0%25BE%25D0%25BF;Красноярск;2402
29-03-2022;;Алфлутоп р-р д/ин. 10мг/мл 2мл №5;Губернские аптеки;https://24farmacia.ru/apteki/search/?q=%25D0%25B0%25D0%25BB%25D1%2584%25D0%25BB%25D1%2583%25D1%2582%25D0%25BE%25D0%25BF;Красноярск;1887
29-03-2022;;Алфлутоп р-р д/ин. 10мг/мл 2мл №10;Губернские аптеки;https://24farmacia.ru/apteki/search/?q=%25D0%25B0%25D0%25BB%25D1%2584%25D0%25BB%25D1%2583%25D1%2582%25D0%25BE%25D0%25BF;Красноярск;5272
29-03-2022;;Хондрогард р-р в/м и в/суставн 100мг/мл 2мл №10;Губернские аптеки;https://24farmacia.ru/apteki/search/?q=%25D1%2585%25D0%25BE%25D0%25BD%25D0%25B4%25D1%2580%25D0%25BE%25D0%25B3%25D0%25B0%25D1%2580%25D0%25B4;Красноярск;1943
29-03-2022;;Хондрогард р-р в/м и в/суставн 100мг/мл 1мл №10;Губернские аптеки;https://24farmacia.ru/apteki/search/?q=%25D1%2585%25D0%25BE%25D0%25BD%25D0%25B4%25D1%2580%25D0%25BE%25D0%25B3%25D0%25B0%25D1%2580%25D0%25B4;Красноярск;1133
29-03-2022;;Хондрогард р-р в/м и в/суставн 100мг/мл 2мл №25;Губернские аптеки;https://24farmacia.ru/apteki/search/?q=%25D1%2585%25D0%25BE%25D0%25BD%25D0%25B4%25D1%2580%25D0%25BE%25D0%25B3%25D0%25B0%25D1%2580%25D0%25B4;Красноярск;3702
29-03-2022;;Драстоп адванс таб. п.п.о. 1640мг №30;Губернские аптеки;https://24farmacia.ru/apteki/search/?q=%25D0%25B4%25D1%2580%25D0%25B0%25D1%2581%25D1%2582%25D0%25BE%25D0%25BF;Красноярск;990
29-03-2022;;Драстоп р-р в/м 100мг/мл 2мл №10;Губернские аптеки;https://24farmacia.ru/apteki/search/?q=%25D0%25B4%25D1%2580%25D0%25B0%25D1%2581%25D1%2582%25D0%25BE%25D0%25BF;Красноярск;1305
29-03-2022;;Мукосат капс. 577мг №80;Губернские аптеки;https://24farmacia.ru/apteki/search/?q=%25D0%25BC%25D1%2583%25D0%25BA%25D0%25BE%25D1%2581%25D0%25B0%25D1%2582;Красноярск;1621
29-03-2022;;Мукосат мазь 5% 30г №1;Губернские аптеки;https://24farmacia.ru/apteki/search/?q=%25D0%25BC%25D1%2583%25D0%25BA%25D0%25BE%25D1%2581%25D0%25B0%25D1%2582;Красноярск;265
29-03-2022;;Мукосат таб. шип. со вкусом манго №20;Губернские аптеки;https://24farmacia.ru/apteki/search/?q=%25D0%25BC%25D1%2583%25D0%25BA%25D0%25BE%25D1%2581%25D0%25B0%25D1%2582;Красноярск;691
29-03-2022;;Мукосат таб. шип. со вкусом ананаса №20;Губернские аптеки;https://24farmacia.ru/apteki/search/?q=%25D0%25BC%25D1%2583%25D0%25BA%25D0%25BE%25D1%2581%25D0%25B0%25D1%2582;Красноярск;718
29-03-2022;;Мукосат таб. шип. со вкусом клубники №20;Губернские аптеки;https://24farmacia.ru/apteki/search/?q=%25D0%25BC%25D1%2583%25D0%25BA%25D0%25BE%25D1%2581%25D0%25B0%25D1%2582;Красноярск;693
29-03-2022;;Мукосат таб. шип. со вкусом апельсина №20;Губернские аптеки;https://24farmacia.ru/apteki/search/?q=%25D0%25BC%25D1%2583%25D0%25BA%25D0%25BE%25D1%2581%25D0%25B0%25D1%2582;Красноярск;707
29-03-2022;;Мукосат р-р в/м и в/суставн 100мг/мл 2мл №10;Губернские аптеки;https://24farmacia.ru/apteki/search/?q=%25D0%25BC%25D1%2583%25D0%25BA%25D0%25BE%25D1%2581%25D0%25B0%25D1%2582;Красноярск;1603
29-03-2022;;Мукосат р-р в/м и в/суставн 100мг/мл 2мл №5;Губернские аптеки;https://24farmacia.ru/apteki/search/?q=%25D0%25BC%25D1%2583%25D0%25BA%25D0%25BE%25D1%2581%25D0%25B0%25D1%2582;Красноярск;788
29-03-2022;;Румалон р-р в/м 1мл №10;Губернские аптеки;https://24farmacia.ru/apteki/search/?q=%25D1%2580%25D1%2583%25D0%25BC%25D0%25B0%25D0%25BB%25D0%25BE%25D0%25BD;Красноярск;2244
29-03-2022;;Румалон р-р в/м 1мл №25;Губернские аптеки;https://24farmacia.ru/apteki/search/?q=%25D1%2580%25D1%2583%25D0%25BC%25D0%25B0%25D0%25BB%25D0%25BE%25D0%25BD;Красноярск;3587
29-03-2022;;Терафлекс капс. 500мг+400мг №200;Губернские аптеки;https://24farmacia.ru/apteki/search/?q=%25D0%25B4%25D0%25BE%25D0%25BD%25D0%25B0;Красноярск;4416
29-03-2022;;Дона таб. п.п.о. 750мг №60;Губернские аптеки;https://24farmacia.ru/apteki/search/?q=%25D0%25B4%25D0%25BE%25D0%25BD%25D0%25B0;Красноярск;1480
29-03-2022;;Дона таб. п.п.о. 750мг №180;Губернские аптеки;https://24farmacia.ru/apteki/search/?q=%25D0%25B4%25D0%25BE%25D0%25BD%25D0%25B0;Красноярск;3123
29-03-2022;;Дона пор. д/р-ра внутр 1,5г №20;Губернские аптеки;https://24farmacia.ru/apteki/search/?q=%25D0%25B4%25D0%25BE%25D0%25BD%25D0%25B0;Красноярск;1715
29-03-2022;;Дона р-р в/м 200мг/мл 2мл №6  (р-ль 1мл N6);Губернские аптеки;https://24farmacia.ru/apteki/search/?q=%25D0%25B4%25D0%25BE%25D0%25BD%25D0%25B0;Красноярск;1752
29-03-2022;;До и после крем от трещин в ступнях 50мл;Губернские аптеки;https://24farmacia.ru/apteki/search/?q=%25D0%25B4%25D0%25BE%25D0%25BD%25D0%25B0;Красноярск;63
29-03-2022;;Инъектран р-р в/м 100мг/мл 2мл №10;Губернские аптеки;https://24farmacia.ru/apteki/search/?q=%25D0%25B8%25D0%25BD%25D1%258A%25D0%25B5%25D0%25BA%25D1%2582%25D1%2580%25D0%25B0%25D0%25BD;Красноярск;1900
29-03-2022;;Хондролон лиоф в/м 100мг №10;Губернские аптеки;https://24farmacia.ru/apteki/search/?q=%25D1%2585%25D0%25BE%25D0%25BD%25D0%25B4%25D1%2580%25D0%25BE%25D0%25BB%25D0%25BE%25D0%25BD;Красноярск;730
29-03-2022;;Артогистан р-р в/м 100мг/мл 2мл №10;Губернские аптеки;https://24farmacia.ru/apteki/search/?q=%25D0%25B0%25D1%2580%25D1%2582%25D0%25BE%25D0%25B3%25D0%25B8%25D1%2581%25D1%2582%25D0%25B0%25D0%25BD;Красноярск;1305
29-03-2022;;Артогистан р-р в/м 100мг/мл 1мл №10;Губернские аптеки;https://24farmacia.ru/apteki/search/?q=%25D0%25B0%25D1%2580%25D1%2582%25D0%25BE%25D0%25B3%25D0%25B8%25D1%2581%25D1%2582%25D0%25B0%25D0%25BD;Красноярск;764
29-03-2022;;Амбене био р-р д/ин. 1мл №10;Губернские аптеки;https://24farmacia.ru/apteki/search/?q=%25D0%25B0%25D0%25BC%25D0%25B1%25D0%25B5%25D0%25BD%25D0%25B5%2520%25D0%25B1%25D0%25B8%25D0%25BE;Красноярск;1525
29-03-2022;;Био 8 ливсэнс форте эн капс. 400мг №30;Губернские аптеки;https://24farmacia.ru/apteki/search/?q=%25D0%25B0%25D0%25BC%25D0%25B1%25D0%25B5%25D0%25BD%25D0%25B5%2520%25D0%25B1%25D0%25B8%25D0%25BE;Красноярск;264
29-03-2022;;Био 8 ф.л.ю. кор таб. 500мг №14;Губернские аптеки;https://24farmacia.ru/apteki/search/?q=%25D0%25B0%25D0%25BC%25D0%25B1%25D0%25B5%25D0%25BD%25D0%25B5%2520%25D0%25B1%25D0%25B8%25D0%25BE;Красноярск;450
29-03-2022;;Бион 3 таб. 1,05г №30;Губернские аптеки;https://24farmacia.ru/apteki/search/?q=%25D0%25B0%25D0%25BC%25D0%25B1%25D0%25B5%25D0%25BD%25D0%25B5%2520%25D0%25B1%25D0%25B8%25D0%25BE;Красноярск;1238
29-03-2022;;Бах вербена, капли фл 10мл;Губернские аптеки;https://24farmacia.ru/apteki/search/?q=%25D0%25B0%25D0%25BC%25D0%25B1%25D0%25B5%25D0%25BD%25D0%25B5%2520%25D0%25B1%25D0%25B8%25D0%25BE;Красноярск;720
29-03-2022;;Брим антиглау эко капли гл. 2мг/мл 5мл №1;Губернские аптеки;https://24farmacia.ru/apteki/search/?q=%25D0%25B0%25D0%25BC%25D0%25B1%25D0%25B5%25D0%25BD%25D0%25B5%2520%25D0%25B1%25D0%25B8%25D0%25BE;Красноярск;587
29-03-2022;;Бах почки конского каштана, капли фл 10мл;Губернские аптеки;https://24farmacia.ru/apteki/search/?q=%25D0%25B0%25D0%25BC%25D0%25B1%25D0%25B5%25D0%25BD%25D0%25B5%2520%25D0%25B1%25D0%25B8%25D0%25BE;Красноярск;783
29-03-2022;;Бах граб, капли фл 10мл;Губернские аптеки;https://24farmacia.ru/apteki/search/?q=%25D0%25B0%25D0%25BC%25D0%25B1%25D0%25B5%25D0%25BD%25D0%25B5%2520%25D0%25B1%25D0%25B8%25D0%25BE;Красноярск;783
29-03-2022;;Бах вишнеслива, капли фл 10мл;Губернские аптеки;https://24farmacia.ru/apteki/search/?q=%25D0%25B0%25D0%25BC%25D0%25B1%25D0%25B5%25D0%25BD%25D0%25B5%2520%25D0%25B1%25D0%25B8%25D0%25BE;Красноярск;686
29-03-2022;;Бинт марлевый стер губернские аптеки 5мх10см;Губернские аптеки;https://24farmacia.ru/apteki/search/?q=%25D0%25B0%25D0%25BC%25D0%25B1%25D0%25B5%25D0%25BD%25D0%25B5%2520%25D0%25B1%25D0%25B8%25D0%25BE;Красноярск;31.5
29-03-2022;;Бинт марлевый н/стер губернские аптеки 5мх10см;Губернские аптеки;https://24farmacia.ru/apteki/search/?q=%25D0%25B0%25D0%25BC%25D0%25B1%25D0%25B5%25D0%25BD%25D0%25B5%2520%25D0%25B1%25D0%25B8%25D0%25BE;Красноярск;26.5
29-03-2022;;Бинт марлевый стер губернские аптеки 7мх14см;Губернские аптеки;https://24farmacia.ru/apteki/search/?q=%25D0%25B0%25D0%25BC%25D0%25B1%25D0%25B5%25D0%25BD%25D0%25B5%2520%25D0%25B1%25D0%25B8%25D0%25BE;Красноярск;40.5
29-03-2022;;Сустагард артро пор. д/р-ра внутр 1,5г пак 3,95г №20;Губернские аптеки;https://24farmacia.ru/apteki/search/?q=%25D1%2581%25D1%2583%25D1%2581%25D1%2582%25D0%25B0%25D0%25B3%25D0%25B0%25D1%2580%25D0%25B4%2520%25D0%25B0%25D1%2580%25D1%2582%25D1%2580%25D0%25BE;Красноярск;1114
29-03-2022;;Сустагард артро конц. д/р-ра для в/м введ. 200мг/мл 2мл №5  (+р-ль);Губернские аптеки;https://24farmacia.ru/apteki/search/?q=%25D1%2581%25D1%2583%25D1%2581%25D1%2582%25D0%25B0%25D0%25B3%25D0%25B0%25D1%2580%25D0%25B4%2520%25D0%25B0%25D1%2580%25D1%2582%25D1%2580%25D0%25BE;Красноярск;1219
29-03-2022;;Артра МСМ таб. п.п.о. 1690мг №60;Губернские аптеки;https://24farmacia.ru/apteki/search/?q=%25D1%2581%25D1%2583%25D1%2581%25D1%2582%25D0%25B0%25D0%25B3%25D0%25B0%25D1%2580%25D0%25B4%2520%25D0%25B0%25D1%2580%25D1%2582%25D1%2580%25D0%25BE;Красноярск;2033
29-03-2022;;Артра таб. п.п.о. 500мг+500мг №120;Губернские аптеки;https://24farmacia.ru/apteki/search/?q=%25D1%2581%25D1%2583%25D1%2581%25D1%2582%25D0%25B0%25D0%25B3%25D0%25B0%25D1%2580%25D0%25B4%2520%25D0%25B0%25D1%2580%25D1%2582%25D1%2580%25D0%25BE;Красноярск;3709
29-03-2022;;Артра таб. п.п.о. 500мг+500мг №60;Губернские аптеки;https://24farmacia.ru/apteki/search/?q=%25D1%2581%25D1%2583%25D1%2581%25D1%2582%25D0%25B0%25D0%25B3%25D0%25B0%25D1%2580%25D0%25B4%2520%25D0%25B0%25D1%2580%25D1%2582%25D1%2580%25D0%25BE;Красноярск;1856
29-03-2022;;Артурон капс. 500мг №50;Губернские аптеки;https://24farmacia.ru/apteki/search/?q=%25D1%2581%25D1%2583%25D1%2581%25D1%2582%25D0%25B0%25D0%25B3%25D0%25B0%25D1%2580%25D0%25B4%2520%25D0%25B0%25D1%2580%25D1%2582%25D1%2580%25D0%25BE;Красноярск;1048
29-03-2022;;Артнео капс. №30;Губернские аптеки;https://24farmacia.ru/apteki/search/?q=%25D1%2581%25D1%2583%25D1%2581%25D1%2582%25D0%25B0%25D0%25B3%25D0%25B0%25D1%2580%25D0%25B4%2520%25D0%25B0%25D1%2580%25D1%2582%25D1%2580%25D0%25BE;Красноярск;1184
29-03-2022;;Аноро эллипта пор. д/ингал. доз. 22мкг+55мкг/доза 30доз №1  (ингалятор с 2-мя стрипами);Губернские аптеки;https://24farmacia.ru/apteki/search/?q=%25D1%2581%25D1%2583%25D1%2581%25D1%2582%25D0%25B0%25D0%25B3%25D0%25B0%25D1%2580%25D0%25B4%2520%25D0%25B0%25D1%2580%25D1%2582%25D1%2580%25D0%25BE;Красноярск;2507.16
29-03-2022;;Арт лайф Кисель лесн. ягод. 500г;Губернские аптеки;https://24farmacia.ru/apteki/search/?q=%25D1%2581%25D1%2583%25D1%2581%25D1%2582%25D0%25B0%25D0%25B3%25D0%25B0%25D1%2580%25D0%25B4%2520%25D0%25B0%25D1%2580%25D1%2582%25D1%2580%25D0%25BE;Красноярск;816
29-03-2022;;Арт лайф кофе бизнес пакет №10;Губернские аптеки;https://24farmacia.ru/apteki/search/?q=%25D1%2581%25D1%2583%25D1%2581%25D1%2582%25D0%25B0%25D0%25B3%25D0%25B0%25D1%2580%25D0%25B4%2520%25D0%25B0%25D1%2580%25D1%2582%25D1%2580%25D0%25BE;Красноярск;442
29-03-2022;;Арт лайф суп-крем вегетарианский пакет №10;Губернские аптеки;https://24farmacia.ru/apteki/search/?q=%25D1%2581%25D1%2583%25D1%2581%25D1%2582%25D0%25B0%25D0%25B3%25D0%25B0%25D1%2580%25D0%25B4%2520%25D0%25B0%25D1%2580%25D1%2582%25D1%2580%25D0%25BE;Красноярск;553
29-03-2022;;Арт лайф суп-крем сырный пакет №10;Губернские аптеки;https://24farmacia.ru/apteki/search/?q=%25D1%2581%25D1%2583%25D1%2581%25D1%2582%25D0%25B0%25D0%25B3%25D0%25B0%25D1%2580%25D0%25B4%2520%25D0%25B0%25D1%2580%25D1%2582%25D1%2580%25D0%25BE;Красноярск;505
29-03-2022;;Терафлекс капс. 500мг+400мг №200;Губернские аптеки;https://24farmacia.ru/apteki/search/?q=%25D1%2585%25D0%25BE%25D0%25BD%25D0%25B4%25D1%2580%25D0%25BE%25D0%25B8%25D1%2582%25D0%25B8%25D0%25BD%25D0%25B0%2520%25D1%2581%25D1%2583%25D0%25BB%25D1%258C%25D1%2584%25D0%25B0%25D1%2582;Красноярск;4416
29-03-2022;;Хондроитин гель 5% 30г;Губернские аптеки;https://24farmacia.ru/apteki/search/?q=%25D1%2585%25D0%25BE%25D0%25BD%25D0%25B4%25D1%2580%25D0%25BE%25D0%25B8%25D1%2582%25D0%25B8%25D0%25BD%25D0%25B0%2520%25D1%2581%25D1%2583%25D0%25BB%25D1%258C%25D1%2584%25D0%25B0%25D1%2582;Красноярск;202
29-03-2022;;Хондроитин капс. 250мг №50;Губернские аптеки;https://24farmacia.ru/apteki/search/?q=%25D1%2585%25D0%25BE%25D0%25BD%25D0%25B4%25D1%2580%25D0%25BE%25D0%25B8%25D1%2582%25D0%25B8%25D0%25BD%25D0%25B0%2520%25D1%2581%25D1%2583%25D0%25BB%25D1%258C%25D1%2584%25D0%25B0%25D1%2582;Красноярск;753
29-03-2022;;Хондроитин-Акос капс. 250мг №50;Губернские аптеки;https://24farmacia.ru/apteki/search/?q=%25D1%2585%25D0%25BE%25D0%25BD%25D0%25B4%25D1%2580%25D0%25BE%25D0%25B8%25D1%2582%25D0%25B8%25D0%25BD%25D0%25B0%2520%25D1%2581%25D1%2583%25D0%25BB%25D1%258C%25D1%2584%25D0%25B0%25D1%2582;Красноярск;513
29-03-2022;;Хондроитин-Акос мазь 5% 30г №1;Губернские аптеки;https://24farmacia.ru/apteki/search/?q=%25D1%2585%25D0%25BE%25D0%25BD%25D0%25B4%25D1%2580%25D0%25BE%25D0%25B8%25D1%2582%25D0%25B8%25D0%25BD%25D0%25B0%2520%25D1%2581%25D1%2583%25D0%25BB%25D1%258C%25D1%2584%25D0%25B0%25D1%2582;Красноярск;198
29-03-2022;;Хондроксид мазь 5% 30г №1;Губернские аптеки;https://24farmacia.ru/apteki/search/?q=%25D1%2585%25D0%25BE%25D0%25BD%25D0%25B4%25D1%2580%25D0%25BE%25D0%25B8%25D1%2582%25D0%25B8%25D0%25BD%25D0%25B0%2520%25D1%2581%25D1%2583%25D0%25BB%25D1%258C%25D1%2584%25D0%25B0%25D1%2582;Красноярск;387
29-03-2022;;Мукосат р-р в/м и в/суставн 100мг/мл 2мл №10;Губернские аптеки;https://24farmacia.ru/apteki/search/?q=%25D1%2585%25D0%25BE%25D0%25BD%25D0%25B4%25D1%2580%25D0%25BE%25D0%25B8%25D1%2582%25D0%25B8%25D0%25BD%25D0%25B0%2520%25D1%2581%25D1%2583%25D0%25BB%25D1%258C%25D1%2584%25D0%25B0%25D1%2582;Красноярск;1603
29-03-2022;;Хондроксид гель 5% 30г;Губернские аптеки;https://24farmacia.ru/apteki/search/?q=%25D1%2585%25D0%25BE%25D0%25BD%25D0%25B4%25D1%2580%25D0%25BE%25D0%25B8%25D1%2582%25D0%25B8%25D0%25BD%25D0%25B0%2520%25D1%2581%25D1%2583%25D0%25BB%25D1%258C%25D1%2584%25D0%25B0%25D1%2582;Красноярск;409
29-03-2022;;Мукосат мазь 5% 30г №1;Губернские аптеки;https://24farmacia.ru/apteki/search/?q=%25D1%2585%25D0%25BE%25D0%25BD%25D0%25B4%25D1%2580%25D0%25BE%25D0%25B8%25D1%2582%25D0%25B8%25D0%25BD%25D0%25B0%2520%25D1%2581%25D1%2583%25D0%25BB%25D1%258C%25D1%2584%25D0%25B0%25D1%2582;Красноярск;265
29-03-2022;;Мукосат р-р в/м и в/суставн 100мг/мл 2мл №5;Губернские аптеки;https://24farmacia.ru/apteki/search/?q=%25D1%2585%25D0%25BE%25D0%25BD%25D0%25B4%25D1%2580%25D0%25BE%25D0%25B8%25D1%2582%25D0%25B8%25D0%25BD%25D0%25B0%2520%25D1%2581%25D1%2583%25D0%25BB%25D1%258C%25D1%2584%25D0%25B0%25D1%2582;Красноярск;788
29-03-2022;;Артогистан р-р в/м 100мг/мл 2мл №10;Губернские аптеки;https://24farmacia.ru/apteki/search/?q=%25D1%2585%25D0%25BE%25D0%25BD%25D0%25B4%25D1%2580%25D0%25BE%25D0%25B8%25D1%2582%25D0%25B8%25D0%25BD%25D0%25B0%2520%25D1%2581%25D1%2583%25D0%25BB%25D1%258C%25D1%2584%25D0%25B0%25D1%2582;Красноярск;1305
29-03-2022;;Артогистан р-р в/м 100мг/мл 1мл №10;Губернские аптеки;https://24farmacia.ru/apteki/search/?q=%25D1%2585%25D0%25BE%25D0%25BD%25D0%25B4%25D1%2580%25D0%25BE%25D0%25B8%25D1%2582%25D0%25B8%25D0%25BD%25D0%25B0%2520%25D1%2581%25D1%2583%25D0%25BB%25D1%258C%25D1%2584%25D0%25B0%25D1%2582;Красноярск;764
29-03-2022;;Эльбона р-р в/м 200мг/мл 2мл №6;Губернские аптеки;https://24farmacia.ru/apteki/search/?q=%25D1%258D%25D0%25BB%25D1%258C%25D0%25B1%25D0%25BE%25D0%25BD%25D0%25B0;Красноярск;1051
29-03-2022;;Эльжина таб. ваг. №6;Губернские аптеки;https://24farmacia.ru/apteki/search/?q=%25D1%258D%25D0%25BB%25D1%258C%25D0%25B1%25D0%25BE%25D0%25BD%25D0%25B0;Красноярск;420
29-03-2022;;Эльжина таб. ваг. №9;Губернские аптеки;https://24farmacia.ru/apteki/search/?q=%25D1%258D%25D0%25BB%25D1%258C%25D0%25B1%25D0%25BE%25D0%25BD%25D0%25B0;Красноярск;536
29-03-2022;;Хонда крем 50мл;Губернские аптеки;https://24farmacia.ru/apteki/search/?q=%25D1%2585%25D0%25BE%25D0%25BD%25D1%2581%25D0%25B0%25D1%2582;Красноярск;236
29-03-2022;;Хонда дринк пор. саше №10;Губернские аптеки;https://24farmacia.ru/apteki/search/?q=%25D1%2585%25D0%25BE%25D0%25BD%25D1%2581%25D0%25B0%25D1%2582;Красноярск;1208
29-03-2022;;Хонда крем д/тела 100мл;Губернские аптеки;https://24farmacia.ru/apteki/search/?q=%25D1%2585%25D0%25BE%25D0%25BD%25D1%2581%25D0%25B0%25D1%2582;Красноярск;261
29-03-2022;;Хонда форте таб. п.о №60;Губернские аптеки;https://24farmacia.ru/apteki/search/?q=%25D1%2585%25D0%25BE%25D0%25BD%25D1%2581%25D0%25B0%25D1%2582;Красноярск;1209
29-03-2022;;Хонда нейро таб. 0,6г №20;Губернские аптеки;https://24farmacia.ru/apteki/search/?q=%25D1%2585%25D0%25BE%25D0%25BD%25D1%2581%25D0%25B0%25D1%2582;Красноярск;646
29-03-2022;;Хонда глюкозамин максимум таб. п.о 1,3г №30;Губернские аптеки;https://24farmacia.ru/apteki/search/?q=%25D1%2585%25D0%25BE%25D0%25BD%25D1%2581%25D0%25B0%25D1%2582;Красноярск;422
29-03-2022;;Хонда гель 50мл;Губернские аптеки;https://24farmacia.ru/apteki/search/?q=%25D1%2585%25D0%25BE%25D0%25BD%25D1%2581%25D0%25B0%25D1%2582;Красноярск;346
29-03-2022;;Хонда капс. №30;Губернские аптеки;https://24farmacia.ru/apteki/search/?q=%25D1%2585%25D0%25BE%25D0%25BD%25D1%2581%25D0%25B0%25D1%2582;Красноярск;350
29-03-2022;;Хонда форте таб. п.о 1,3г №30;Губернские аптеки;https://24farmacia.ru/apteki/search/?q=%25D1%2585%25D0%25BE%25D0%25BD%25D1%2581%25D0%25B0%25D1%2582;Красноярск;725
29-03-2022;;Хонда МСМ таб. п.о №60;Губернские аптеки;https://24farmacia.ru/apteki/search/?q=%25D1%2585%25D0%25BE%25D0%25BD%25D1%2581%25D0%25B0%25D1%2582;Красноярск;1405
29-03-2022;;Хондроксид гель 5% 30г;Губернские аптеки;https://24farmacia.ru/apteki/search/?q=%25D1%2585%25D0%25BE%25D0%25BD%25D0%25B4%25D1%2580%25D0%25BE%25D0%25BA%25D1%2581%25D0%25B8%25D0%25B4;Красноярск;409
29-03-2022;;Хондроксид мазь 5% 30г №1;Губернские аптеки;https://24farmacia.ru/apteki/search/?q=%25D1%2585%25D0%25BE%25D0%25BD%25D0%25B4%25D1%2580%25D0%25BE%25D0%25BA%25D1%2581%25D0%25B8%25D0%25B4;Красноярск;387
29-03-2022;;Остеоколл имплантат коллаген д/периарт введ 2мл №5;Губернские аптеки;https://24farmacia.ru/apteki/search/?q=%25D0%25BE%25D1%2581%25D1%2582%25D0%25B5%25D0%25BE%25D0%25BA%25D0%25BE%25D0%25BB%25D0%25BB;Красноярск;4981
29-03-2022;;Плексатрон имплантат коллаген д/периарт введ 2мл №5;Губернские аптеки;https://24farmacia.ru/apteki/search/?q=%25D0%25BF%25D0%25BB%25D0%25B5%25D0%25BA%25D1%2581%25D0%25B0%25D1%2582%25D1%2580%25D0%25BE%25D0%25BD;Красноярск;5068
29-03-2022;;Траумель С мазь 50г;Губернские аптеки;https://24farmacia.ru/apteki/search/?q=%25D1%2582%25D1%2580%25D0%25B0%25D1%2583%25D0%25BC%25D0%25B5%25D0%25BB%25D1%258C;Красноярск;693
29-03-2022;;Траумель С мазь 100г;Губернские аптеки;https://24farmacia.ru/apteki/search/?q=%25D1%2582%25D1%2580%25D0%25B0%25D1%2583%25D0%25BC%25D0%25B5%25D0%25BB%25D1%258C;Красноярск;1173
29-03-2022;;Траумель С капли внутр. 30мл;Губернские аптеки;https://24farmacia.ru/apteki/search/?q=%25D1%2582%25D1%2580%25D0%25B0%25D1%2583%25D0%25BC%25D0%25B5%25D0%25BB%25D1%258C;Красноярск;792
29-03-2022;;Траумель С таб. сублингв. №50;Губернские аптеки;https://24farmacia.ru/apteki/search/?q=%25D1%2582%25D1%2580%25D0%25B0%25D1%2583%25D0%25BC%25D0%25B5%25D0%25BB%25D1%258C;Красноярск;549
29-03-2022;;Траумель С р-р д/ин. 2,2мл №5;Губернские аптеки;https://24farmacia.ru/apteki/search/?q=%25D1%2582%25D1%2580%25D0%25B0%25D1%2583%25D0%25BC%25D0%25B5%25D0%25BB%25D1%258C;Красноярск;1014
29-03-2022;;Траумель Космо гель 50г;Губернские аптеки;https://24farmacia.ru/apteki/search/?q=%25D1%2582%25D1%2580%25D0%25B0%25D1%2583%25D0%25BC%25D0%25B5%25D0%25BB%25D1%258C;Красноярск;707
