Дата;Наименование препарата как у нас;Наименование препарата как у аптеки;Наименование АС;Ссылка на препарат;Город;Цена
29-03-2022;;Армавискон Хондро прот синов жидк 3мл №1;Лекоптторг;https://lekopttorg.ru/catalog/medicinskije_izdelija/preparaty_dla_lechenija_zabolevanij_oporno-dvigatelnogo_apparata28/armaviskon_khondro_prot_sinov_zhidk_3ml_%E2%84%961.html;;17521 руб.
29-03-2022;;Армавискон Форте р-р в/сустав 2,3 % 3мл шприц №1#;Лекоптторг;https://lekopttorg.ru/catalog/medicinskije_izdelija/preparaty_dla_lechenija_zabolevanij_oporno-dvigatelnogo_apparata28/armaviskon_forte_r-r_vsustav_23_%25_3ml_shpric_%E2%84%961%23.html;;18354 руб.
29-03-2022;;Армавискон Плюс р-р в/сустав 1,5 % 2мл шприц №2;Лекоптторг;https://lekopttorg.ru/catalog/medicinskije_izdelija/preparaty_dla_lechenija_zabolevanij_oporno-dvigatelnogo_apparata28/armaviskon_plus_r-r_vsustav_15_%25_2ml_shpric_%E2%84%962.html;;15849 руб.
29-03-2022;;Армавискон МН р-р в/сустав 2% 2мл шприц №1;Лекоптторг;https://lekopttorg.ru/catalog/medicinskije_izdelija/preparaty_dla_lechenija_zabolevanij_oporno-dvigatelnogo_apparata28/armaviskon_mn_r-r_vsustav_2%25_2ml_shpric_%E2%84%961.html;;14948 руб.
29-03-2022;;Армавискон Плюс р-р в/сустав 1,5 % 2мл шприц №1;Лекоптторг;https://lekopttorg.ru/catalog/medicinskije_izdelija/preparaty_dla_lechenija_zabolevanij_oporno-dvigatelnogo_apparata28/armaviskon_plus_r-r_vsustav_15_%25_2ml_shpric_%E2%84%961.html;;8099 руб.
29-03-2022;;Армавискон  р-р в/сустав 1% 2мл шприц №2;Лекоптторг;https://lekopttorg.ru/catalog/medicinskije_izdelija/preparaty_dla_lechenija_zabolevanij_oporno-dvigatelnogo_apparata28/armaviskon_r-r_vsustav_1%25_2ml_shpric_%E2%84%962.html;;11270 руб.
29-03-2022;;Армавискон р/р в/сустав введ 1% 2мл шприц №1;Лекоптторг;https://lekopttorg.ru/catalog/medicinskije_izdelija/preparaty_dla_lechenija_zabolevanij_oporno-dvigatelnogo_apparata28/armaviskon_rr_vsustav_vved_1%25_2ml_shpric_%E2%84%961.html;;5452 руб.
29-03-2022;;Армавискон Плюс р-р в/сустав 1,5 % 2мл шприц №2;Лекоптторг;https://lekopttorg.ru/catalog/medicinskije_izdelija/preparaty_dla_lechenija_zabolevanij_oporno-dvigatelnogo_apparata28/armaviskon_plus_r-r_vsustav_15_%25_2ml_shpric_%E2%84%962.html;;15849 руб.
29-03-2022;;Армавискон Плюс р-р в/сустав 1,5 % 2мл шприц №1;Лекоптторг;https://lekopttorg.ru/catalog/medicinskije_izdelija/preparaty_dla_lechenija_zabolevanij_oporno-dvigatelnogo_apparata28/armaviskon_plus_r-r_vsustav_15_%25_2ml_shpric_%E2%84%961.html;;8099 руб.
29-03-2022;;Гиалуром CS наполн шприц 20мг/мл+30мг/мл 3мл №1;Лекоптторг;https://lekopttorg.ru/catalog/medicinskije_izdelija/preparaty_dla_lechenija_zabolevanij_oporno-dvigatelnogo_apparata28/gialurom_cs_napoln_shpric_20mgml30mgml_3ml_%E2%84%961.html;;16182 руб.
29-03-2022;;Vichy Лифтактив Supreme Сыворотка-филлер гиалур пролонг действия 30мл;Лекоптторг;https://lekopttorg.ru/catalog/kosmetika/uhod_lico7/vishi_liftaktiv_supreme_syvorotka-filler_gialur_prolong_dejstvija_30ml.html;;4401 руб.
29-03-2022;;Гиалуром Тендон шприц 20мг/мл 2мл №1;Лекоптторг;https://lekopttorg.ru/catalog/medicinskije_izdelija/preparaty_dla_lechenija_zabolevanij_oporno-dvigatelnogo_apparata28/gialurom_tendon_shpric_20mgml_2ml_%E2%84%961.html;;10686 руб.
29-03-2022;;Гиалуром наполненный шприц 15мг/мл 2мл №1;Лекоптторг;https://lekopttorg.ru/catalog/medicinskije_izdelija/preparaty_dla_lechenija_zabolevanij_oporno-dvigatelnogo_apparata28/gialurom_napolnennyj_shpric_15mgml_2ml_%E2%84%961.html;;8686 руб.
29-03-2022;;Доппельгерц VIP Гиалур к-та+Биотин+Q10+ВитС+Цинк капс №30;Лекоптторг;https://lekopttorg.ru/catalog/lekarstva_i_bady/vitaminy9/doppelgerc_vip_gialur_k-tabiotinq10vitscink_kaps_%E2%84%9630.html;;1398 руб.
29-03-2022;;Клоран Патчи д/глаз с органич экстр Василька и гиалур кислотой 1х2;Лекоптторг;https://lekopttorg.ru/catalog/kosmetika/uhod_glaza7/kloran_patchi_dglaz_s_organich_ekstr_vasilka_i_gialur_kislotoj_1kh2.html;;1197 руб.
29-03-2022;;Гиалуформ интраджект 1,8% 2мл шприц;Лекоптторг;https://lekopttorg.ru/catalog/lekarstva_i_bady/vitaminy9/gialuform_intradzhekt_18%25_2ml_shpric.html;;7300 руб.
29-03-2022;;Диартрин капс 50мг №30;Лекоптторг;https://lekopttorg.ru/catalog/lekarstva_i_bady/preparaty_dla_lechenija_zabolevanij_oporno-dvigatelnogo_apparata9/diartrin_kaps_50mg_%E2%84%9630.html;;938 руб.
29-03-2022;;Гиалуформ интраджект 1,8% 2мл шприц;Лекоптторг;https://lekopttorg.ru/catalog/lekarstva_i_bady/vitaminy9/gialuform_intradzhekt_18%25_2ml_shpric.html;;7300 руб.
29-03-2022;;Ост Тендон шприц 20 мг/мл 2мл №1;Лекоптторг;https://lekopttorg.ru/catalog/lekarstva_i_bady/ginekologija_i_akusherstvo9/ost_tendon_shpric_20_mgml_2ml_%E2%84%961.html;;8220 руб.
29-03-2022;;Остенил 20мг/2мл шприц №1;Лекоптторг;https://lekopttorg.ru/catalog/medicinskije_izdelija/preparaty_dla_lechenija_zabolevanij_oporno-dvigatelnogo_apparata28/ostenil_20mg2ml_shpric_%E2%84%961.html;;2067 руб.
29-03-2022;;Ост Тендон шприц 20 мг/мл 2мл №1;Лекоптторг;https://lekopttorg.ru/catalog/lekarstva_i_bady/ginekologija_i_akusherstvo9/ost_tendon_shpric_20_mgml_2ml_%E2%84%961.html;;8220 руб.
29-03-2022;;Остенил 20мг/2мл шприц №1;Лекоптторг;https://lekopttorg.ru/catalog/medicinskije_izdelija/preparaty_dla_lechenija_zabolevanij_oporno-dvigatelnogo_apparata28/ostenil_20mg2ml_shpric_%E2%84%961.html;;2067 руб.
29-03-2022;;Рипарт Лонг ср-во д/замещ синов ж-ти 2мл №1 шприц;Лекоптторг;https://lekopttorg.ru/catalog/medicinskije_izdelija/preparaty_dla_lechenija_zabolevanij_oporno-dvigatelnogo_apparata28/ripart_long_sr-vo_dzameshh_sinov_zh-ti_2ml_%E2%84%961_shpric.html;;11651 руб.
29-03-2022;;РусВиск шприц 1,6%, 3мл;Лекоптторг;https://lekopttorg.ru/catalog/medicinskije_izdelija/preparaty_dla_lechenija_zabolevanij_oporno-dvigatelnogo_apparata28/rusvisk_shpric_16%25_3ml.html;;8850 руб.
29-03-2022;;РусВиск шприц №1;Лекоптторг;https://lekopttorg.ru/catalog/medicinskije_izdelija/preparaty_dla_lechenija_zabolevanij_oporno-dvigatelnogo_apparata28/rusvisk_shpric_%E2%84%961.html;;6549 руб.
29-03-2022;;GOLDICA ГХ комплекс тб №200;Лекоптторг;https://lekopttorg.ru/catalog/lekarstva_i_bady/preparaty_dla_lechenija_zabolevanij_oporno-dvigatelnogo_apparata9/goldica_gkh_kompleks_tb_%E2%84%96200.html;;2490 руб.
29-03-2022;;Виагра тб 100мг №4;Лекоптторг;https://lekopttorg.ru/catalog/lekarstva_i_bady/preparaty_dla_lechenija_zabolevanij_mochepolovoj_sistemy9/viagra_tb_100mg_%E2%84%964.html;;4748 руб.
29-03-2022;;OVIECARE подгузники д/взр. М №30;Лекоптторг;https://lekopttorg.ru/catalog/gigijena/sredstva_dla_uhoda_za_bolnymi17/oviecare_podguzniki_dvzr_m_%E2%84%9630.html;;1790 руб.
29-03-2022;;OVIECARE подгузники д/взр. L №30;Лекоптторг;https://lekopttorg.ru/catalog/gigijena/sredstva_dla_uhoda_za_bolnymi17/oviecare_podguzniki_dvzr_l_%E2%84%9630.html;;1830 руб.
29-03-2022;;GОLDICA вит гр В-Готу Кола-L-таурин капс №100;Лекоптторг;https://lekopttorg.ru/catalog/lekarstva_i_bady/serdechno-sosudistyje_preparaty9/goldica_vit_gr_v-gotu_kola-l-taurin_kaps_%E2%84%96100.html;;1290 руб.
29-03-2022;;OVIE Омега-3 35% с вит Е капc №80;Лекоптторг;https://lekopttorg.ru/catalog/lekarstva_i_bady/vitaminy9/ovie_omega-3_35%25_s_vit_je_kapc_%E2%84%9680.html;;969 руб.
29-03-2022;;Суперба 2 Крилевый жир капс №60;Лекоптторг;https://lekopttorg.ru/catalog/lekarstva_i_bady/vitaminy9/superba_2_krilevyj_zhir_kaps_%E2%84%9660.html;;1435 руб.
29-03-2022;;Пиакартил капс 300мг №30;Лекоптторг;https://lekopttorg.ru/catalog/lekarstva_i_bady/preparaty_dla_lechenija_zabolevanij_oporno-dvigatelnogo_apparata9/piakartil_kaps_300mg_%E2%84%9630.html;;990 руб.
29-03-2022;;Розувастатин-Тева тб п/о 20мг №90;Лекоптторг;https://lekopttorg.ru/catalog/lekarstva_i_bady/serdechno-sosudistyje_preparaty9/rozuvastatin-teva_tb_po_20mg_%E2%84%9690.html;;2773 руб.
29-03-2022;;Виагра тб 50мг №2;Лекоптторг;https://lekopttorg.ru/catalog/lekarstva_i_bady/preparaty_dla_lechenija_zabolevanij_mochepolovoj_sistemy9/viagra_tb_50mg_%E2%84%962.html;;2108 руб.
29-03-2022;;GOLDICA ГХ комплекс с МСМ 250мл;Лекоптторг;https://lekopttorg.ru/catalog/lekarstva_i_bady/preparaty_dla_lechenija_zabolevanij_oporno-dvigatelnogo_apparata9/goldica_gkh_kompleks_s_msm_250ml.html;;1499 руб.
29-03-2022;;Роксера тб п/о 15мг №90;Лекоптторг;https://lekopttorg.ru/catalog/lekarstva_i_bady/serdechno-sosudistyje_preparaty9/roksera_tb_po_15mg_%E2%84%9690.html;;2287 руб.
29-03-2022;;Виагра тб 100мг №2;Лекоптторг;https://lekopttorg.ru/catalog/lekarstva_i_bady/preparaty_dla_lechenija_zabolevanij_mochepolovoj_sistemy9/viagra_tb_100mg_%E2%84%962.html;;2238 руб.
29-03-2022;;GOLDICA ГХ комплекс тб №100;Лекоптторг;https://lekopttorg.ru/catalog/lekarstva_i_bady/preparaty_dla_lechenija_zabolevanij_oporno-dvigatelnogo_apparata9/goldica_gkh_kompleks_tb_%E2%84%96100.html;;1650 руб.
29-03-2022;;OVIECARE подгузн-трусы д/взр. М №10;Лекоптторг;https://lekopttorg.ru/catalog/gigijena/sredstva_dla_uhoda_za_bolnymi17/oviecare_podguzn-trusy_dvzr_m_%E2%84%9610.html;;760 руб.
29-03-2022;;OVIECARE подгузн-трусы д/взр. L №10;Лекоптторг;https://lekopttorg.ru/catalog/gigijena/sredstva_dla_uhoda_za_bolnymi17/oviecare_podguzn-trusy_dvzr_l_%E2%84%9610.html;;799 руб.
29-03-2022;;Розувастатин-Тева тб п/о 10мг №90;Лекоптторг;https://lekopttorg.ru/catalog/lekarstva_i_bady/serdechno-sosudistyje_preparaty9/rozuvastatin-teva_tb_po_10mg_%E2%84%9690.html;;1928 руб.
29-03-2022;;GOLDICA Витамин Д3+К2 фл 20мл;Лекоптторг;https://lekopttorg.ru/catalog/lekarstva_i_bady/vitaminy9/goldica_vitamin_d3k2_fl_20ml.html;;699 руб.
29-03-2022;;OVIECARE подгузники д/взр. М №10;Лекоптторг;https://lekopttorg.ru/catalog/gigijena/sredstva_dla_uhoda_za_bolnymi17/oviecare_podguzniki_dvzr_m_%E2%84%9610.html;;699 руб.
29-03-2022;;Клопидогрел/АСК-Тева тб 100мг+75мг №100;Лекоптторг;https://lekopttorg.ru/catalog/lekarstva_i_bady/serdechno-sosudistyje_preparaty9/klopidogrelask-teva_tb_100mg75mg_%E2%84%96100.html;;2132 руб.
29-03-2022;;OVIE Омега-3 90% капс №30;Лекоптторг;https://lekopttorg.ru/catalog/lekarstva_i_bady/vitaminy9/ovie_omega-3_90%25_kaps_%E2%84%9630.html;;790 руб.
29-03-2022;;Роксера тб п/о 5мг №90;Лекоптторг;https://lekopttorg.ru/catalog/lekarstva_i_bady/serdechno-sosudistyje_preparaty9/roksera_tb_po_5mg_%E2%84%9690.html;;1611 руб.
29-03-2022;;Эссенциальные фосфолипиды OVIE капс №90;Лекоптторг;https://lekopttorg.ru/catalog/lekarstva_i_bady/zheludochno-kishechnyje_preparaty9/essencialnyje_fosfolipidy_ovie_kaps_%E2%84%9690.html;;790 руб.
29-03-2022;;Орлистат-Акрихин капс 120мг №84;Лекоптторг;https://lekopttorg.ru/catalog/lekarstva_i_bady/regulatory_massy_tela_korrekcija_figury9/orlistat-akrihin_kaps_120mg_%E2%84%9684.html;;3053 руб.
29-03-2022;;Трилактан капли гл 0,005% фл-кап 2,5мл №3;Лекоптторг;https://lekopttorg.ru/catalog/lekarstva_i_bady/glaznyje_ushnyje_kapli_mazi9/trilaktan_kapli_gl_0005%25_fl-kap_25ml_%E2%84%963.html;;1448 руб.
29-03-2022;;Кветиапин тб п/о 200мг №60 Ж;Лекоптторг;https://lekopttorg.ru/catalog/lekarstva_i_bady/preparaty_dla_lechenija_zabolevanij_nervnoj_sistemy9/kvetiapin_tb_po_200mg_%E2%84%9660_zh.html;;2273 руб.
29-03-2022;;OVIE Витамин D3 2000 ME капс №60;Лекоптторг;https://lekopttorg.ru/catalog/lekarstva_i_bady/vitaminy9/ovie_vitamin_d3_2000_me_kaps_%E2%84%9660.html;;490 руб.
29-03-2022;;Вальсакор тб п/о 80мг №90;Лекоптторг;https://lekopttorg.ru/catalog/lekarstva_i_bady/serdechno-sosudistyje_preparaty9/valsakor_tb_po_80mg_%E2%84%9690.html;;1212 руб.
29-03-2022;;Розувастатин тб п/о 10мг №90;Лекоптторг;https://lekopttorg.ru/catalog/lekarstva_i_bady/serdechno-sosudistyje_preparaty9/rozuvastatin_tb_po_10mg_%E2%84%9690.html;;1203 руб.
29-03-2022;;GOLDICA ГХ комплекс с МСМ 500мл;Лекоптторг;https://lekopttorg.ru/catalog/lekarstva_i_bady/preparaty_dla_lechenija_zabolevanij_oporno-dvigatelnogo_apparata9/goldica_gkh_kompleks_s_msm_500ml.html;;1499 руб.
29-03-2022;;OVIECARE пеленки впитывающие одноразовые 60*90 №30;Лекоптторг;https://lekopttorg.ru/catalog/medicinskije_izdelija/sredstva_dla_uhoda_za_bolnymi28/oviecare_pelenki_vpityvajushhije_odnorazovyje_6090_%E2%84%9630.html;;760 руб.
29-03-2022;;Ангиорус тб п/о 100мг+900мг №60;Лекоптторг;https://lekopttorg.ru/catalog/lekarstva_i_bady/serdechno-sosudistyje_preparaty9/angiorus_tb_po_100mg900mg_%E2%84%9660.html;;1500 руб.
29-03-2022;;Уник Омега-3 и Ламинария капс №60;Лекоптторг;https://lekopttorg.ru/catalog/lekarstva_i_bady/vitaminy9/unik_omega-3_i_laminarija_kaps_%E2%84%9660.html;;499 руб.
29-03-2022;;Уник Омега-3 и Лютеин Зеаксантин капс №60;Лекоптторг;https://lekopttorg.ru/catalog/lekarstva_i_bady/vitaminy9/unik_omega-3_i_lutein_zeaksantin_kaps_%E2%84%9660.html;;499 руб.
29-03-2022;;Уник Омега-3 и Коэнзим Q10 капс №60;Лекоптторг;https://lekopttorg.ru/catalog/lekarstva_i_bady/vitaminy9/unik_omega-3_i_koenzim_q10_kaps_%E2%84%9660.html;;499 руб.
29-03-2022;;Уник Омега-3 и Коллаген капс №60;Лекоптторг;https://lekopttorg.ru/catalog/lekarstva_i_bady/vitaminy9/unik_omega-3_i_kollagen_kaps_%E2%84%9660.html;;499 руб.
29-03-2022;;GOLDICA ГХ комплекс тб №100;Лекоптторг;https://lekopttorg.ru/catalog/lekarstva_i_bady/preparaty_dla_lechenija_zabolevanij_oporno-dvigatelnogo_apparata9/goldica_gkh_kompleks_tb_%E2%84%96100.html;;1650 руб.
29-03-2022;;Ферматрон Плюс 30мг/2мл шприц №1;Лекоптторг;https://lekopttorg.ru/catalog/medicinskije_izdelija/preparaty_dla_lechenija_zabolevanij_oporno-dvigatelnogo_apparata28/fermatron_plus_30mg2ml_shpric_%E2%84%961.html;;11432 руб.
29-03-2022;;Ферматрон 20мг/2мл шприц №1;Лекоптторг;https://lekopttorg.ru/catalog/medicinskije_izdelija/preparaty_dla_lechenija_zabolevanij_oporno-dvigatelnogo_apparata28/fermatron_20mg2ml_shpric_%E2%84%961.html;;7118 руб.
29-03-2022;;Флексотрон Ультра Имплант вязкоэл д/вн/суст вв 2,5% 25мг/мл 4,8мл №1 шприц;Лекоптторг;https://lekopttorg.ru/catalog/medicinskije_izdelija/preparaty_dla_lechenija_zabolevanij_oporno-dvigatelnogo_apparata28/fleksotron_ultra_implant_vazkoel_dvnsust_vv_25%25_25mgml_48ml_%E2%84%961_shpric.html;;22086 руб.
29-03-2022;;Флексотрон Кросс Имплант вязкоэласт д/вн/суст вв 60мг/3мл №1;Лекоптторг;https://lekopttorg.ru/catalog/medicinskije_izdelija/preparaty_dla_lechenija_zabolevanij_oporno-dvigatelnogo_apparata28/fleksotron_kross_implant_vazkoelast_dvnsust_vv_60mg3ml_%E2%84%961.html;;20677 руб.
29-03-2022;;Флексотрон Соло Имплант вязкоэл д/вн/суст вв 2,2% 44мг/2мл №1 шприц;Лекоптторг;https://lekopttorg.ru/catalog/medicinskije_izdelija/preparaty_dla_lechenija_zabolevanij_oporno-dvigatelnogo_apparata28/fleksotron_solo_implant_vazkoel_dvnsust_vv_22%25_44mg2ml_%E2%84%961_shpric.html;;17376 руб.
29-03-2022;;Флексотрон Смарт Имплант вязкоэласт д/вн/суст вв 1,6% 16мг/мл 2мл №1 шприц;Лекоптторг;https://lekopttorg.ru/catalog/medicinskije_izdelija/preparaty_dla_lechenija_zabolevanij_oporno-dvigatelnogo_apparata28/fleksotron_smart_implant_vazkoelast_dvnsust_vv_16%25_16mgml_2ml_%E2%84%961_shpric.html;;9137 руб.
29-03-2022;;Хронотрон гель-импл ин д/в/суст вв 20мг/мл №1 шприц;Лекоптторг;https://lekopttorg.ru/catalog/medicinskije_izdelija/protivovospalitelnyje_preparaty_dla_inekcij28/hronotron_gel-impl_in_dvsust_vv_20mgml_%E2%84%961_shpric.html;;11524 руб.
29-03-2022;;Мовалис амп 15мг/1,5мл №5;Лекоптторг;https://lekopttorg.ru/catalog/lekarstva_i_bady/protivovospalitelnyje_preparaty_dla_inekcij9/movalis_amp_15mg15ml_%E2%84%965.html;;1351 руб.
29-03-2022;;Мовалис амп 15мг/1,5мл №3;Лекоптторг;https://lekopttorg.ru/catalog/lekarstva_i_bady/protivovospalitelnyje_preparaty_dla_inekcij9/movalis_amp_15mg15ml_%E2%84%963.html;;938 руб.
29-03-2022;;Мовалис тб 15мг №20;Лекоптторг;https://lekopttorg.ru/catalog/lekarstva_i_bady/protivovospalitelnyje_preparaty_dla_vnutrennego_primenenija9/movalis_tb_15mg_%E2%84%9620.html;;1014 руб.
29-03-2022;;Мовалис тб 15мг №10;Лекоптторг;https://lekopttorg.ru/catalog/lekarstva_i_bady/protivovospalitelnyje_preparaty_dla_vnutrennego_primenenija9/movalis_tb_15mg_%E2%84%9610.html;;708 руб.
29-03-2022;;Мовалис тб 7,5мг №20;Лекоптторг;https://lekopttorg.ru/catalog/lekarstva_i_bady/protivovospalitelnyje_preparaty_dla_vnutrennego_primenenija9/movalis_tb_75mg_%E2%84%9620.html;;839 руб.
29-03-2022;;Мелоксикам-Тева тб 15мг №20;Лекоптторг;https://lekopttorg.ru/catalog/lekarstva_i_bady/protivovospalitelnyje_preparaty_dla_vnutrennego_primenenija9/meloksikam-teva_tb_15mg_%E2%84%9620.html;;408 руб.
29-03-2022;;Мелоксикам-Тева тб 7,5мг №20;Лекоптторг;https://lekopttorg.ru/catalog/lekarstva_i_bady/protivovospalitelnyje_preparaty_dla_vnutrennego_primenenija9/meloksikam-teva_tb_75mg_%E2%84%9620.html;;247 руб.
29-03-2022;;Амелотекс супп рект 15мг №6;Лекоптторг;https://lekopttorg.ru/catalog/lekarstva_i_bady/protivovospalitelnyje_preparaty_dla_naruzhnogo_primenenija9/ameloteks_supp_rekt_15mg_%E2%84%966.html;;465 руб.
29-03-2022;;Амелотекс гель 1% 50г;Лекоптторг;https://lekopttorg.ru/catalog/lekarstva_i_bady/protivovospalitelnyje_preparaty_dla_naruzhnogo_primenenija9/ameloteks_gel_1%25_50g.html;;426 руб.
29-03-2022;;Матарен плюс крем 30г;Лекоптторг;https://lekopttorg.ru/catalog/lekarstva_i_bady/protivovospalitelnyje_preparaty_dla_naruzhnogo_primenenija9/mataren_plus_krem_30g.html;;371 руб.
29-03-2022;;Артрозан амп 6мг/мл 2,5мл №10;Лекоптторг;https://lekopttorg.ru/catalog/lekarstva_i_bady/protivovospalitelnyje_preparaty_dla_inekcij9/artrozan_amp_6mgml_25ml_%E2%84%9610.html;;678 руб.
29-03-2022;;Амелотекс супп рект 7,5мг №6;Лекоптторг;https://lekopttorg.ru/catalog/lekarstva_i_bady/protivovospalitelnyje_preparaty_dla_naruzhnogo_primenenija9/ameloteks_supp_rekt_75mg_%E2%84%966.html;;246 руб.
29-03-2022;;Артрозан тб 15мг №20;Лекоптторг;https://lekopttorg.ru/catalog/lekarstva_i_bady/protivovospalitelnyje_preparaty_dla_vnutrennego_primenenija9/artrozan_tb_15mg_%E2%84%9620.html;;343 руб.
29-03-2022;;Артрозан амп 6мг/мл 2,5мл №3;Лекоптторг;https://lekopttorg.ru/catalog/lekarstva_i_bady/protivovospalitelnyje_preparaty_dla_inekcij9/artrozan_amp_6mgml_25ml_%E2%84%963.html;;247 руб.
29-03-2022;;Амелотекс амп 10мг/мл 1,5мл №5;Лекоптторг;https://lekopttorg.ru/catalog/lekarstva_i_bady/protivovospalitelnyje_preparaty_dla_inekcij9/ameloteks_amp_10mgml_15ml_%E2%84%965.html;;658 руб.
29-03-2022;;Амелотекс тб 15мг №20;Лекоптторг;https://lekopttorg.ru/catalog/lekarstva_i_bady/protivovospalitelnyje_preparaty_dla_vnutrennego_primenenija9/ameloteks_tb_15mg_%E2%84%9620.html;;306 руб.
29-03-2022;;Мелоксикам-OBL тб 15мг №20;Лекоптторг;https://lekopttorg.ru/catalog/lekarstva_i_bady/protivovospalitelnyje_preparaty_dla_vnutrennego_primenenija9/meloksikam-obl_tb_15mg_%E2%84%9620.html;;95 руб.
29-03-2022;;Амелотекс супп рект 15мг №6;Лекоптторг;https://lekopttorg.ru/catalog/lekarstva_i_bady/protivovospalitelnyje_preparaty_dla_naruzhnogo_primenenija9/ameloteks_supp_rekt_15mg_%E2%84%966.html;;465 руб.
29-03-2022;;Амелотекс амп 10мг/мл 1,5мл №10;Лекоптторг;https://lekopttorg.ru/catalog/lekarstva_i_bady/protivovospalitelnyje_preparaty_dla_inekcij9/ameloteks_amp_10mgml_15ml_%E2%84%9610.html;;837 руб.
29-03-2022;;Амелотекс гель 1% 50г;Лекоптторг;https://lekopttorg.ru/catalog/lekarstva_i_bady/protivovospalitelnyje_preparaty_dla_naruzhnogo_primenenija9/ameloteks_gel_1%25_50g.html;;426 руб.
29-03-2022;;Амелотекс супп рект 7,5мг №6;Лекоптторг;https://lekopttorg.ru/catalog/lekarstva_i_bady/protivovospalitelnyje_preparaty_dla_naruzhnogo_primenenija9/ameloteks_supp_rekt_75mg_%E2%84%966.html;;246 руб.
29-03-2022;;Амелотекс тб 15мг №10;Лекоптторг;https://lekopttorg.ru/catalog/lekarstva_i_bady/protivovospalitelnyje_preparaty_dla_vnutrennego_primenenija9/ameloteks_tb_15mg_%E2%84%9610.html;;215 руб.
29-03-2022;;Мелоксикам-Тева тб 15мг №20;Лекоптторг;https://lekopttorg.ru/catalog/lekarstva_i_bady/protivovospalitelnyje_preparaty_dla_vnutrennego_primenenija9/meloksikam-teva_tb_15mg_%E2%84%9620.html;;408 руб.
29-03-2022;;Мелоксикам-Солофарм/Элокс амп 10мг/мл 1,5мл №5;Лекоптторг;https://lekopttorg.ru/catalog/lekarstva_i_bady/protivovospalitelnyje_preparaty_dla_inekcij9/meloksikam-solofarmeloks_amp_10mgml_15ml_%E2%84%965.html;;390 руб.
29-03-2022;;Мелоксикам-Тева тб 7,5мг №20;Лекоптторг;https://lekopttorg.ru/catalog/lekarstva_i_bady/protivovospalitelnyje_preparaty_dla_vnutrennego_primenenija9/meloksikam-teva_tb_75mg_%E2%84%9620.html;;247 руб.
29-03-2022;;Мелоксикам амп 10мг/мл 1,5мл №3;Лекоптторг;https://lekopttorg.ru/catalog/lekarstva_i_bady/protivovospalitelnyje_preparaty_dla_inekcij9/meloksikam_amp_10mgml_15ml_%E2%84%963.html;;242 руб.
29-03-2022;;Мелоксикам-АКОС тб 15мг №20;Лекоптторг;https://lekopttorg.ru/catalog/lekarstva_i_bady/protivovospalitelnyje_preparaty_dla_vnutrennego_primenenija9/meloksikam_tb_15mg_%E2%84%9620.html;;107 руб.
29-03-2022;;Мелоксикам-OBL тб 15мг №20;Лекоптторг;https://lekopttorg.ru/catalog/lekarstva_i_bady/protivovospalitelnyje_preparaty_dla_vnutrennego_primenenija9/meloksikam-obl_tb_15mg_%E2%84%9620.html;;95 руб.
29-03-2022;;Мовалис амп 15мг/1,5мл №5;Лекоптторг;https://lekopttorg.ru/catalog/lekarstva_i_bady/protivovospalitelnyje_preparaty_dla_inekcij9/movalis_amp_15mg15ml_%E2%84%965.html;;1351 руб.
29-03-2022;;Мовалис амп 15мг/1,5мл №3;Лекоптторг;https://lekopttorg.ru/catalog/lekarstva_i_bady/protivovospalitelnyje_preparaty_dla_inekcij9/movalis_amp_15mg15ml_%E2%84%963.html;;938 руб.
29-03-2022;;Амелотекс супп рект 15мг №6;Лекоптторг;https://lekopttorg.ru/catalog/lekarstva_i_bady/protivovospalitelnyje_preparaty_dla_naruzhnogo_primenenija9/ameloteks_supp_rekt_15mg_%E2%84%966.html;;465 руб.
29-03-2022;;Мовалис тб 15мг №20;Лекоптторг;https://lekopttorg.ru/catalog/lekarstva_i_bady/protivovospalitelnyje_preparaty_dla_vnutrennego_primenenija9/movalis_tb_15mg_%E2%84%9620.html;;1014 руб.
29-03-2022;;Амелотекс гель 1% 50г;Лекоптторг;https://lekopttorg.ru/catalog/lekarstva_i_bady/protivovospalitelnyje_preparaty_dla_naruzhnogo_primenenija9/ameloteks_gel_1%25_50g.html;;426 руб.
29-03-2022;;Матарен плюс крем 30г;Лекоптторг;https://lekopttorg.ru/catalog/lekarstva_i_bady/protivovospalitelnyje_preparaty_dla_naruzhnogo_primenenija9/mataren_plus_krem_30g.html;;371 руб.
29-03-2022;;Мовалис тб 15мг №10;Лекоптторг;https://lekopttorg.ru/catalog/lekarstva_i_bady/protivovospalitelnyje_preparaty_dla_vnutrennego_primenenija9/movalis_tb_15mg_%E2%84%9610.html;;708 руб.
29-03-2022;;Артрозан амп 6мг/мл 2,5мл №10;Лекоптторг;https://lekopttorg.ru/catalog/lekarstva_i_bady/protivovospalitelnyje_preparaty_dla_inekcij9/artrozan_amp_6mgml_25ml_%E2%84%9610.html;;678 руб.
29-03-2022;;Амелотекс супп рект 7,5мг №6;Лекоптторг;https://lekopttorg.ru/catalog/lekarstva_i_bady/protivovospalitelnyje_preparaty_dla_naruzhnogo_primenenija9/ameloteks_supp_rekt_75mg_%E2%84%966.html;;246 руб.
29-03-2022;;Артрозан тб 15мг №20;Лекоптторг;https://lekopttorg.ru/catalog/lekarstva_i_bady/protivovospalitelnyje_preparaty_dla_vnutrennego_primenenija9/artrozan_tb_15mg_%E2%84%9620.html;;343 руб.
29-03-2022;;Артрозан амп 6мг/мл 2,5мл №3;Лекоптторг;https://lekopttorg.ru/catalog/lekarstva_i_bady/protivovospalitelnyje_preparaty_dla_inekcij9/artrozan_amp_6mgml_25ml_%E2%84%963.html;;247 руб.
29-03-2022;;Амелотекс амп 10мг/мл 1,5мл №5;Лекоптторг;https://lekopttorg.ru/catalog/lekarstva_i_bady/protivovospalitelnyje_preparaty_dla_inekcij9/ameloteks_amp_10mgml_15ml_%E2%84%965.html;;658 руб.
29-03-2022;;Мовалис тб 7,5мг №20;Лекоптторг;https://lekopttorg.ru/catalog/lekarstva_i_bady/protivovospalitelnyje_preparaty_dla_vnutrennego_primenenija9/movalis_tb_75mg_%E2%84%9620.html;;839 руб.
29-03-2022;;Амелотекс тб 15мг №20;Лекоптторг;https://lekopttorg.ru/catalog/lekarstva_i_bady/protivovospalitelnyje_preparaty_dla_vnutrennego_primenenija9/ameloteks_tb_15mg_%E2%84%9620.html;;306 руб.
29-03-2022;;Артрозан амп 6мг/мл 2,5мл №10;Лекоптторг;https://lekopttorg.ru/catalog/lekarstva_i_bady/protivovospalitelnyje_preparaty_dla_inekcij9/artrozan_amp_6mgml_25ml_%E2%84%9610.html;;678 руб.
29-03-2022;;Артрозан амп полим 6мг/мл 2,5мл №5;Лекоптторг;https://lekopttorg.ru/catalog/lekarstva_i_bady/protivovospalitelnyje_preparaty_dla_inekcij9/artrozan_amp_polim_6mgml_25ml_%E2%84%965.html;;426 руб.
29-03-2022;;Артрозан тб 15мг №20;Лекоптторг;https://lekopttorg.ru/catalog/lekarstva_i_bady/protivovospalitelnyje_preparaty_dla_vnutrennego_primenenija9/artrozan_tb_15mg_%E2%84%9620.html;;343 руб.
29-03-2022;;Артрозан амп 6мг/мл 2,5мл №3;Лекоптторг;https://lekopttorg.ru/catalog/lekarstva_i_bady/protivovospalitelnyje_preparaty_dla_inekcij9/artrozan_amp_6mgml_25ml_%E2%84%963.html;;247 руб.
29-03-2022;;Мелоксикам-Тева тб 15мг №20;Лекоптторг;https://lekopttorg.ru/catalog/lekarstva_i_bady/protivovospalitelnyje_preparaty_dla_vnutrennego_primenenija9/meloksikam-teva_tb_15mg_%E2%84%9620.html;;408 руб.
29-03-2022;;Мелоксикам-Тева тб 7,5мг №20;Лекоптторг;https://lekopttorg.ru/catalog/lekarstva_i_bady/protivovospalitelnyje_preparaty_dla_vnutrennego_primenenija9/meloksikam-teva_tb_75mg_%E2%84%9620.html;;247 руб.
29-03-2022;;Мовалис амп 15мг/1,5мл №5;Лекоптторг;https://lekopttorg.ru/catalog/lekarstva_i_bady/protivovospalitelnyje_preparaty_dla_inekcij9/movalis_amp_15mg15ml_%E2%84%965.html;;1351 руб.
29-03-2022;;Мовалис амп 15мг/1,5мл №3;Лекоптторг;https://lekopttorg.ru/catalog/lekarstva_i_bady/protivovospalitelnyje_preparaty_dla_inekcij9/movalis_amp_15mg15ml_%E2%84%963.html;;938 руб.
29-03-2022;;Амелотекс супп рект 15мг №6;Лекоптторг;https://lekopttorg.ru/catalog/lekarstva_i_bady/protivovospalitelnyje_preparaty_dla_naruzhnogo_primenenija9/ameloteks_supp_rekt_15mg_%E2%84%966.html;;465 руб.
29-03-2022;;Мовалис тб 15мг №20;Лекоптторг;https://lekopttorg.ru/catalog/lekarstva_i_bady/protivovospalitelnyje_preparaty_dla_vnutrennego_primenenija9/movalis_tb_15mg_%E2%84%9620.html;;1014 руб.
29-03-2022;;Амелотекс гель 1% 50г;Лекоптторг;https://lekopttorg.ru/catalog/lekarstva_i_bady/protivovospalitelnyje_preparaty_dla_naruzhnogo_primenenija9/ameloteks_gel_1%25_50g.html;;426 руб.
29-03-2022;;Матарен плюс крем 30г;Лекоптторг;https://lekopttorg.ru/catalog/lekarstva_i_bady/protivovospalitelnyje_preparaty_dla_naruzhnogo_primenenija9/mataren_plus_krem_30g.html;;371 руб.
29-03-2022;;Мовалис тб 15мг №10;Лекоптторг;https://lekopttorg.ru/catalog/lekarstva_i_bady/protivovospalitelnyje_preparaty_dla_vnutrennego_primenenija9/movalis_tb_15mg_%E2%84%9610.html;;708 руб.
29-03-2022;;Амелотекс супп рект 7,5мг №6;Лекоптторг;https://lekopttorg.ru/catalog/lekarstva_i_bady/protivovospalitelnyje_preparaty_dla_naruzhnogo_primenenija9/ameloteks_supp_rekt_75mg_%E2%84%966.html;;246 руб.
29-03-2022;;Амелотекс амп 10мг/мл 1,5мл №5;Лекоптторг;https://lekopttorg.ru/catalog/lekarstva_i_bady/protivovospalitelnyje_preparaty_dla_inekcij9/ameloteks_amp_10mgml_15ml_%E2%84%965.html;;658 руб.
29-03-2022;;Мовалис тб 7,5мг №20;Лекоптторг;https://lekopttorg.ru/catalog/lekarstva_i_bady/protivovospalitelnyje_preparaty_dla_vnutrennego_primenenija9/movalis_tb_75mg_%E2%84%9620.html;;839 руб.
29-03-2022;;Амелотекс тб 15мг №20;Лекоптторг;https://lekopttorg.ru/catalog/lekarstva_i_bady/protivovospalitelnyje_preparaty_dla_vnutrennego_primenenija9/ameloteks_tb_15mg_%E2%84%9620.html;;306 руб.
29-03-2022;;Мелоксикам-OBL тб 15мг №20;Лекоптторг;https://lekopttorg.ru/catalog/lekarstva_i_bady/protivovospalitelnyje_preparaty_dla_vnutrennego_primenenija9/meloksikam-obl_tb_15mg_%E2%84%9620.html;;95 руб.
29-03-2022;;Мелоксикам-Тева тб 15мг №20;Лекоптторг;https://lekopttorg.ru/catalog/lekarstva_i_bady/protivovospalitelnyje_preparaty_dla_vnutrennego_primenenija9/meloksikam-teva_tb_15mg_%E2%84%9620.html;;408 руб.
29-03-2022;;Мелоксикам-Солофарм/Элокс амп 10мг/мл 1,5мл №5;Лекоптторг;https://lekopttorg.ru/catalog/lekarstva_i_bady/protivovospalitelnyje_preparaty_dla_inekcij9/meloksikam-solofarmeloks_amp_10mgml_15ml_%E2%84%965.html;;390 руб.
29-03-2022;;Мелоксикам-Тева тб 7,5мг №20;Лекоптторг;https://lekopttorg.ru/catalog/lekarstva_i_bady/protivovospalitelnyje_preparaty_dla_vnutrennego_primenenija9/meloksikam-teva_tb_75mg_%E2%84%9620.html;;247 руб.
29-03-2022;;Мелоксикам амп 10мг/мл 1,5мл №3;Лекоптторг;https://lekopttorg.ru/catalog/lekarstva_i_bady/protivovospalitelnyje_preparaty_dla_inekcij9/meloksikam_amp_10mgml_15ml_%E2%84%963.html;;242 руб.
29-03-2022;;Мелоксикам-АКОС тб 15мг №20;Лекоптторг;https://lekopttorg.ru/catalog/lekarstva_i_bady/protivovospalitelnyje_preparaty_dla_vnutrennego_primenenija9/meloksikam_tb_15mg_%E2%84%9620.html;;107 руб.
29-03-2022;;Мелоксикам-OBL тб 15мг №20;Лекоптторг;https://lekopttorg.ru/catalog/lekarstva_i_bady/protivovospalitelnyje_preparaty_dla_vnutrennego_primenenija9/meloksikam-obl_tb_15mg_%E2%84%9620.html;;95 руб.
29-03-2022;;Мовалис амп 15мг/1,5мл №5;Лекоптторг;https://lekopttorg.ru/catalog/lekarstva_i_bady/protivovospalitelnyje_preparaty_dla_inekcij9/movalis_amp_15mg15ml_%E2%84%965.html;;1351 руб.
29-03-2022;;Мовалис амп 15мг/1,5мл №3;Лекоптторг;https://lekopttorg.ru/catalog/lekarstva_i_bady/protivovospalitelnyje_preparaty_dla_inekcij9/movalis_amp_15mg15ml_%E2%84%963.html;;938 руб.
29-03-2022;;Амелотекс супп рект 15мг №6;Лекоптторг;https://lekopttorg.ru/catalog/lekarstva_i_bady/protivovospalitelnyje_preparaty_dla_naruzhnogo_primenenija9/ameloteks_supp_rekt_15mg_%E2%84%966.html;;465 руб.
29-03-2022;;Мовалис тб 15мг №20;Лекоптторг;https://lekopttorg.ru/catalog/lekarstva_i_bady/protivovospalitelnyje_preparaty_dla_vnutrennego_primenenija9/movalis_tb_15mg_%E2%84%9620.html;;1014 руб.
29-03-2022;;Амелотекс гель 1% 50г;Лекоптторг;https://lekopttorg.ru/catalog/lekarstva_i_bady/protivovospalitelnyje_preparaty_dla_naruzhnogo_primenenija9/ameloteks_gel_1%25_50g.html;;426 руб.
29-03-2022;;Матарен плюс крем 30г;Лекоптторг;https://lekopttorg.ru/catalog/lekarstva_i_bady/protivovospalitelnyje_preparaty_dla_naruzhnogo_primenenija9/mataren_plus_krem_30g.html;;371 руб.
29-03-2022;;Мовалис тб 15мг №10;Лекоптторг;https://lekopttorg.ru/catalog/lekarstva_i_bady/protivovospalitelnyje_preparaty_dla_vnutrennego_primenenija9/movalis_tb_15mg_%E2%84%9610.html;;708 руб.
29-03-2022;;Артрозан амп 6мг/мл 2,5мл №10;Лекоптторг;https://lekopttorg.ru/catalog/lekarstva_i_bady/protivovospalitelnyje_preparaty_dla_inekcij9/artrozan_amp_6mgml_25ml_%E2%84%9610.html;;678 руб.
29-03-2022;;Амелотекс супп рект 7,5мг №6;Лекоптторг;https://lekopttorg.ru/catalog/lekarstva_i_bady/protivovospalitelnyje_preparaty_dla_naruzhnogo_primenenija9/ameloteks_supp_rekt_75mg_%E2%84%966.html;;246 руб.
29-03-2022;;Артрозан тб 15мг №20;Лекоптторг;https://lekopttorg.ru/catalog/lekarstva_i_bady/protivovospalitelnyje_preparaty_dla_vnutrennego_primenenija9/artrozan_tb_15mg_%E2%84%9620.html;;343 руб.
29-03-2022;;Артрозан амп 6мг/мл 2,5мл №3;Лекоптторг;https://lekopttorg.ru/catalog/lekarstva_i_bady/protivovospalitelnyje_preparaty_dla_inekcij9/artrozan_amp_6mgml_25ml_%E2%84%963.html;;247 руб.
29-03-2022;;Амелотекс амп 10мг/мл 1,5мл №5;Лекоптторг;https://lekopttorg.ru/catalog/lekarstva_i_bady/protivovospalitelnyje_preparaty_dla_inekcij9/ameloteks_amp_10mgml_15ml_%E2%84%965.html;;658 руб.
29-03-2022;;Мовалис тб 7,5мг №20;Лекоптторг;https://lekopttorg.ru/catalog/lekarstva_i_bady/protivovospalitelnyje_preparaty_dla_vnutrennego_primenenija9/movalis_tb_75mg_%E2%84%9620.html;;839 руб.
29-03-2022;;Амелотекс тб 15мг №20;Лекоптторг;https://lekopttorg.ru/catalog/lekarstva_i_bady/protivovospalitelnyje_preparaty_dla_vnutrennego_primenenija9/ameloteks_tb_15mg_%E2%84%9620.html;;306 руб.
29-03-2022;;Мелоксикам-Солофарм/Элокс амп 10мг/мл 1,5мл №5;Лекоптторг;https://lekopttorg.ru/catalog/lekarstva_i_bady/protivovospalitelnyje_preparaty_dla_inekcij9/meloksikam-solofarmeloks_amp_10mgml_15ml_%E2%84%965.html;;390 руб.
29-03-2022;;Генитрон р-р в/м 10мг/мл амп 1,5мл №5;Лекоптторг;https://lekopttorg.ru/catalog/lekarstva_i_bady/protivovospalitelnyje_preparaty_dla_inekcij9/genitron_r-r_vm_10mgml_amp_15ml_%E2%84%965.html;;689 руб.
29-03-2022;;Амелотекс амп 10мг/мл 1,5мл №10;Лекоптторг;https://lekopttorg.ru/catalog/lekarstva_i_bady/protivovospalitelnyje_preparaty_dla_inekcij9/ameloteks_amp_10mgml_15ml_%E2%84%9610.html;;837 руб.
29-03-2022;;Амелотекс тб 15мг №10;Лекоптторг;https://lekopttorg.ru/catalog/lekarstva_i_bady/protivovospalitelnyje_preparaty_dla_vnutrennego_primenenija9/ameloteks_tb_15mg_%E2%84%9610.html;;215 руб.
29-03-2022;;Генитрон р-р в/м 10мг/мл амп 1,5мл №5;Лекоптторг;https://lekopttorg.ru/catalog/lekarstva_i_bady/protivovospalitelnyje_preparaty_dla_inekcij9/genitron_r-r_vm_10mgml_amp_15ml_%E2%84%965.html;;689 руб.
29-03-2022;;Мелоксикам-Солофарм/Элокс амп 10мг/мл 1,5мл №5;Лекоптторг;https://lekopttorg.ru/catalog/lekarstva_i_bady/protivovospalitelnyje_preparaty_dla_inekcij9/meloksikam-solofarmeloks_amp_10mgml_15ml_%E2%84%965.html;;390 руб.
29-03-2022;;Амелотекс амп 10мг/мл 1,5мл №10;Лекоптторг;https://lekopttorg.ru/catalog/lekarstva_i_bady/protivovospalitelnyje_preparaty_dla_inekcij9/ameloteks_amp_10mgml_15ml_%E2%84%9610.html;;837 руб.
29-03-2022;;Амелотекс тб 15мг №10;Лекоптторг;https://lekopttorg.ru/catalog/lekarstva_i_bady/protivovospalitelnyje_preparaty_dla_vnutrennego_primenenija9/ameloteks_tb_15mg_%E2%84%9610.html;;215 руб.
29-03-2022;;Алфлутоп амп 20мг 2мл №10;Лекоптторг;https://lekopttorg.ru/catalog/lekarstva_i_bady/preparaty_dla_lechenija_zabolevanij_oporno-dvigatelnogo_apparata9/alflutop_amp_20mg_2ml_%E2%84%9610.html;;5677 руб.
29-03-2022;;Алфлутоп амп 10мг/мл 1мл №10;Лекоптторг;https://lekopttorg.ru/catalog/lekarstva_i_bady/preparaty_dla_lechenija_zabolevanij_oporno-dvigatelnogo_apparata9/alflutop_amp_10mgml_1ml_%E2%84%9610.html;;2575 руб.
29-03-2022;;Алфлутоп амп 20мг 2мл №5;Лекоптторг;https://lekopttorg.ru/catalog/lekarstva_i_bady/preparaty_dla_lechenija_zabolevanij_oporno-dvigatelnogo_apparata9/alflutop_amp_20mg_2ml_%E2%84%965.html;;2918 руб.
29-03-2022;;АМБЕНЕ Био р-р д/ин амп 1мл №10;Лекоптторг;https://lekopttorg.ru/catalog/lekarstva_i_bady/preparaty_dla_lechenija_zabolevanij_oporno-dvigatelnogo_apparata9/ambene_bio_r-r_din_amp_1ml_%E2%84%9610.html;;2124 руб.
29-03-2022;;Хондрогард амп 100мг/мл 2мл №10;Лекоптторг;https://lekopttorg.ru/catalog/lekarstva_i_bady/preparaty_dla_lechenija_zabolevanij_oporno-dvigatelnogo_apparata9/hondrogard_amp_100mgml_2ml_%E2%84%9610.html;;2355 руб.
29-03-2022;;Хондрогард амп 100мг/мл 2мл №25;Лекоптторг;https://lekopttorg.ru/catalog/lekarstva_i_bady/preparaty_dla_lechenija_zabolevanij_oporno-dvigatelnogo_apparata9/hondrogard_amp_100mgml_2ml_%E2%84%9625.html;;3531 руб.
29-03-2022;;Хондрогард амп 100мг/мл 1мл №10;Лекоптторг;https://lekopttorg.ru/catalog/lekarstva_i_bady/preparaty_dla_lechenija_zabolevanij_oporno-dvigatelnogo_apparata9/hondrogard_amp_100mgml_1ml_%E2%84%9610.html;;1325 руб.
29-03-2022;;Хондроитин капс 250мг №50;Лекоптторг;https://lekopttorg.ru/catalog/lekarstva_i_bady/preparaty_dla_lechenija_zabolevanij_oporno-dvigatelnogo_apparata9/hondroitin_kaps_250mg_%E2%84%9650.html;;671 руб.
29-03-2022;;Мукосат р-р в/м 100мг/мл амп 2мл №5;Лекоптторг;https://lekopttorg.ru/catalog/lekarstva_i_bady/preparaty_dla_lechenija_zabolevanij_oporno-dvigatelnogo_apparata9/mukosat_r-r_vm_100mgml_amp_2ml_%E2%84%965.html;;892 руб.
29-03-2022;;Мукосат р-р в/м 100мг/мл амп 1мл №10;Лекоптторг;https://lekopttorg.ru/catalog/lekarstva_i_bady/preparaty_dla_lechenija_zabolevanij_oporno-dvigatelnogo_apparata9/mukosat_r-r_vm_100mgml_amp_1ml_%E2%84%9610.html;;1010 руб.
29-03-2022;;Хондроитин гель 5% 30г;Лекоптторг;https://lekopttorg.ru/catalog/lekarstva_i_bady/preparaty_dla_lechenija_zabolevanij_oporno-dvigatelnogo_apparata9/hondroitin_gel_5%25_30g.html;;211 руб.
29-03-2022;;Хондроитин-АКОС мазь 5% 30г;Лекоптторг;https://lekopttorg.ru/catalog/lekarstva_i_bady/preparaty_dla_lechenija_zabolevanij_oporno-dvigatelnogo_apparata9/hondroitin-akos_maz_5%25_30g.html;;237 руб.
29-03-2022;;Драстоп амп 100мг/мл 2мл №10;Лекоптторг;https://lekopttorg.ru/catalog/lekarstva_i_bady/preparaty_dla_lechenija_zabolevanij_oporno-dvigatelnogo_apparata9/drastop_amp_100mgml_2ml_%E2%84%9610.html;;1980 руб.
29-03-2022;;Хондролон амп 100мг №10;Лекоптторг;https://lekopttorg.ru/catalog/lekarstva_i_bady/preparaty_dla_lechenija_zabolevanij_oporno-dvigatelnogo_apparata9/hondrolon_amp_100mg_%E2%84%9610.html;;928 руб.
29-03-2022;;Артрадол лиоф для р/ра в/м 100мг амп 2мл №10;Лекоптторг;https://lekopttorg.ru/catalog/lekarstva_i_bady/preparaty_dla_lechenija_zabolevanij_oporno-dvigatelnogo_apparata9/artradol_liof_dla_rra_vm_100mg_amp_2ml_%E2%84%9610.html;;961 руб.
29-03-2022;;Драстоп амп 100мг/мл 2мл №10;Лекоптторг;https://lekopttorg.ru/catalog/lekarstva_i_bady/preparaty_dla_lechenija_zabolevanij_oporno-dvigatelnogo_apparata9/drastop_amp_100mgml_2ml_%E2%84%9610.html;;1980 руб.
29-03-2022;;Хондроитин капс 250мг №50;Лекоптторг;https://lekopttorg.ru/catalog/lekarstva_i_bady/preparaty_dla_lechenija_zabolevanij_oporno-dvigatelnogo_apparata9/hondroitin_kaps_250mg_%E2%84%9650.html;;671 руб.
29-03-2022;;Мукосат р-р в/м 100мг/мл амп 2мл №5;Лекоптторг;https://lekopttorg.ru/catalog/lekarstva_i_bady/preparaty_dla_lechenija_zabolevanij_oporno-dvigatelnogo_apparata9/mukosat_r-r_vm_100mgml_amp_2ml_%E2%84%965.html;;892 руб.
29-03-2022;;Мукосат р-р в/м 100мг/мл амп 1мл №10;Лекоптторг;https://lekopttorg.ru/catalog/lekarstva_i_bady/preparaty_dla_lechenija_zabolevanij_oporno-dvigatelnogo_apparata9/mukosat_r-r_vm_100mgml_amp_1ml_%E2%84%9610.html;;1010 руб.
29-03-2022;;Хондроитин гель 5% 30г;Лекоптторг;https://lekopttorg.ru/catalog/lekarstva_i_bady/preparaty_dla_lechenija_zabolevanij_oporno-dvigatelnogo_apparata9/hondroitin_gel_5%25_30g.html;;211 руб.
29-03-2022;;Хондроитин-АКОС мазь 5% 30г;Лекоптторг;https://lekopttorg.ru/catalog/lekarstva_i_bady/preparaty_dla_lechenija_zabolevanij_oporno-dvigatelnogo_apparata9/hondroitin-akos_maz_5%25_30g.html;;237 руб.
29-03-2022;;Хондрогард амп 100мг/мл 2мл №10;Лекоптторг;https://lekopttorg.ru/catalog/lekarstva_i_bady/preparaty_dla_lechenija_zabolevanij_oporno-dvigatelnogo_apparata9/hondrogard_amp_100mgml_2ml_%E2%84%9610.html;;2355 руб.
29-03-2022;;Хондрогард амп 100мг/мл 2мл №25;Лекоптторг;https://lekopttorg.ru/catalog/lekarstva_i_bady/preparaty_dla_lechenija_zabolevanij_oporno-dvigatelnogo_apparata9/hondrogard_amp_100mgml_2ml_%E2%84%9625.html;;3531 руб.
29-03-2022;;Хондролон амп 100мг №10;Лекоптторг;https://lekopttorg.ru/catalog/lekarstva_i_bady/preparaty_dla_lechenija_zabolevanij_oporno-dvigatelnogo_apparata9/hondrolon_amp_100mg_%E2%84%9610.html;;928 руб.
29-03-2022;;Артрадол лиоф для р/ра в/м 100мг амп 2мл №10;Лекоптторг;https://lekopttorg.ru/catalog/lekarstva_i_bady/preparaty_dla_lechenija_zabolevanij_oporno-dvigatelnogo_apparata9/artradol_liof_dla_rra_vm_100mg_amp_2ml_%E2%84%9610.html;;961 руб.
29-03-2022;;Мукосат р-р в/м 100мг/мл амп 2мл №10;Лекоптторг;https://lekopttorg.ru/catalog/lekarstva_i_bady/preparaty_dla_lechenija_zabolevanij_oporno-dvigatelnogo_apparata9/mukosat_r-r_vm_100mgml_amp_2ml_%E2%84%9610.html;;1880 руб.
29-03-2022;;Мукосат р-р в/м 100мг/мл амп 2мл №5;Лекоптторг;https://lekopttorg.ru/catalog/lekarstva_i_bady/preparaty_dla_lechenija_zabolevanij_oporno-dvigatelnogo_apparata9/mukosat_r-r_vm_100mgml_amp_2ml_%E2%84%965.html;;892 руб.
29-03-2022;;Мукосат р-р в/м 100мг/мл амп 1мл №10;Лекоптторг;https://lekopttorg.ru/catalog/lekarstva_i_bady/preparaty_dla_lechenija_zabolevanij_oporno-dvigatelnogo_apparata9/mukosat_r-r_vm_100mgml_amp_1ml_%E2%84%9610.html;;1010 руб.
29-03-2022;;Мукосат капс №80;Лекоптторг;https://lekopttorg.ru/catalog/lekarstva_i_bady/preparaty_dla_lechenija_zabolevanij_oporno-dvigatelnogo_apparata9/mukosat_kaps_%E2%84%9680.html;;1504 руб.
29-03-2022;;Румалон амп 1мл №25;Лекоптторг;https://lekopttorg.ru/catalog/lekarstva_i_bady/preparaty_dla_lechenija_zabolevanij_oporno-dvigatelnogo_apparata9/rumalon_amp_1ml_%E2%84%9625.html;;4382 руб.
29-03-2022;;Румалон амп 1мл №10;Лекоптторг;https://lekopttorg.ru/catalog/lekarstva_i_bady/preparaty_dla_lechenija_zabolevanij_oporno-dvigatelnogo_apparata9/rumalon_amp_1ml_%E2%84%9610.html;;2304 руб.
29-03-2022;;Дона пор 1500мг 1.5г №20;Лекоптторг;https://lekopttorg.ru/catalog/lekarstva_i_bady/preparaty_dla_lechenija_zabolevanij_oporno-dvigatelnogo_apparata9/dona_por_1500mg_15g_%E2%84%9620.html;;2237 руб.
29-03-2022;;Дона тб п/о 750мг N60;Лекоптторг;https://lekopttorg.ru/catalog/lekarstva_i_bady/preparaty_dla_lechenija_zabolevanij_oporno-dvigatelnogo_apparata9/dona_tb_po_750mg_n60.html;;2173 руб.
29-03-2022;;Дона тб п/о 750мг N180;Лекоптторг;https://lekopttorg.ru/catalog/lekarstva_i_bady/preparaty_dla_lechenija_zabolevanij_oporno-dvigatelnogo_apparata9/dona_tb_po_750mg_n180.html;;3109 руб.
29-03-2022;;Дона амп 400мг 2мл №6+р-ль;Лекоптторг;https://lekopttorg.ru/catalog/lekarstva_i_bady/preparaty_dla_lechenija_zabolevanij_oporno-dvigatelnogo_apparata9/dona_amp_400mg_2ml_%E2%84%966r-l.html;;2010 руб.
29-03-2022;;Вода минеральная Донат Mg 0,5л;Лекоптторг;https://lekopttorg.ru/catalog/lechebnoje_i_dijeticheskoje_pitanije/mineralnaja_voda38/voda_mineralnaja_donat_mg_05l.html;;312 руб.
29-03-2022;;Вода минеральная Донат Mg ПЭТ 1л;Лекоптторг;https://lekopttorg.ru/catalog/lechebnoje_i_dijeticheskoje_pitanije/mineralnaja_voda38/voda_mineralnaja_donat_mg_pet_1l.html;;351 руб.
29-03-2022;;Глюкозамин пор 1500мг  №20;Лекоптторг;https://lekopttorg.ru/catalog/lekarstva_i_bady/preparaty_dla_lechenija_zabolevanij_oporno-dvigatelnogo_apparata9/glukozamin_por_1500mg_%E2%84%9620.html;;1209 руб.
29-03-2022;;Сустагард Артро пор 1,5г пак №20;Лекоптторг;https://lekopttorg.ru/catalog/lekarstva_i_bady/preparaty_dla_lechenija_zabolevanij_oporno-dvigatelnogo_apparata9/sustagard_artro_por_15g_pak_%E2%84%9620.html;;1354 руб.
29-03-2022;;Сустагард Артро амп 200мг/мл 2мл №5+р-ль №5;Лекоптторг;https://lekopttorg.ru/catalog/lekarstva_i_bady/preparaty_dla_lechenija_zabolevanij_oporno-dvigatelnogo_apparata9/sustagard_artro_amp_200mgml_2ml_%E2%84%965r-l_%E2%84%965.html;;1438 руб.
29-03-2022;;Артракам пор 1,5г пак №20;Лекоптторг;https://lekopttorg.ru/catalog/lekarstva_i_bady/preparaty_dla_lechenija_zabolevanij_oporno-dvigatelnogo_apparata9/artrakam_por_15g_pak_%E2%84%9620.html;;1221 руб.
29-03-2022;;Эльбона амп 200мг/мл 2мл №6+р-ль;Лекоптторг;https://lekopttorg.ru/catalog/lekarstva_i_bady/preparaty_dla_lechenija_zabolevanij_oporno-dvigatelnogo_apparata9/elbona_amp_200mgml_2ml_%E2%84%966r-l.html;;1299 руб.
29-03-2022;;Глюкозамин тб п/о 750мг №60;Лекоптторг;https://lekopttorg.ru/catalog/lekarstva_i_bady/preparaty_dla_lechenija_zabolevanij_oporno-dvigatelnogo_apparata9/glukozamin_tb_po_750mg_%E2%84%9660.html;;905 руб.
29-03-2022;;Инъектран амп 100мг/мл 2мл №10;Лекоптторг;https://lekopttorg.ru/catalog/lekarstva_i_bady/preparaty_dla_lechenija_zabolevanij_oporno-dvigatelnogo_apparata9/inektran_amp_100mgml_2ml_%E2%84%9610.html;;2240 руб.
29-03-2022;;Хондроитин капс 250мг №50;Лекоптторг;https://lekopttorg.ru/catalog/lekarstva_i_bady/preparaty_dla_lechenija_zabolevanij_oporno-dvigatelnogo_apparata9/hondroitin_kaps_250mg_%E2%84%9650.html;;671 руб.
29-03-2022;;Мукосат р-р в/м 100мг/мл амп 2мл №5;Лекоптторг;https://lekopttorg.ru/catalog/lekarstva_i_bady/preparaty_dla_lechenija_zabolevanij_oporno-dvigatelnogo_apparata9/mukosat_r-r_vm_100mgml_amp_2ml_%E2%84%965.html;;892 руб.
29-03-2022;;Мукосат р-р в/м 100мг/мл амп 1мл №10;Лекоптторг;https://lekopttorg.ru/catalog/lekarstva_i_bady/preparaty_dla_lechenija_zabolevanij_oporno-dvigatelnogo_apparata9/mukosat_r-r_vm_100mgml_amp_1ml_%E2%84%9610.html;;1010 руб.
29-03-2022;;Хондроитин гель 5% 30г;Лекоптторг;https://lekopttorg.ru/catalog/lekarstva_i_bady/preparaty_dla_lechenija_zabolevanij_oporno-dvigatelnogo_apparata9/hondroitin_gel_5%25_30g.html;;211 руб.
29-03-2022;;Хондроитин-АКОС мазь 5% 30г;Лекоптторг;https://lekopttorg.ru/catalog/lekarstva_i_bady/preparaty_dla_lechenija_zabolevanij_oporno-dvigatelnogo_apparata9/hondroitin-akos_maz_5%25_30g.html;;237 руб.
29-03-2022;;Драстоп амп 100мг/мл 2мл №10;Лекоптторг;https://lekopttorg.ru/catalog/lekarstva_i_bady/preparaty_dla_lechenija_zabolevanij_oporno-dvigatelnogo_apparata9/drastop_amp_100mgml_2ml_%E2%84%9610.html;;1980 руб.
29-03-2022;;Хондрогард амп 100мг/мл 2мл №10;Лекоптторг;https://lekopttorg.ru/catalog/lekarstva_i_bady/preparaty_dla_lechenija_zabolevanij_oporno-dvigatelnogo_apparata9/hondrogard_amp_100mgml_2ml_%E2%84%9610.html;;2355 руб.
29-03-2022;;Хондрогард амп 100мг/мл 2мл №25;Лекоптторг;https://lekopttorg.ru/catalog/lekarstva_i_bady/preparaty_dla_lechenija_zabolevanij_oporno-dvigatelnogo_apparata9/hondrogard_amp_100mgml_2ml_%E2%84%9625.html;;3531 руб.
29-03-2022;;Хондролон амп 100мг №10;Лекоптторг;https://lekopttorg.ru/catalog/lekarstva_i_bady/preparaty_dla_lechenija_zabolevanij_oporno-dvigatelnogo_apparata9/hondrolon_amp_100mg_%E2%84%9610.html;;928 руб.
29-03-2022;;Артрадол лиоф для р/ра в/м 100мг амп 2мл №10;Лекоптторг;https://lekopttorg.ru/catalog/lekarstva_i_bady/preparaty_dla_lechenija_zabolevanij_oporno-dvigatelnogo_apparata9/artradol_liof_dla_rra_vm_100mg_amp_2ml_%E2%84%9610.html;;961 руб.
29-03-2022;;Хондролон амп 100мг №10;Лекоптторг;https://lekopttorg.ru/catalog/lekarstva_i_bady/preparaty_dla_lechenija_zabolevanij_oporno-dvigatelnogo_apparata9/hondrolon_amp_100mg_%E2%84%9610.html;;928 руб.
29-03-2022;;Хондроитин капс 250мг №50;Лекоптторг;https://lekopttorg.ru/catalog/lekarstva_i_bady/preparaty_dla_lechenija_zabolevanij_oporno-dvigatelnogo_apparata9/hondroitin_kaps_250mg_%E2%84%9650.html;;671 руб.
29-03-2022;;Мукосат р-р в/м 100мг/мл амп 2мл №5;Лекоптторг;https://lekopttorg.ru/catalog/lekarstva_i_bady/preparaty_dla_lechenija_zabolevanij_oporno-dvigatelnogo_apparata9/mukosat_r-r_vm_100mgml_amp_2ml_%E2%84%965.html;;892 руб.
29-03-2022;;Мукосат р-р в/м 100мг/мл амп 1мл №10;Лекоптторг;https://lekopttorg.ru/catalog/lekarstva_i_bady/preparaty_dla_lechenija_zabolevanij_oporno-dvigatelnogo_apparata9/mukosat_r-r_vm_100mgml_amp_1ml_%E2%84%9610.html;;1010 руб.
29-03-2022;;Хондроитин гель 5% 30г;Лекоптторг;https://lekopttorg.ru/catalog/lekarstva_i_bady/preparaty_dla_lechenija_zabolevanij_oporno-dvigatelnogo_apparata9/hondroitin_gel_5%25_30g.html;;211 руб.
29-03-2022;;Хондроитин-АКОС мазь 5% 30г;Лекоптторг;https://lekopttorg.ru/catalog/lekarstva_i_bady/preparaty_dla_lechenija_zabolevanij_oporno-dvigatelnogo_apparata9/hondroitin-akos_maz_5%25_30g.html;;237 руб.
29-03-2022;;Драстоп амп 100мг/мл 2мл №10;Лекоптторг;https://lekopttorg.ru/catalog/lekarstva_i_bady/preparaty_dla_lechenija_zabolevanij_oporno-dvigatelnogo_apparata9/drastop_amp_100mgml_2ml_%E2%84%9610.html;;1980 руб.
29-03-2022;;Хондрогард амп 100мг/мл 2мл №10;Лекоптторг;https://lekopttorg.ru/catalog/lekarstva_i_bady/preparaty_dla_lechenija_zabolevanij_oporno-dvigatelnogo_apparata9/hondrogard_amp_100mgml_2ml_%E2%84%9610.html;;2355 руб.
29-03-2022;;Хондрогард амп 100мг/мл 2мл №25;Лекоптторг;https://lekopttorg.ru/catalog/lekarstva_i_bady/preparaty_dla_lechenija_zabolevanij_oporno-dvigatelnogo_apparata9/hondrogard_amp_100mgml_2ml_%E2%84%9625.html;;3531 руб.
29-03-2022;;Артрадол лиоф для р/ра в/м 100мг амп 2мл №10;Лекоптторг;https://lekopttorg.ru/catalog/lekarstva_i_bady/preparaty_dla_lechenija_zabolevanij_oporno-dvigatelnogo_apparata9/artradol_liof_dla_rra_vm_100mg_amp_2ml_%E2%84%9610.html;;961 руб.
29-03-2022;;АМБЕНЕ Био р-р д/ин амп 1мл №10;Лекоптторг;https://lekopttorg.ru/catalog/lekarstva_i_bady/preparaty_dla_lechenija_zabolevanij_oporno-dvigatelnogo_apparata9/ambene_bio_r-r_din_amp_1ml_%E2%84%9610.html;;2124 руб.
29-03-2022;;Алфлутоп амп 20мг 2мл №10;Лекоптторг;https://lekopttorg.ru/catalog/lekarstva_i_bady/preparaty_dla_lechenija_zabolevanij_oporno-dvigatelnogo_apparata9/alflutop_amp_20mg_2ml_%E2%84%9610.html;;5677 руб.
29-03-2022;;Алфлутоп амп 10мг/мл 1мл №10;Лекоптторг;https://lekopttorg.ru/catalog/lekarstva_i_bady/preparaty_dla_lechenija_zabolevanij_oporno-dvigatelnogo_apparata9/alflutop_amp_10mgml_1ml_%E2%84%9610.html;;2575 руб.
29-03-2022;;Сустагард Артро пор 1,5г пак №20;Лекоптторг;https://lekopttorg.ru/catalog/lekarstva_i_bady/preparaty_dla_lechenija_zabolevanij_oporno-dvigatelnogo_apparata9/sustagard_artro_por_15g_pak_%E2%84%9620.html;;1354 руб.
29-03-2022;;Сустагард Артро амп 200мг/мл 2мл №5+р-ль №5;Лекоптторг;https://lekopttorg.ru/catalog/lekarstva_i_bady/preparaty_dla_lechenija_zabolevanij_oporno-dvigatelnogo_apparata9/sustagard_artro_amp_200mgml_2ml_%E2%84%965r-l_%E2%84%965.html;;1438 руб.
29-03-2022;;Глюкозамин пор 1500мг  №20;Лекоптторг;https://lekopttorg.ru/catalog/lekarstva_i_bady/preparaty_dla_lechenija_zabolevanij_oporno-dvigatelnogo_apparata9/glukozamin_por_1500mg_%E2%84%9620.html;;1209 руб.
29-03-2022;;Дона пор 1500мг 1.5г №20;Лекоптторг;https://lekopttorg.ru/catalog/lekarstva_i_bady/preparaty_dla_lechenija_zabolevanij_oporno-dvigatelnogo_apparata9/dona_por_1500mg_15g_%E2%84%9620.html;;2237 руб.
29-03-2022;;Дона тб п/о 750мг N60;Лекоптторг;https://lekopttorg.ru/catalog/lekarstva_i_bady/preparaty_dla_lechenija_zabolevanij_oporno-dvigatelnogo_apparata9/dona_tb_po_750mg_n60.html;;2173 руб.
29-03-2022;;Дона тб п/о 750мг N180;Лекоптторг;https://lekopttorg.ru/catalog/lekarstva_i_bady/preparaty_dla_lechenija_zabolevanij_oporno-dvigatelnogo_apparata9/dona_tb_po_750mg_n180.html;;3109 руб.
29-03-2022;;Дона амп 400мг 2мл №6+р-ль;Лекоптторг;https://lekopttorg.ru/catalog/lekarstva_i_bady/preparaty_dla_lechenija_zabolevanij_oporno-dvigatelnogo_apparata9/dona_amp_400mg_2ml_%E2%84%966r-l.html;;2010 руб.
29-03-2022;;Артракам пор 1,5г пак №20;Лекоптторг;https://lekopttorg.ru/catalog/lekarstva_i_bady/preparaty_dla_lechenija_zabolevanij_oporno-dvigatelnogo_apparata9/artrakam_por_15g_pak_%E2%84%9620.html;;1221 руб.
29-03-2022;;Эльбона амп 200мг/мл 2мл №6+р-ль;Лекоптторг;https://lekopttorg.ru/catalog/lekarstva_i_bady/preparaty_dla_lechenija_zabolevanij_oporno-dvigatelnogo_apparata9/elbona_amp_200mgml_2ml_%E2%84%966r-l.html;;1299 руб.
29-03-2022;;Глюкозамин тб п/о 750мг №60;Лекоптторг;https://lekopttorg.ru/catalog/lekarstva_i_bady/preparaty_dla_lechenija_zabolevanij_oporno-dvigatelnogo_apparata9/glukozamin_tb_po_750mg_%E2%84%9660.html;;905 руб.
29-03-2022;;Артрадол лиоф для р/ра в/м 100мг амп 2мл №10;Лекоптторг;https://lekopttorg.ru/catalog/lekarstva_i_bady/preparaty_dla_lechenija_zabolevanij_oporno-dvigatelnogo_apparata9/artradol_liof_dla_rra_vm_100mg_amp_2ml_%E2%84%9610.html;;961 руб.
29-03-2022;;Хондроитин капс 250мг №50;Лекоптторг;https://lekopttorg.ru/catalog/lekarstva_i_bady/preparaty_dla_lechenija_zabolevanij_oporno-dvigatelnogo_apparata9/hondroitin_kaps_250mg_%E2%84%9650.html;;671 руб.
29-03-2022;;Мукосат р-р в/м 100мг/мл амп 2мл №5;Лекоптторг;https://lekopttorg.ru/catalog/lekarstva_i_bady/preparaty_dla_lechenija_zabolevanij_oporno-dvigatelnogo_apparata9/mukosat_r-r_vm_100mgml_amp_2ml_%E2%84%965.html;;892 руб.
29-03-2022;;Мукосат р-р в/м 100мг/мл амп 1мл №10;Лекоптторг;https://lekopttorg.ru/catalog/lekarstva_i_bady/preparaty_dla_lechenija_zabolevanij_oporno-dvigatelnogo_apparata9/mukosat_r-r_vm_100mgml_amp_1ml_%E2%84%9610.html;;1010 руб.
29-03-2022;;Хондроитин гель 5% 30г;Лекоптторг;https://lekopttorg.ru/catalog/lekarstva_i_bady/preparaty_dla_lechenija_zabolevanij_oporno-dvigatelnogo_apparata9/hondroitin_gel_5%25_30g.html;;211 руб.
29-03-2022;;Хондроитин-АКОС мазь 5% 30г;Лекоптторг;https://lekopttorg.ru/catalog/lekarstva_i_bady/preparaty_dla_lechenija_zabolevanij_oporno-dvigatelnogo_apparata9/hondroitin-akos_maz_5%25_30g.html;;237 руб.
29-03-2022;;Драстоп амп 100мг/мл 2мл №10;Лекоптторг;https://lekopttorg.ru/catalog/lekarstva_i_bady/preparaty_dla_lechenija_zabolevanij_oporno-dvigatelnogo_apparata9/drastop_amp_100mgml_2ml_%E2%84%9610.html;;1980 руб.
29-03-2022;;Хондрогард амп 100мг/мл 2мл №10;Лекоптторг;https://lekopttorg.ru/catalog/lekarstva_i_bady/preparaty_dla_lechenija_zabolevanij_oporno-dvigatelnogo_apparata9/hondrogard_amp_100mgml_2ml_%E2%84%9610.html;;2355 руб.
29-03-2022;;Хондрогард амп 100мг/мл 2мл №25;Лекоптторг;https://lekopttorg.ru/catalog/lekarstva_i_bady/preparaty_dla_lechenija_zabolevanij_oporno-dvigatelnogo_apparata9/hondrogard_amp_100mgml_2ml_%E2%84%9625.html;;3531 руб.
29-03-2022;;Хондролон амп 100мг №10;Лекоптторг;https://lekopttorg.ru/catalog/lekarstva_i_bady/preparaty_dla_lechenija_zabolevanij_oporno-dvigatelnogo_apparata9/hondrolon_amp_100mg_%E2%84%9610.html;;928 руб.
29-03-2022;;Хондроитин капс 250мг №50;Лекоптторг;https://lekopttorg.ru/catalog/lekarstva_i_bady/preparaty_dla_lechenija_zabolevanij_oporno-dvigatelnogo_apparata9/hondroitin_kaps_250mg_%E2%84%9650.html;;671 руб.
29-03-2022;;Хондроитин гель 5% 30г;Лекоптторг;https://lekopttorg.ru/catalog/lekarstva_i_bady/preparaty_dla_lechenija_zabolevanij_oporno-dvigatelnogo_apparata9/hondroitin_gel_5%25_30g.html;;211 руб.
29-03-2022;;Хондроитин-АКОС мазь 5% 30г;Лекоптторг;https://lekopttorg.ru/catalog/lekarstva_i_bady/preparaty_dla_lechenija_zabolevanij_oporno-dvigatelnogo_apparata9/hondroitin-akos_maz_5%25_30g.html;;237 руб.
29-03-2022;;Солгар Глюкозамин-Хондроитин комплекс тб №60;Лекоптторг;https://lekopttorg.ru/catalog/lekarstva_i_bady/vitaminy9/solgar_glukozamin-khondroitin_kompleks_tb_%E2%84%9660.html;;3683 руб.
29-03-2022;;Доппельгерц Актив Глюкозамин+Хондроитин капс №30;Лекоптторг;https://lekopttorg.ru/catalog/lekarstva_i_bady/preparaty_dla_lechenija_zabolevanij_oporno-dvigatelnogo_apparata9/doppelgerc_aktiv_glukozaminkhondroitin_kaps_%E2%84%9630.html;;862 руб.
29-03-2022;;Софья крем д/тела хондроитин-глюкозамин 125мл;Лекоптторг;https://lekopttorg.ru/catalog/kosmetika/preparaty_dla_lechenija_zabolevanij_oporno-dvigatelnogo_apparata7/sofa_krem_dtela_khondroitin-glukozamin_125ml.html;;201 руб.
29-03-2022;;Суставит Хондроитин/глюкозам гель-бальзам 125мл NB;Лекоптторг;https://lekopttorg.ru/catalog/kosmetika/preparaty_dla_lechenija_zabolevanij_oporno-dvigatelnogo_apparata7/sustavit_khondroitinglukozam_gel-balzam_125ml_nb.html;;125 руб.
29-03-2022;;911 С хондроитином гель-бальзам д/суставов 100мл;Лекоптторг;https://lekopttorg.ru/catalog/kosmetika/preparaty_dla_lechenija_zabolevanij_oporno-dvigatelnogo_apparata7/911_s_khondroitinom_gel-balzam_dsustavov_100ml.html;;123 руб.
29-03-2022;;Эльбона амп 200мг/мл 2мл №6+р-ль;Лекоптторг;https://lekopttorg.ru/catalog/lekarstva_i_bady/preparaty_dla_lechenija_zabolevanij_oporno-dvigatelnogo_apparata9/elbona_amp_200mgml_2ml_%E2%84%966r-l.html;;1299 руб.
29-03-2022;;Остеоколл импл колл-содерж д/периартик вв фл 2мл №5;Лекоптторг;https://lekopttorg.ru/catalog/medicinskije_izdelija/protivovospalitelnyje_preparaty_dla_inekcij28/osteokoll_impl_koll-soderzh_dperiartik_vv_fl_2ml_%E2%84%965.html;;4160 руб.
29-03-2022;;Плексатрон импл колл-содерж д/вн/суст/периарт вв фл 2мл №5;Лекоптторг;https://lekopttorg.ru/catalog/medicinskije_izdelija/protivovospalitelnyje_preparaty_dla_inekcij28/pleksatron_impl_koll-soderzh_dvnsustperiart_vv_fl_2ml_%E2%84%965.html;;4610 руб.
