Дата;Наименование препарата как у нас;Наименование препарата как у аптеки;Наименование АС;Ссылка на препарат;Город;Цена
29-03-2022;;Армавискон Платинум раствор для внутрисуставного введения 3% 3мл;НеоФарм;https://neopharm.ru/search?name=%D0%B0%D1%80%D0%BC%D0%B0%D0%B2%D0%B8%D1%81%D0%BA%D0%BE%D0%BD;Москва;20 930
29-03-2022;;Армавискон раствор для внутрисуставного введения 1% 2мл;НеоФарм;https://neopharm.ru/search?name=%D0%B0%D1%80%D0%BC%D0%B0%D0%B2%D0%B8%D1%81%D0%BA%D0%BE%D0%BD;Москва;5 420
29-03-2022;;Армавискон раствор для внутрисуставного введения 1% 2мл №2;НеоФарм;https://neopharm.ru/search?name=%D0%B0%D1%80%D0%BC%D0%B0%D0%B2%D0%B8%D1%81%D0%BA%D0%BE%D0%BD;Москва;8 800
29-03-2022;;Армавискон Плюс раствор для внутрисуставного введения 1,5% 2мл;НеоФарм;https://neopharm.ru/search?name=%D0%B0%D1%80%D0%BC%D0%B0%D0%B2%D0%B8%D1%81%D0%BA%D0%BE%D0%BD;Москва;7 500
29-03-2022;;Армавискон Форте раствор для внутрисуставного введения 2,3% 3мл;НеоФарм;https://neopharm.ru/search?name=%D0%B0%D1%80%D0%BC%D0%B0%D0%B2%D0%B8%D1%81%D0%BA%D0%BE%D0%BD;Москва;17 070
29-03-2022;;Армавискон Плюс раствор для внутрисуставного введения 1,5% 2мл №2;НеоФарм;https://neopharm.ru/search?name=%D0%B0%D1%80%D0%BC%D0%B0%D0%B2%D0%B8%D1%81%D0%BA%D0%BE%D0%BD;Москва;13 810
29-03-2022;;Линзы контактные Адриа коричневые;НеоФарм;https://neopharm.ru/search?name=%D0%B0%D1%82%D1%80%D0%B8%20%D0%B8%D0%BD%D0%B6;Москва;967
29-03-2022;;Линзы контактные Адриа серые;НеоФарм;https://neopharm.ru/search?name=%D0%B0%D1%82%D1%80%D0%B8%20%D0%B8%D0%BD%D0%B6;Москва;1 050
29-03-2022;;Линзы контактные Адриа фиолетовые;НеоФарм;https://neopharm.ru/search?name=%D0%B0%D1%82%D1%80%D0%B8%20%D0%B8%D0%BD%D0%B6;Москва;986
29-03-2022;;Артро-Актив таблетки №40;НеоФарм;https://neopharm.ru/search?name=%D0%B0%D1%82%D1%80%D0%B8%20%D0%B8%D0%BD%D0%B6;Москва;466
29-03-2022;;Линзы контактные Адриа черные;НеоФарм;https://neopharm.ru/search?name=%D0%B0%D1%82%D1%80%D0%B8%20%D0%B8%D0%BD%D0%B6;Москва;968
29-03-2022;;Линзы контактные Адриа голубые;НеоФарм;https://neopharm.ru/search?name=%D0%B0%D1%82%D1%80%D0%B8%20%D0%B8%D0%BD%D0%B6;Москва;1 050
29-03-2022;;Линзы контактные Адриа зеленые;НеоФарм;https://neopharm.ru/search?name=%D0%B0%D1%82%D1%80%D0%B8%20%D0%B8%D0%BD%D0%B6;Москва;1 070
29-03-2022;;Артра МСМ таблетки №60;НеоФарм;https://neopharm.ru/search?name=%D0%B0%D1%82%D1%80%D0%B8%20%D0%B8%D0%BD%D0%B6;Москва;1 690
29-03-2022;;Линзы контактные Адриа аметист;НеоФарм;https://neopharm.ru/search?name=%D0%B0%D1%82%D1%80%D0%B8%20%D0%B8%D0%BD%D0%B6;Москва;1 050
29-03-2022;;Ортомол Артро Плюс саше №30;НеоФарм;https://neopharm.ru/search?name=%D0%B0%D1%82%D1%80%D0%B8%20%D0%B8%D0%BD%D0%B6;Москва;7 850
29-03-2022;;Артра таблетки покрытые оболочкой №120;НеоФарм;https://neopharm.ru/search?name=%D0%B0%D1%82%D1%80%D0%B8%20%D0%B8%D0%BD%D0%B6;Москва;3 250
29-03-2022;;Таблетница Овал утро-вечер 2969144;НеоФарм;https://neopharm.ru/search?name=%D0%B0%D1%82%D1%80%D0%B8%20%D0%B8%D0%BD%D0%B6;Москва;199
29-03-2022;;Биопорт протез синовиальной жидкости 1,5% 2,5мл №1;НеоФарм;https://neopharm.ru/search?name=%D0%B1%D0%B8%D0%BE%D0%BF%D0%BE%D1%80%D1%82;Москва;9 900
29-03-2022;;Версан капсулы №60;НеоФарм;https://neopharm.ru/search?name=%D0%B2%D0%B5%D1%80%D1%81%D0%B0%D0%BD;Москва;2 900
29-03-2022;;Версан Флюид шприц 2,5мл;НеоФарм;https://neopharm.ru/search?name=%D0%B2%D0%B5%D1%80%D1%81%D0%B0%D0%BD;Москва;9 495
29-03-2022;;Версан Флюид УНО шприц 3мл;НеоФарм;https://neopharm.ru/search?name=%D0%B2%D0%B5%D1%80%D1%81%D0%B0%D0%BD;Москва;22 000
29-03-2022;;Версатис ТДТС 700мг №30;НеоФарм;https://neopharm.ru/search?name=%D0%B2%D0%B5%D1%80%D1%81%D0%B0%D0%BD;Москва;3 834
29-03-2022;;Версатис ТДТС 700мг №5;НеоФарм;https://neopharm.ru/search?name=%D0%B2%D0%B5%D1%80%D1%81%D0%B0%D0%BD;Москва;910
29-03-2022;;ВискоПлюс раствор для внутрисуставного введения 1% 2мл;НеоФарм;https://neopharm.ru/search?name=%D0%B2%D0%B8%D1%81%D0%BA%D0%BE%D0%BF%D0%BB%D1%8E%D1%81;Москва;9 910
29-03-2022;;ВискоПлюс раствор для внутрисуставного введения 2,5% 3мл;НеоФарм;https://neopharm.ru/search?name=%D0%B2%D0%B8%D1%81%D0%BA%D0%BE%D0%BF%D0%BB%D1%8E%D1%81;Москва;26 170
29-03-2022;;Грин Фармаваниль масло гидрофил. для умывания гиалур. к-та/ваниль150мл;НеоФарм;https://neopharm.ru/search?name=%D0%93%D0%98%D0%90%D0%9B%D0%A3%D0%90%D0%9B%D0%AC%20%D0%90%D0%A0%D0%A2%D0%A0%D0%9E;Москва;404
29-03-2022;;Гиалур протез синовиальной жидкости 1% шприц 2мл №1;НеоФарм;https://neopharm.ru/search?name=%D0%93%D0%98%D0%90%D0%9B%D0%A3%D0%90%D0%9B%D0%AC%20%D0%90%D0%A0%D0%A2%D0%A0%D0%9E;Москва;9 170
29-03-2022;;Гиалуром раствор для внутрисуставного введения 1,5% 2мл;НеоФарм;https://neopharm.ru/search?name=%D0%93%D0%98%D0%90%D0%9B%D0%A3%D0%90%D0%9B%D0%AC%20%D0%90%D0%A0%D0%A2%D0%A0%D0%9E;Москва;7 590
29-03-2022;;Гиалуром Тендон раствор для внутрисуставного введения 40мг/2мл №1;НеоФарм;https://neopharm.ru/search?name=%D0%93%D0%98%D0%90%D0%9B%D0%A3%D0%90%D0%9B%D0%AC%20%D0%90%D0%A0%D0%A2%D0%A0%D0%9E;Москва;8 420
29-03-2022;;Виши Лифтактив Гиалур маска для лица экспресс 50мл;НеоФарм;https://neopharm.ru/search?name=%D0%93%D0%98%D0%90%D0%9B%D0%A3%D0%90%D0%9B%D0%AC%20%D0%90%D0%A0%D0%A2%D0%A0%D0%9E;Москва;3 790
29-03-2022;;Нумис Мед крем для лица днев. 5% мочев./гиалур. к-та 50мл;НеоФарм;https://neopharm.ru/search?name=%D0%93%D0%98%D0%90%D0%9B%D0%A3%D0%90%D0%9B%D0%AC%20%D0%90%D0%A0%D0%A2%D0%A0%D0%9E;Москва;918
29-03-2022;;Нумис Мед крем для лица ночной 5% мочев./гиалур. к-та 50мл;НеоФарм;https://neopharm.ru/search?name=%D0%93%D0%98%D0%90%D0%9B%D0%A3%D0%90%D0%9B%D0%AC%20%D0%90%D0%A0%D0%A2%D0%A0%D0%9E;Москва;844
29-03-2022;;Гиалур протез синовиальной жидкости 1% шприц 2мл №1;НеоФарм;https://neopharm.ru/search?name=%D0%B3%D0%B8%D0%B0%D0%BB%D1%83%D1%80%D0%BE%D0%BC;Москва;9 170
29-03-2022;;Гиалуром раствор для внутрисуставного введения 1,5% 2мл;НеоФарм;https://neopharm.ru/search?name=%D0%B3%D0%B8%D0%B0%D0%BB%D1%83%D1%80%D0%BE%D0%BC;Москва;7 590
29-03-2022;;Гиалуром Тендон раствор для внутрисуставного введения 40мг/2мл №1;НеоФарм;https://neopharm.ru/search?name=%D0%B3%D0%B8%D0%B0%D0%BB%D1%83%D1%80%D0%BE%D0%BC;Москва;8 420
29-03-2022;;Гиалуроновая кислота Витамир таблетки 150мг №30;НеоФарм;https://neopharm.ru/search?name=%D0%B3%D0%B8%D0%B0%D0%BB%D1%83%D1%80%D0%BE%D0%BC;Москва;750
29-03-2022;;Гиалуроновая кислота Анти Эйдж капсулы 150мг Эвалар №30;НеоФарм;https://neopharm.ru/search?name=%D0%B3%D0%B8%D0%B0%D0%BB%D1%83%D1%80%D0%BE%D0%BC;Москва;1 440
29-03-2022;;Грин Фармаваниль масло гидрофил. для умывания гиалур. к-та/ваниль150мл;НеоФарм;https://neopharm.ru/search?name=%D0%B3%D0%B8%D0%B0%D0%BB%D1%83%D1%80%D0%BE%D0%BC;Москва;404
29-03-2022;;Виши Лифтактив Гиалур маска для лица экспресс 50мл;НеоФарм;https://neopharm.ru/search?name=%D0%B3%D0%B8%D0%B0%D0%BB%D1%83%D1%80%D0%BE%D0%BC;Москва;3 790
29-03-2022;;Нумис Мед крем для лица ночной 5% мочев./гиалур. к-та 50мл;НеоФарм;https://neopharm.ru/search?name=%D0%B3%D0%B8%D0%B0%D0%BB%D1%83%D1%80%D0%BE%D0%BC;Москва;844
29-03-2022;;Нумис Мед крем для лица днев. 5% мочев./гиалур. к-та 50мл;НеоФарм;https://neopharm.ru/search?name=%D0%B3%D0%B8%D0%B0%D0%BB%D1%83%D1%80%D0%BE%D0%BC;Москва;918
29-03-2022;;Либридерм праймер Гиалуроновый 50мл;НеоФарм;https://neopharm.ru/search?name=%D0%B3%D0%B8%D0%B0%D0%BB%D1%83%D1%80%D0%BE%D0%BC;Москва;678
29-03-2022;;Либридерм вода Гиалуроновая 120мл;НеоФарм;https://neopharm.ru/search?name=%D0%B3%D0%B8%D0%B0%D0%BB%D1%83%D1%80%D0%BE%D0%BC;Москва;357
29-03-2022;;Эстедерм Интенсив Гиалуроник сыворотка для лица концентр. 30мл;НеоФарм;https://neopharm.ru/search?name=%D0%B3%D0%B8%D0%B0%D0%BB%D1%83%D1%80%D0%BE%D0%BC;Москва;7 220
29-03-2022;;Гиалуформ-1-01 гель для внутрисуставного введения 1% шприц 2мл №1;НеоФарм;https://neopharm.ru/search?name=%D0%B3%D0%B8%D0%B0%D0%BB%D1%83%D1%84%D0%BE%D1%80%D0%BC;Москва;7 850
29-03-2022;;Гируан ONE протез синовиальной жидкости 20мг/мл 3мл №1;НеоФарм;https://neopharm.ru/search?name=%D0%B3%D0%B8%D1%80%D1%83%D0%B0%D0%BD;Москва;24 750
29-03-2022;;Талус Компенсатор 1-го пальца стопы левый ПМ-1 р.2;НеоФарм;https://neopharm.ru/search?name=%D0%B3%D0%BE%D1%83-%D0%BE%D0%BD;Москва;417
29-03-2022;;Талус Компенсатор 1-го пальца стопы правый ПМ-1 р.1;НеоФарм;https://neopharm.ru/search?name=%D0%B3%D0%BE%D1%83-%D0%BE%D0%BD;Москва;442
29-03-2022;;Линзы одноднев. Адриа Гоу Диоптрии -4,25 Радиус 8,6 №30;НеоФарм;https://neopharm.ru/search?name=%D0%B3%D0%BE%D1%83-%D0%BE%D0%BD;Москва;1 520
29-03-2022;;Линзы одноднев. Адриа Гоу Диоптрии -5,50 Радиус 8,6 №30;НеоФарм;https://neopharm.ru/search?name=%D0%B3%D0%BE%D1%83-%D0%BE%D0%BD;Москва;1 410
29-03-2022;;Форта Бурсопротектор 1-го пальца с межпальц. перегородкой 201С;НеоФарм;https://neopharm.ru/search?name=%D0%B3%D0%BE%D1%83-%D0%BE%D0%BD;Москва;182
29-03-2022;;Талус Компенсатор 1-го пальца стопы правый ПМ-1 р.2;НеоФарм;https://neopharm.ru/search?name=%D0%B3%D0%BE%D1%83-%D0%BE%D0%BD;Москва;434
29-03-2022;;Талус Компенсатор 1-го пальца стопы левый ПМ-1 р.1;НеоФарм;https://neopharm.ru/search?name=%D0%B3%D0%BE%D1%83-%D0%BE%D0%BD;Москва;440
29-03-2022;;Линзы одноднев. Адриа Гоу Диоптрии -1,75 Радиус 8,6 №30;НеоФарм;https://neopharm.ru/search?name=%D0%B3%D0%BE%D1%83-%D0%BE%D0%BD;Москва;1 520
29-03-2022;;Линзы одноднев. Адриа Гоу Диоптрии -2,00 Радиус 8,6 №30;НеоФарм;https://neopharm.ru/search?name=%D0%B3%D0%BE%D1%83-%D0%BE%D0%BD;Москва;1 470
29-03-2022;;Линзы одноднев. Адриа Гоу Диоптрии -3,75 Радиус 8,6 №30;НеоФарм;https://neopharm.ru/search?name=%D0%B3%D0%BE%D1%83-%D0%BE%D0%BD;Москва;1 520
29-03-2022;;Линзы одноднев. Адриа Гоу Диоптрии -3,00 Радиус 8,6 №30;НеоФарм;https://neopharm.ru/search?name=%D0%B3%D0%BE%D1%83-%D0%BE%D0%BD;Москва;1 520
29-03-2022;;Линзы одноднев. Адриа Гоу Диоптрии -3,50 Радиус 8,6 №30;НеоФарм;https://neopharm.ru/search?name=%D0%B3%D0%BE%D1%83-%D0%BE%D0%BD;Москва;1 520
29-03-2022;;Диартрин капсулы 50мг №30;НеоФарм;https://neopharm.ru/search?name=%D0%B4%D0%B8%D0%B0%D1%80%D1%82;Москва;946
29-03-2022;;Дьюралан имплантант вязкоупругий стер. шприц 60мг/3мл;НеоФарм;https://neopharm.ru/search?name=%D0%B4%D1%8C%D1%8E%D1%80%D0%B0%D0%BB%D0%B0%D0%BD;Москва;19 900
29-03-2022;;Интраджект протез синовиальной жидкости 1,5% 2мл №1;НеоФарм;https://neopharm.ru/search?name=%D0%B8%D0%BD%D1%82%D1%80%D0%B0%D0%B4%D0%B6%D0%B5%D0%BA%D1%82;Москва;7 700
29-03-2022;;Кресцина 500 комплекс для мужчин №20;НеоФарм;https://neopharm.ru/search?name=%D0%BA%D1%80%D0%B5%D1%81%D0%BF%D0%B8%D0%BD;Москва;13 100
29-03-2022;;Кресцина 1300 комплекс для женщин №20;НеоФарм;https://neopharm.ru/search?name=%D0%BA%D1%80%D0%B5%D1%81%D0%BF%D0%B8%D0%BD;Москва;16 100
29-03-2022;;Кресцина 200 комплекс для мужчин №20;НеоФарм;https://neopharm.ru/search?name=%D0%BA%D1%80%D0%B5%D1%81%D0%BF%D0%B8%D0%BD;Москва;9 800
29-03-2022;;Кресцина 1300 комплекс для мужчин №20;НеоФарм;https://neopharm.ru/search?name=%D0%BA%D1%80%D0%B5%D1%81%D0%BF%D0%B8%D0%BD;Москва;16 100
29-03-2022;;Кресцина 200 комплекс для женщин №20;НеоФарм;https://neopharm.ru/search?name=%D0%BA%D1%80%D0%B5%D1%81%D0%BF%D0%B8%D0%BD;Москва;9 800
29-03-2022;;Кресцина 500 комплекс для женщин №20;НеоФарм;https://neopharm.ru/search?name=%D0%BA%D1%80%D0%B5%D1%81%D0%BF%D0%B8%D0%BD;Москва;13 100
29-03-2022;;Кресцина 500 комплекс для женщин №20+ №20;НеоФарм;https://neopharm.ru/search?name=%D0%BA%D1%80%D0%B5%D1%81%D0%BF%D0%B8%D0%BD;Москва;20 600
29-03-2022;;Кресцина 200 комплекс для женщин №20+ №20;НеоФарм;https://neopharm.ru/search?name=%D0%BA%D1%80%D0%B5%D1%81%D0%BF%D0%B8%D0%BD;Москва;17 100
29-03-2022;;Кресцина Трансдермик 500 комплекс для женщин №20;НеоФарм;https://neopharm.ru/search?name=%D0%BA%D1%80%D0%B5%D1%81%D0%BF%D0%B8%D0%BD;Москва;13 920
29-03-2022;;Кресцина Трансдермик 500 комплекс для мужчин №20;НеоФарм;https://neopharm.ru/search?name=%D0%BA%D1%80%D0%B5%D1%81%D0%BF%D0%B8%D0%BD;Москва;13 850
29-03-2022;;Кресцина Трансдермик 1300 комплекс для женщин №20;НеоФарм;https://neopharm.ru/search?name=%D0%BA%D1%80%D0%B5%D1%81%D0%BF%D0%B8%D0%BD;Москва;16 860
29-03-2022;;Кресцина Трансдермик 1300 комплекс для мужчин №20;НеоФарм;https://neopharm.ru/search?name=%D0%BA%D1%80%D0%B5%D1%81%D0%BF%D0%B8%D0%BD;Москва;16 850
29-03-2022;;Нолтрексин протез синовиальной жидкости 2мл №1;НеоФарм;https://neopharm.ru/search?name=%D0%BD%D0%BE%D0%BB%D1%82%D1%80%D0%B5%D0%BA%D1%81%D0%B8%D0%BD;Москва;7 820
29-03-2022;;Ост Тендон раствор вязкоэласт. для внутрисуставного введения 40мг/2мл №1;НеоФарм;https://neopharm.ru/search?name=%D0%BE%D1%81%D1%82%20%D1%82%D0%B5%D0%BD%D0%B4%D0%BE%D0%BD;Москва;9 380
29-03-2022;;Таблетки от кашля (Термопсол) ФСТ таблетки №10;НеоФарм;https://neopharm.ru/search?name=%D0%BE%D1%81%D1%82%20%D1%82%D0%B5%D0%BD%D0%B4%D0%BE%D0%BD;Москва;41
29-03-2022;;Алеф Орто подушечка под плюсневую кость С205 №2;НеоФарм;https://neopharm.ru/search?name=%D0%BE%D1%81%D1%82%20%D1%82%D0%B5%D0%BD%D0%B4%D0%BE%D0%BD;Москва;440
29-03-2022;;Таблетки от кашля (Термопсол) ФСТ таблетки №20;НеоФарм;https://neopharm.ru/search?name=%D0%BE%D1%81%D1%82%20%D1%82%D0%B5%D0%BD%D0%B4%D0%BE%D0%BD;Москва;73
29-03-2022;;Филорга Оптим-Айз патчи для глаз от усталости пар №8;НеоФарм;https://neopharm.ru/search?name=%D0%BE%D1%81%D1%82%20%D1%82%D0%B5%D0%BD%D0%B4%D0%BE%D0%BD;Москва;4 820
29-03-2022;;Остеомед таблетки №60;НеоФарм;https://neopharm.ru/search?name=%D0%BE%D1%81%D1%82%20%D1%82%D0%B5%D0%BD%D0%B4%D0%BE%D0%BD;Москва;454
29-03-2022;;Опти фри реплениш раствор для линз 300мл;НеоФарм;https://neopharm.ru/search?name=%D0%BE%D1%81%D1%82%20%D1%82%D0%B5%D0%BD%D0%B4%D0%BE%D0%BD;Москва;451
29-03-2022;;Папазол ФСТ таблетки №10;НеоФарм;https://neopharm.ru/search?name=%D0%BE%D1%81%D1%82%20%D1%82%D0%B5%D0%BD%D0%B4%D0%BE%D0%BD;Москва;17
29-03-2022;;Ревит ФСТ др. №100;НеоФарм;https://neopharm.ru/search?name=%D0%BE%D1%81%D1%82%20%D1%82%D0%B5%D0%BD%D0%B4%D0%BE%D0%BD;Москва;56
29-03-2022;;Андипал ФСТ таблетки №10;НеоФарм;https://neopharm.ru/search?name=%D0%BE%D1%81%D1%82%20%D1%82%D0%B5%D0%BD%D0%B4%D0%BE%D0%BD;Москва;22
29-03-2022;;Викаир ФСТ таблетки №20;НеоФарм;https://neopharm.ru/search?name=%D0%BE%D1%81%D1%82%20%D1%82%D0%B5%D0%BD%D0%B4%D0%BE%D0%BD;Москва;101
29-03-2022;;Аскорутин ФСТ таблетки №50;НеоФарм;https://neopharm.ru/search?name=%D0%BE%D1%81%D1%82%20%D1%82%D0%B5%D0%BD%D0%B4%D0%BE%D0%BD;Москва;59
29-03-2022;;Остенил Плюс шприц 40мг 2мл;НеоФарм;https://neopharm.ru/search?name=%D0%BE%D1%81%D1%82%D0%B5%D0%BD%D0%B8%D0%BB;Москва;6 250
29-03-2022;;Остенил 20мг/2мл 2мл;НеоФарм;https://neopharm.ru/search?name=%D0%BE%D1%81%D1%82%D0%B5%D0%BD%D0%B8%D0%BB;Москва;2 313
29-03-2022;;Орал Би зубная щетка Про-Эксперт Клиник Лайн Про-Флекс 38 средняя;НеоФарм;https://neopharm.ru/search?name=%D0%BF%D1%80%D0%BE%D1%84%D0%BB%D0%B5%D0%BA%D1%81%20%D0%B8%D0%BD%D1%82%D1%80%D0%B0;Москва;247
29-03-2022;;ПроФлекс раствор внутрь 25мл №14;НеоФарм;https://neopharm.ru/search?name=%D0%BF%D1%80%D0%BE%D1%84%D0%BB%D0%B5%D0%BA%D1%81%20%D0%B8%D0%BD%D1%82%D1%80%D0%B0;Москва;1 610
29-03-2022;;Биорга Цистифан DS шампунь против перхоти интенсивн. 200мл;НеоФарм;https://neopharm.ru/search?name=%D0%BF%D1%80%D0%BE%D1%84%D0%BB%D0%B5%D0%BA%D1%81%20%D0%B8%D0%BD%D1%82%D1%80%D0%B0;Москва;1 870
29-03-2022;;Ля рош позе Кериум шампунь против перхоти интенсив 125мл;НеоФарм;https://neopharm.ru/search?name=%D0%BF%D1%80%D0%BE%D1%84%D0%BB%D0%B5%D0%BA%D1%81%20%D0%B8%D0%BD%D1%82%D1%80%D0%B0;Москва;1 860
29-03-2022;;Аква Марис Норм Интенс. промыв. спрей назальный 150мл;НеоФарм;https://neopharm.ru/search?name=%D0%BF%D1%80%D0%BE%D1%84%D0%BB%D0%B5%D0%BA%D1%81%20%D0%B8%D0%BD%D1%82%D1%80%D0%B0;Москва;427
29-03-2022;;Виши Деркос шампунь против перхоти интенс.д/норм/жирн.волос 200мл;НеоФарм;https://neopharm.ru/search?name=%D0%BF%D1%80%D0%BE%D1%84%D0%BB%D0%B5%D0%BA%D1%81%20%D0%B8%D0%BD%D1%82%D1%80%D0%B0;Москва;1 230
29-03-2022;;Виши Деркос шампунь против перхоти интенс.д/сух.волос 200млх2;НеоФарм;https://neopharm.ru/search?name=%D0%BF%D1%80%D0%BE%D1%84%D0%BB%D0%B5%D0%BA%D1%81%20%D0%B8%D0%BD%D1%82%D1%80%D0%B0;Москва;1 890
29-03-2022;;Филорга Тайм-Филлер маска для лица тканевая против морщин интенсивная 20мл №1;НеоФарм;https://neopharm.ru/search?name=%D0%BF%D1%80%D0%BE%D1%84%D0%BB%D0%B5%D0%BA%D1%81%20%D0%B8%D0%BD%D1%82%D1%80%D0%B0;Москва;1 250
29-03-2022;;Виши Деркос шампунь против перхоти интенс.д/норм/жирн.волос 200млх2;НеоФарм;https://neopharm.ru/search?name=%D0%BF%D1%80%D0%BE%D1%84%D0%BB%D0%B5%D0%BA%D1%81%20%D0%B8%D0%BD%D1%82%D1%80%D0%B0;Москва;1 920
29-03-2022;;Проваг гель для интимной гигиены 30мл;НеоФарм;https://neopharm.ru/search?name=%D0%BF%D1%80%D0%BE%D1%84%D0%BB%D0%B5%D0%BA%D1%81%20%D0%B8%D0%BD%D1%82%D1%80%D0%B0;Москва;641
29-03-2022;;Эстедерм Интенсивный Прополис лосьон концентр. 200мл;НеоФарм;https://neopharm.ru/search?name=%D0%BF%D1%80%D0%BE%D1%84%D0%BB%D0%B5%D0%BA%D1%81%20%D0%B8%D0%BD%D1%82%D1%80%D0%B0;Москва;4 330
29-03-2022;;Интраджект протез синовиальной жидкости 1,5% 2мл №1;НеоФарм;https://neopharm.ru/search?name=%D0%BF%D1%80%D0%BE%D1%84%D0%BB%D0%B5%D0%BA%D1%81%20%D0%B8%D0%BD%D1%82%D1%80%D0%B0;Москва;7 700
29-03-2022;;РенехаВис протез синовиальной жидкости 2,2% 0,7мл + 1% 0,7мл №1;НеоФарм;https://neopharm.ru/search?name=%D1%80%D0%B5%D0%BD%D0%B5%D1%85%D0%B0%D0%B2%D0%B8%D1%81;Москва;28 000
29-03-2022;;Рипарт протез синовиальной жидкости 10мг/мл 3мл №1;НеоФарм;https://neopharm.ru/search?name=%D1%80%D0%B8%D0%BF%D0%B0%D1%80%D1%82;Москва;6 700
29-03-2022;;Рипарт протез синовиальной жидкости 10мг/мл 2мл №1;НеоФарм;https://neopharm.ru/search?name=%D1%80%D0%B8%D0%BF%D0%B0%D1%80%D1%82;Москва;4 290
29-03-2022;;Рипарт Лонг протез синовиальной жидкости 20мг/мл 2мл №1;НеоФарм;https://neopharm.ru/search?name=%D1%80%D0%B8%D0%BF%D0%B0%D1%80%D1%82;Москва;10 060
29-03-2022;;Рипарт Лонг протез синовиальной жидкости 20мг/мл 3мл №1;НеоФарм;https://neopharm.ru/search?name=%D1%80%D0%B8%D0%BF%D0%B0%D1%80%D1%82;Москва;17 000
29-03-2022;;Рипарт Форте протез синовиальной жидкости 15мг/мл 3мл №1;НеоФарм;https://neopharm.ru/search?name=%D1%80%D0%B8%D0%BF%D0%B0%D1%80%D1%82;Москва;9 840
29-03-2022;;Русвиск протез синовиальной жидкости 1,6% 2мл;НеоФарм;https://neopharm.ru/search?name=%D1%80%D1%83%D1%81%D0%B2%D0%B8%D1%81%D0%BA;Москва;6 200
29-03-2022;;Русвиск протез синовиальной жидкости 1,6% 3мл;НеоФарм;https://neopharm.ru/search?name=%D1%80%D1%83%D1%81%D0%B2%D0%B8%D1%81%D0%BA;Москва;8 250
29-03-2022;;Бинокрит раствор для инъекций 336мкг/мл 30000 МЕ 0,75мл №1;НеоФарм;https://neopharm.ru/search?name=%D1%81%D0%B8%D0%BD%D0%BE%D0%BA%D1%80%D0%BE%D0%BC;Москва;9 916
29-03-2022;;СфероГель Лайт гель гетерогенный имплантируемый 2мл №1;НеоФарм;https://neopharm.ru/search?name=%D1%81%D1%84%D0%B5%D1%80%D0%BE%D0%B3%D0%B5%D0%BB%D1%8C;Москва;10 340
29-03-2022;;СфероГель Медиум гель гетерогенный имплантируемый 2мл №1;НеоФарм;https://neopharm.ru/search?name=%D1%81%D1%84%D0%B5%D1%80%D0%BE%D0%B3%D0%B5%D0%BB%D1%8C;Москва;16 830
29-03-2022;;Ферматрон протез синовиальной жидкости шприц 2мл;НеоФарм;https://neopharm.ru/search?name=%D1%84%D0%B5%D1%80%D0%BC%D0%B0%D1%82%D1%80%D0%BE%D0%BD;Москва;5 900
29-03-2022;;Флексотрон Кросс раствор для внутрисуставного введения 60мг/3мл шприц №1;НеоФарм;https://neopharm.ru/search?name=%D1%84%D0%BB%D0%B5%D0%BA%D1%81%D0%BE%D1%82%D1%80%D0%BE%D0%BD;Москва;18 940
29-03-2022;;Флексотрон Смарт раствор для внутрисуставного введения 16мг/мл 2мл №1;НеоФарм;https://neopharm.ru/search?name=%D1%84%D0%BB%D0%B5%D0%BA%D1%81%D0%BE%D1%82%D1%80%D0%BE%D0%BD;Москва;9 540
29-03-2022;;Флексотрон Ультра раствор для внутрисуставного введения 25мг/мл 4,8мл №1;НеоФарм;https://neopharm.ru/search?name=%D1%84%D0%BB%D0%B5%D0%BA%D1%81%D0%BE%D1%82%D1%80%D0%BE%D0%BD;Москва;21 140
29-03-2022;;Флексотрон Соло раствор для внутрисуставного введения 22мг/мл 2мл №1;НеоФарм;https://neopharm.ru/search?name=%D1%84%D0%BB%D0%B5%D0%BA%D1%81%D0%BE%D1%82%D1%80%D0%BE%D0%BD;Москва;15 500
29-03-2022;;Хаймовис раствор для внутрисуставного введения 24мг/3мл шприц №2;НеоФарм;https://neopharm.ru/search?name=%D1%85%D0%B0%D0%B9%D0%BC%D0%BE%D0%B2%D0%B8%D1%81;Москва;25 001
29-03-2022;;Хаймовис раствор для внутрисуставного введения 24мг/3мл шприц №1;НеоФарм;https://neopharm.ru/search?name=%D1%85%D0%B0%D0%B9%D0%BC%D0%BE%D0%B2%D0%B8%D1%81;Москва;13 030
29-03-2022;;Хронотрон гель для внутрисуставного введения 20мг/мл 2мл №1;НеоФарм;https://neopharm.ru/search?name=%D1%85%D1%80%D0%BE%D0%BD%D0%BE%D1%82%D1%80%D0%BE%D0%BD;Москва;10 150
29-03-2022;;Мовалис таблетки 15мг №10;НеоФарм;https://neopharm.ru/search?name=%D0%BC%D0%BE%D0%B2%D0%B0%D0%BB%D0%B8%D1%81;Москва;703
29-03-2022;;Мовалис таблетки 15мг №20;НеоФарм;https://neopharm.ru/search?name=%D0%BC%D0%BE%D0%B2%D0%B0%D0%BB%D0%B8%D1%81;Москва;1 051
29-03-2022;;Мовалис таблетки 7,5мг №20;НеоФарм;https://neopharm.ru/search?name=%D0%BC%D0%BE%D0%B2%D0%B0%D0%BB%D0%B8%D1%81;Москва;879
29-03-2022;;Мовалис раствор для инъекций 15мг/1,5мл №3;НеоФарм;https://neopharm.ru/search?name=%D0%BC%D0%BE%D0%B2%D0%B0%D0%BB%D0%B8%D1%81;Москва;810
29-03-2022;;Мовалис раствор для инъекций 15мг/1,5мл №5;НеоФарм;https://neopharm.ru/search?name=%D0%BC%D0%BE%D0%B2%D0%B0%D0%BB%D0%B8%D1%81;Москва;1 179
29-03-2022;;Амелотекс гель 30г;НеоФарм;https://neopharm.ru/search?name=%D0%B0%D0%BC%D0%B5%D0%BB%D0%BE%D1%82%D0%B5%D0%BA%D1%81;Москва;278
29-03-2022;;Амелотекс таблетки 15мг №10;НеоФарм;https://neopharm.ru/search?name=%D0%B0%D0%BC%D0%B5%D0%BB%D0%BE%D1%82%D0%B5%D0%BA%D1%81;Москва;228
29-03-2022;;Амелотекс таблетки 15мг №20;НеоФарм;https://neopharm.ru/search?name=%D0%B0%D0%BC%D0%B5%D0%BB%D0%BE%D1%82%D0%B5%D0%BA%D1%81;Москва;307
29-03-2022;;Амелотекс гель 50г;НеоФарм;https://neopharm.ru/search?name=%D0%B0%D0%BC%D0%B5%D0%BB%D0%BE%D1%82%D0%B5%D0%BA%D1%81;Москва;413
29-03-2022;;Амелотекс таблетки 7,5мг №20;НеоФарм;https://neopharm.ru/search?name=%D0%B0%D0%BC%D0%B5%D0%BB%D0%BE%D1%82%D0%B5%D0%BA%D1%81;Москва;231
29-03-2022;;Амелотекс суппозитории ректальные 15мг №6;НеоФарм;https://neopharm.ru/search?name=%D0%B0%D0%BC%D0%B5%D0%BB%D0%BE%D1%82%D0%B5%D0%BA%D1%81;Москва;393
29-03-2022;;Амелотекс раствор для инъекций 10мг/мл 1,5мл №3;НеоФарм;https://neopharm.ru/search?name=%D0%B0%D0%BC%D0%B5%D0%BB%D0%BE%D1%82%D0%B5%D0%BA%D1%81;Москва;399
29-03-2022;;Амелотекс раствор для инъекций 10мг/мл 1,5мл №10;НеоФарм;https://neopharm.ru/search?name=%D0%B0%D0%BC%D0%B5%D0%BB%D0%BE%D1%82%D0%B5%D0%BA%D1%81;Москва;695
29-03-2022;;Амелотекс раствор для инъекций 10мг/мл 1,5мл №5;НеоФарм;https://neopharm.ru/search?name=%D0%B0%D0%BC%D0%B5%D0%BB%D0%BE%D1%82%D0%B5%D0%BA%D1%81;Москва;558
29-03-2022;;Мелоксикам таблетки 15мг №10;НеоФарм;https://neopharm.ru/search?name=%D0%BC%D0%B5%D0%BB%D0%BE%D0%BA%D1%81%D0%B8%D0%BA%D0%B0%D0%BC;Москва;279
29-03-2022;;Мелоксикам таблетки 15мг №20*;НеоФарм;https://neopharm.ru/search?name=%D0%BC%D0%B5%D0%BB%D0%BE%D0%BA%D1%81%D0%B8%D0%BA%D0%B0%D0%BC;Москва;99
29-03-2022;;Мелоксикам Канон гель 1% 30г;НеоФарм;https://neopharm.ru/search?name=%D0%BC%D0%B5%D0%BB%D0%BE%D0%BA%D1%81%D0%B8%D0%BA%D0%B0%D0%BC;Москва;257
29-03-2022;;Мелоксикам таблетки 7,5мг №20;НеоФарм;https://neopharm.ru/search?name=%D0%BC%D0%B5%D0%BB%D0%BE%D0%BA%D1%81%D0%B8%D0%BA%D0%B0%D0%BC;Москва;271
29-03-2022;;Мелоксикам таблетки 7,5мг №20;НеоФарм;https://neopharm.ru/search?name=%D0%BC%D0%B5%D0%BB%D0%BE%D0%BA%D1%81%D0%B8%D0%BA%D0%B0%D0%BC;Москва;85
29-03-2022;;Мелоксикам Озон таблетки 15мг №20;НеоФарм;https://neopharm.ru/search?name=%D0%BC%D0%B5%D0%BB%D0%BE%D0%BA%D1%81%D0%B8%D0%BA%D0%B0%D0%BC;Москва;194
29-03-2022;;Мелоксикам таблетки 15мг №20;НеоФарм;https://neopharm.ru/search?name=%D0%BC%D0%B5%D0%BB%D0%BE%D0%BA%D1%81%D0%B8%D0%BA%D0%B0%D0%BC;Москва;382
29-03-2022;;Мелоксикам таблетки 15мг №20;НеоФарм;https://neopharm.ru/search?name=%D0%BC%D0%B5%D0%BB%D0%BE%D0%BA%D1%81%D0%B8%D0%BA%D0%B0%D0%BC;Москва;103
29-03-2022;;Мелоксикам таблетки 7,5мг №20;НеоФарм;https://neopharm.ru/search?name=%D0%BC%D0%B5%D0%BB%D0%BE%D0%BA%D1%81%D0%B8%D0%BA%D0%B0%D0%BC;Москва;211
29-03-2022;;Мелоксикам Авексима таб. 7,5мг  №20;НеоФарм;https://neopharm.ru/search?name=%D0%BC%D0%B5%D0%BB%D0%BE%D0%BA%D1%81%D0%B8%D0%BA%D0%B0%D0%BC;Москва;58
29-03-2022;;Мелоксикам раствор для инъекций 10мг/мл 1,5мл №5;НеоФарм;https://neopharm.ru/search?name=%D0%BC%D0%B5%D0%BB%D0%BE%D0%BA%D1%81%D0%B8%D0%BA%D0%B0%D0%BC;Москва;362
29-03-2022;;Мелоксикам Озон раствор для инъекций 10мг/мл 1,5мл №3;НеоФарм;https://neopharm.ru/search?name=%D0%BC%D0%B5%D0%BB%D0%BE%D0%BA%D1%81%D0%B8%D0%BA%D0%B0%D0%BC;Москва;267
29-03-2022;;Артрозан таблетки 15мг №10;НеоФарм;https://neopharm.ru/search?name=%D0%B0%D1%80%D1%82%D1%80%D0%BE%D0%B7%D0%B0%D0%BD;Москва;240
29-03-2022;;Артрозан таблетки 15мг №20;НеоФарм;https://neopharm.ru/search?name=%D0%B0%D1%80%D1%82%D1%80%D0%BE%D0%B7%D0%B0%D0%BD;Москва;348
29-03-2022;;Артрозан раствор для инъекций 6мг/мл 2,5мл №3;НеоФарм;https://neopharm.ru/search?name=%D0%B0%D1%80%D1%82%D1%80%D0%BE%D0%B7%D0%B0%D0%BD;Москва;338
29-03-2022;;Артрозан раствор для инъекций 6мг/мл 2,5мл №10;НеоФарм;https://neopharm.ru/search?name=%D0%B0%D1%80%D1%82%D1%80%D0%BE%D0%B7%D0%B0%D0%BD;Москва;727
29-03-2022;;Артрозан раствор для инъекций 6мг/мл 2,5мл №5;НеоФарм;https://neopharm.ru/search?name=%D0%B0%D1%80%D1%82%D1%80%D0%BE%D0%B7%D0%B0%D0%BD;Москва;486
29-03-2022;;Эдас-919 Артромил (артроз, полиартрит) гранулы 20г;НеоФарм;https://neopharm.ru/search?name=%D0%B0%D1%80%D1%82%D1%80%D0%BE%D0%B7%D0%B0%D0%BD;Москва;222
29-03-2022;;Эдас-119 Артромил (артроз, полиартрит) капли 25мл;НеоФарм;https://neopharm.ru/search?name=%D0%B0%D1%80%D1%82%D1%80%D0%BE%D0%B7%D0%B0%D0%BD;Москва;233
29-03-2022;;Элокс-Солофарм раствор для инъекций 10мг/мл 1,5мл №3;НеоФарм;https://neopharm.ru/search?name=%D1%8D%D0%BB%D0%BE%D0%BA%D1%81-%D1%81%D0%BE%D0%BB%D0%BE%D1%84%D0%B0%D1%80%D0%BC;Москва;308
29-03-2022;;Элокс-Солофарм раствор для инъекций 10мг/мл 1,5мл №5;НеоФарм;https://neopharm.ru/search?name=%D1%8D%D0%BB%D0%BE%D0%BA%D1%81-%D1%81%D0%BE%D0%BB%D0%BE%D1%84%D0%B0%D1%80%D0%BC;Москва;427
29-03-2022;;Эрокс-Клиник гранулы 50г;НеоФарм;https://neopharm.ru/search?name=%D1%8D%D0%BB%D0%BE%D0%BA%D1%81-%D1%81%D0%BE%D0%BB%D0%BE%D1%84%D0%B0%D1%80%D0%BC;Москва;680
29-03-2022;;Эфокс 20 таблетки 20мг №50;НеоФарм;https://neopharm.ru/search?name=%D1%8D%D0%BB%D0%BE%D0%BA%D1%81-%D1%81%D0%BE%D0%BB%D0%BE%D1%84%D0%B0%D1%80%D0%BC;Москва;145
29-03-2022;;Эфокс Лонг таблетки пролонгированные 50мг №30;НеоФарм;https://neopharm.ru/search?name=%D1%8D%D0%BB%D0%BE%D0%BA%D1%81-%D1%81%D0%BE%D0%BB%D0%BE%D1%84%D0%B0%D1%80%D0%BC;Москва;319
29-03-2022;;Эмокси-оптик капли глазные 1% 5мл;НеоФарм;https://neopharm.ru/search?name=%D1%8D%D0%BB%D0%BE%D0%BA%D1%81-%D1%81%D0%BE%D0%BB%D0%BE%D1%84%D0%B0%D1%80%D0%BC;Москва;293
29-03-2022;;Эфокс Лонг капсулы пролонгированные 50мг №30;НеоФарм;https://neopharm.ru/search?name=%D1%8D%D0%BB%D0%BE%D0%BA%D1%81-%D1%81%D0%BE%D0%BB%D0%BE%D1%84%D0%B0%D1%80%D0%BC;Москва;350
29-03-2022;;Алеф налокотник согрев. ЛОКС (XL 29-32см);НеоФарм;https://neopharm.ru/search?name=%D1%8D%D0%BB%D0%BE%D0%BA%D1%81-%D1%81%D0%BE%D0%BB%D0%BE%D1%84%D0%B0%D1%80%D0%BC;Москва;658
29-03-2022;;Алеф налокотник согрев. ЛОКС (L 26-29см);НеоФарм;https://neopharm.ru/search?name=%D1%8D%D0%BB%D0%BE%D0%BA%D1%81-%D1%81%D0%BE%D0%BB%D0%BE%D1%84%D0%B0%D1%80%D0%BC;Москва;775
29-03-2022;;Мовасин таблетки 15мг №20;НеоФарм;https://neopharm.ru/search?name=%D0%BC%D0%BE%D0%B2%D0%B0%D1%81%D0%B8%D0%BD;Москва;144
29-03-2022;;Мовасин таблетки 7,5мг №20;НеоФарм;https://neopharm.ru/search?name=%D0%BC%D0%BE%D0%B2%D0%B0%D1%81%D0%B8%D0%BD;Москва;99
29-03-2022;;Мовасин раствор для инъекций 10мг/мл 1,5мл №3;НеоФарм;https://neopharm.ru/search?name=%D0%BC%D0%BE%D0%B2%D0%B0%D1%81%D0%B8%D0%BD;Москва;252
29-03-2022;;Мовасин раствор для инъекций 10мг/мл 1,5мл №5;НеоФарм;https://neopharm.ru/search?name=%D0%BC%D0%BE%D0%B2%D0%B0%D1%81%D0%B8%D0%BD;Москва;332
29-03-2022;;Генитрон раствор для инъекций 10мг/мл 1,5мл №5;НеоФарм;https://neopharm.ru/search?name=%D0%B3%D0%B5%D0%BD%D0%B8%D1%82%D1%80%D0%BE%D0%BD;Москва;684
29-03-2022;;Мелофлекс раствор для инъекций 10мг/мл 1,5мл №3;НеоФарм;https://neopharm.ru/search?name=%D0%BC%D0%B5%D0%BB%D0%BE%D1%84%D0%BB%D0%B5%D0%BA%D1%81;Москва;503
29-03-2022;;Мелофлекс раствор для инъекций 10мг/мл 1,5мл №5;НеоФарм;https://neopharm.ru/search?name=%D0%BC%D0%B5%D0%BB%D0%BE%D1%84%D0%BB%D0%B5%D0%BA%D1%81;Москва;740
29-03-2022;;Би Велл манжета M;НеоФарм;https://neopharm.ru/search?name=%D0%B1%D0%B8-%D0%BA%D1%81%D0%B8%D0%BA%D0%B0%D0%BC;Москва;883
29-03-2022;;Би Велл манжета M-L;НеоФарм;https://neopharm.ru/search?name=%D0%B1%D0%B8-%D0%BA%D1%81%D0%B8%D0%BA%D0%B0%D0%BC;Москва;1 030
29-03-2022;;Орал Би зубная щетка БИО средняя №2;НеоФарм;https://neopharm.ru/search?name=%D0%B1%D0%B8-%D0%BA%D1%81%D0%B8%D0%BA%D0%B0%D0%BC;Москва;209
29-03-2022;;Би Велл Ингалятор компрессорный MED-121;НеоФарм;https://neopharm.ru/search?name=%D0%B1%D0%B8-%D0%BA%D1%81%D0%B8%D0%BA%D0%B0%D0%BC;Москва;3 790
29-03-2022;;Би Велл Ингалятор компрессорный MED-120;НеоФарм;https://neopharm.ru/search?name=%D0%B1%D0%B8-%D0%BA%D1%81%D0%B8%D0%BA%D0%B0%D0%BC;Москва;3 240
29-03-2022;;Би Велл Аспиратор детский WC-150;НеоФарм;https://neopharm.ru/search?name=%D0%B1%D0%B8-%D0%BA%D1%81%D0%B8%D0%BA%D0%B0%D0%BC;Москва;2 110
29-03-2022;;Би Велл Ингалятор компрессорный PRO-115;НеоФарм;https://neopharm.ru/search?name=%D0%B1%D0%B8-%D0%BA%D1%81%D0%B8%D0%BA%D0%B0%D0%BC;Москва;3 560
29-03-2022;;Би Велл весы детские WK-160;НеоФарм;https://neopharm.ru/search?name=%D0%B1%D0%B8-%D0%BA%D1%81%D0%B8%D0%BA%D0%B0%D0%BC;Москва;6 670
29-03-2022;;Би Велл Ингалятор компрессорный PRO-110;НеоФарм;https://neopharm.ru/search?name=%D0%B1%D0%B8-%D0%BA%D1%81%D0%B8%D0%BA%D0%B0%D0%BC;Москва;2 980
29-03-2022;;Би Велл Ингалятор компрессорный WN-117;НеоФарм;https://neopharm.ru/search?name=%D0%B1%D0%B8-%D0%BA%D1%81%D0%B8%D0%BA%D0%B0%D0%BC;Москва;2 600
29-03-2022;;Орал Би зубная нить Сатин флосс 25м;НеоФарм;https://neopharm.ru/search?name=%D0%B1%D0%B8-%D0%BA%D1%81%D0%B8%D0%BA%D0%B0%D0%BC;Москва;316
29-03-2022;;Би Велл Ингалятор сетчатый WN-114 взр.;НеоФарм;https://neopharm.ru/search?name=%D0%B1%D0%B8-%D0%BA%D1%81%D0%B8%D0%BA%D0%B0%D0%BC;Москва;5 350
29-03-2022;;Алфлутоп раствор для инъекций 10мг/мл 2мл №10;НеоФарм;https://neopharm.ru/search?name=%D0%B0%D0%BB%D1%84%D0%BB%D1%83%D1%82%D0%BE%D0%BF;Москва;3 850
29-03-2022;;Алфлутоп раствор для инъекций 10мг/мл 1мл №10;НеоФарм;https://neopharm.ru/search?name=%D0%B0%D0%BB%D1%84%D0%BB%D1%83%D1%82%D0%BE%D0%BF;Москва;2 173
29-03-2022;;Алфлутоп раствор для инъекций 10мг/мл 2мл №5;НеоФарм;https://neopharm.ru/search?name=%D0%B0%D0%BB%D1%84%D0%BB%D1%83%D1%82%D0%BE%D0%BF;Москва;2 247
29-03-2022;;Хондрогард раствор для инъекций 100мг/мл 2мл №25;НеоФарм;https://neopharm.ru/search?name=%D1%85%D0%BE%D0%BD%D0%B4%D1%80%D0%BE%D0%B3%D0%B0%D1%80%D0%B4;Москва;3 460
29-03-2022;;Хондрогард раствор для инъекций 100мг/мл 1мл №10;НеоФарм;https://neopharm.ru/search?name=%D1%85%D0%BE%D0%BD%D0%B4%D1%80%D0%BE%D0%B3%D0%B0%D1%80%D0%B4;Москва;1 144
29-03-2022;;Хондрогард раствор для инъекций 100мг/мл 2мл №10;НеоФарм;https://neopharm.ru/search?name=%D1%85%D0%BE%D0%BD%D0%B4%D1%80%D0%BE%D0%B3%D0%B0%D1%80%D0%B4;Москва;1 916
29-03-2022;;Драстоп Адванс таблетки покрытые оболочкой №30;НеоФарм;https://neopharm.ru/search?name=%D0%B4%D1%80%D0%B0%D1%81%D1%82%D0%BE%D0%BF;Москва;1 310
29-03-2022;;Драстоп раствор внутримышечно 100мг/мл 2мл №10;НеоФарм;https://neopharm.ru/search?name=%D0%B4%D1%80%D0%B0%D1%81%D1%82%D0%BE%D0%BF;Москва;1 340
29-03-2022;;Мукосат мазь 5% 30г;НеоФарм;https://neopharm.ru/search?name=%D0%BC%D1%83%D0%BA%D0%BE%D1%81%D0%B0%D1%82;Москва;374
29-03-2022;;Мукосат капсулы 577,58мг №80;НеоФарм;https://neopharm.ru/search?name=%D0%BC%D1%83%D0%BA%D0%BE%D1%81%D0%B0%D1%82;Москва;1 410
29-03-2022;;Мукосат раствор для инъекций 100мг/мл 2мл №25;НеоФарм;https://neopharm.ru/search?name=%D0%BC%D1%83%D0%BA%D0%BE%D1%81%D0%B0%D1%82;Москва;3 540
29-03-2022;;Мукосат раствор для инъекций 100мг/мл 1мл №10;НеоФарм;https://neopharm.ru/search?name=%D0%BC%D1%83%D0%BA%D0%BE%D1%81%D0%B0%D1%82;Москва;1 141
29-03-2022;;Мукосат раствор для инъекций 100мг/мл 2мл №5;НеоФарм;https://neopharm.ru/search?name=%D0%BC%D1%83%D0%BA%D0%BE%D1%81%D0%B0%D1%82;Москва;1 067
29-03-2022;;Мукосат раствор для инъекций 100мг/мл 2мл №10;НеоФарм;https://neopharm.ru/search?name=%D0%BC%D1%83%D0%BA%D0%BE%D1%81%D0%B0%D1%82;Москва;1 720
29-03-2022;;Румалон раствор для инъекций 1мл №25;НеоФарм;https://neopharm.ru/search?name=%D1%80%D1%83%D0%BC%D0%B0%D0%BB%D0%BE%D0%BD;Москва;4 100
29-03-2022;;Румалон раствор для инъекций 1мл №10;НеоФарм;https://neopharm.ru/search?name=%D1%80%D1%83%D0%BC%D0%B0%D0%BB%D0%BE%D0%BD;Москва;2 276
29-03-2022;;Дона таблетки 750мг №180;НеоФарм;https://neopharm.ru/search?name=%D0%B4%D0%BE%D0%BD%D0%B0;Москва;3 850
29-03-2022;;Дона таблетки 750мг №60;НеоФарм;https://neopharm.ru/search?name=%D0%B4%D0%BE%D0%BD%D0%B0;Москва;1 903
29-03-2022;;Дона порошок для приготовления раствора внутрь 1500мг №20;НеоФарм;https://neopharm.ru/search?name=%D0%B4%D0%BE%D0%BD%D0%B0;Москва;1 890
29-03-2022;;Донормил таблетки покрытые оболочкой 15мг №10;НеоФарм;https://neopharm.ru/search?name=%D0%B4%D0%BE%D0%BD%D0%B0;Москва;188
29-03-2022;;Донормил таблетки покрытые оболочкой 15мг №30;НеоФарм;https://neopharm.ru/search?name=%D0%B4%D0%BE%D0%BD%D0%B0;Москва;472
29-03-2022;;Дона раствор для инъекций 200мг/мл 2мл №6;НеоФарм;https://neopharm.ru/search?name=%D0%B4%D0%BE%D0%BD%D0%B0;Москва;2 037
29-03-2022;;Вода минеральная Донат 500мл;НеоФарм;https://neopharm.ru/search?name=%D0%B4%D0%BE%D0%BD%D0%B0;Москва;179
29-03-2022;;Вода минеральная Донат 1л;НеоФарм;https://neopharm.ru/search?name=%D0%B4%D0%BE%D0%BD%D0%B0;Москва;239
29-03-2022;;Инъектран раствор внутримышечно 100мг/мл 2мл №10;НеоФарм;https://neopharm.ru/search?name=%D0%B8%D0%BD%D1%8A%D0%B5%D0%BA%D1%82%D1%80%D0%B0%D0%BD;Москва;1 980
29-03-2022;;Хондролон лиофилизат для приготовления раствора внутримышечно 100мг №10;НеоФарм;https://neopharm.ru/search?name=%D1%85%D0%BE%D0%BD%D0%B4%D1%80%D0%BE%D0%BB%D0%BE%D0%BD;Москва;389
29-03-2022;;Артогистан раствор для инъекций 100мг/мл 2мл №10;НеоФарм;https://neopharm.ru/search?name=%D0%B0%D1%80%D1%82%D0%BE%D0%B3%D0%B8%D1%81%D1%82%D0%B0%D0%BD;Москва;1 440
29-03-2022;;Артогистан раствор для инъекций 100мг/мл 1мл №10;НеоФарм;https://neopharm.ru/search?name=%D0%B0%D1%80%D1%82%D0%BE%D0%B3%D0%B8%D1%81%D1%82%D0%B0%D0%BD;Москва;855
29-03-2022;;Амбене Био раствор для инъекций ампулы 2мл №5;НеоФарм;https://neopharm.ru/search?name=%D0%B0%D0%BC%D0%B1%D0%B5%D0%BD%D0%B5%20%D0%B1%D0%B8%D0%BE;Москва;2 230
29-03-2022;;Амбене Био раствор для инъекций ампулы 1мл №10;НеоФарм;https://neopharm.ru/search?name=%D0%B0%D0%BC%D0%B1%D0%B5%D0%BD%D0%B5%20%D0%B1%D0%B8%D0%BE;Москва;2 000
29-03-2022;;Амбра С-3 гранулы 10г;НеоФарм;https://neopharm.ru/search?name=%D0%B0%D0%BC%D0%B1%D0%B5%D0%BD%D0%B5%20%D0%B1%D0%B8%D0%BE;Москва;140
29-03-2022;;Амбра D-3 гранулы 10г;НеоФарм;https://neopharm.ru/search?name=%D0%B0%D0%BC%D0%B1%D0%B5%D0%BD%D0%B5%20%D0%B1%D0%B8%D0%BE;Москва;140
29-03-2022;;Амброксол таблетки 30мг №20;НеоФарм;https://neopharm.ru/search?name=%D0%B0%D0%BC%D0%B1%D0%B5%D0%BD%D0%B5%20%D0%B1%D0%B8%D0%BE;Москва;33
29-03-2022;;Амбробене таблетки 30мг №20;НеоФарм;https://neopharm.ru/search?name=%D0%B0%D0%BC%D0%B1%D0%B5%D0%BD%D0%B5%20%D0%B1%D0%B8%D0%BE;Москва;159
29-03-2022;;Амбра С-6 гранулы 10г;НеоФарм;https://neopharm.ru/search?name=%D0%B0%D0%BC%D0%B1%D0%B5%D0%BD%D0%B5%20%D0%B1%D0%B8%D0%BE;Москва;140
29-03-2022;;Амброзия С-30 гранулы 10г;НеоФарм;https://neopharm.ru/search?name=%D0%B0%D0%BC%D0%B1%D0%B5%D0%BD%D0%B5%20%D0%B1%D0%B8%D0%BE;Москва;165
29-03-2022;;Амброксол таблетки 30мг №20;НеоФарм;https://neopharm.ru/search?name=%D0%B0%D0%BC%D0%B1%D0%B5%D0%BD%D0%B5%20%D0%B1%D0%B8%D0%BE;Москва;124
29-03-2022;;Амбра С-30 гранулы 10г;НеоФарм;https://neopharm.ru/search?name=%D0%B0%D0%BC%D0%B1%D0%B5%D0%BD%D0%B5%20%D0%B1%D0%B8%D0%BE;Москва;170
29-03-2022;;Амброзия С-6 гранулы 10г;НеоФарм;https://neopharm.ru/search?name=%D0%B0%D0%BC%D0%B1%D0%B5%D0%BD%D0%B5%20%D0%B1%D0%B8%D0%BE;Москва;165
29-03-2022;;Амбра С-12 гранулы 10г;НеоФарм;https://neopharm.ru/search?name=%D0%B0%D0%BC%D0%B1%D0%B5%D0%BD%D0%B5%20%D0%B1%D0%B8%D0%BE;Москва;178
29-03-2022;;Сустагард Артро порошок для приготовления раствора внутрь 1,5г №20;НеоФарм;https://neopharm.ru/search?name=%D1%81%D1%83%D1%81%D1%82%D0%B0%D0%B3%D0%B0%D1%80%D0%B4%20%D0%B0%D1%80%D1%82%D1%80%D0%BE;Москва;1 208
29-03-2022;;Сустагард Артро раствор для инъекций 200мг/мл 2мл +р-ль №5;НеоФарм;https://neopharm.ru/search?name=%D1%81%D1%83%D1%81%D1%82%D0%B0%D0%B3%D0%B0%D1%80%D0%B4%20%D0%B0%D1%80%D1%82%D1%80%D0%BE;Москва;1 320
29-03-2022;;Нарин крем для суставов Артифит 100мл;НеоФарм;https://neopharm.ru/search?name=%D1%81%D1%83%D1%81%D1%82%D0%B0%D0%B3%D0%B0%D1%80%D0%B4%20%D0%B0%D1%80%D1%82%D1%80%D0%BE;Москва;3 060
29-03-2022;;Артрадол (хондроитин сульфат) лиофилизат для приготовления раствора внутримышечно 100мг ампулы 2мл №20;НеоФарм;https://neopharm.ru/search?name=%D0%B0%D1%80%D1%82%D1%80%D0%B0%D0%B4%D0%BE%D0%BB;Москва;1 620
29-03-2022;;Артрадол (хондроитин сульфат) лиофилизат для приготовления раствора внутримышечно 100мг ампулы 2мл №10;НеоФарм;https://neopharm.ru/search?name=%D0%B0%D1%80%D1%82%D1%80%D0%B0%D0%B4%D0%BE%D0%BB;Москва;956
29-03-2022;;Артрадол (хондроитин сульфат) лиофилизат для приготовления раствора внутримышечно 100мг ампулы 2мл №20;НеоФарм;https://neopharm.ru/search?name=%D1%85%D0%BE%D0%BD%D0%B4%D1%80%D0%BE%D0%B8%D1%82%D0%B8%D0%BD%D0%B0%20%D1%81%D1%83%D0%BB%D1%8C%D1%84%D0%B0%D1%82;Москва;1 620
29-03-2022;;Артрадол (хондроитин сульфат) лиофилизат для приготовления раствора внутримышечно 100мг ампулы 2мл №10;НеоФарм;https://neopharm.ru/search?name=%D1%85%D0%BE%D0%BD%D0%B4%D1%80%D0%BE%D0%B8%D1%82%D0%B8%D0%BD%D0%B0%20%D1%81%D1%83%D0%BB%D1%8C%D1%84%D0%B0%D1%82;Москва;956
29-03-2022;;Хондроитин гель 5% 30г;НеоФарм;https://neopharm.ru/search?name=%D1%85%D0%BE%D0%BD%D0%B4%D1%80%D0%BE%D0%B8%D1%82%D0%B8%D0%BD%D0%B0%20%D1%81%D1%83%D0%BB%D1%8C%D1%84%D0%B0%D1%82;Москва;209
29-03-2022;;Хондроитин капсулы 250мг №50;НеоФарм;https://neopharm.ru/search?name=%D1%85%D0%BE%D0%BD%D0%B4%D1%80%D0%BE%D0%B8%D1%82%D0%B8%D0%BD%D0%B0%20%D1%81%D1%83%D0%BB%D1%8C%D1%84%D0%B0%D1%82;Москва;775
29-03-2022;;Хондроитин-Акос мазь 5% 50г;НеоФарм;https://neopharm.ru/search?name=%D1%85%D0%BE%D0%BD%D0%B4%D1%80%D0%BE%D0%B8%D1%82%D0%B8%D0%BD%D0%B0%20%D1%81%D1%83%D0%BB%D1%8C%D1%84%D0%B0%D1%82;Москва;349
29-03-2022;;Хондроитин Велфарм капсулы 250мг №60;НеоФарм;https://neopharm.ru/search?name=%D1%85%D0%BE%D0%BD%D0%B4%D1%80%D0%BE%D0%B8%D1%82%D0%B8%D0%BD%D0%B0%20%D1%81%D1%83%D0%BB%D1%8C%D1%84%D0%B0%D1%82;Москва;557
29-03-2022;;Хондроитин-Акос мазь 5% 30г;НеоФарм;https://neopharm.ru/search?name=%D1%85%D0%BE%D0%BD%D0%B4%D1%80%D0%BE%D0%B8%D1%82%D0%B8%D0%BD%D0%B0%20%D1%81%D1%83%D0%BB%D1%8C%D1%84%D0%B0%D1%82;Москва;272
29-03-2022;;Солгар Глюкозамин-Хондроитин Плюс таблетки №75;НеоФарм;https://neopharm.ru/search?name=%D1%85%D0%BE%D0%BD%D0%B4%D1%80%D0%BE%D0%B8%D1%82%D0%B8%D0%BD%D0%B0%20%D1%81%D1%83%D0%BB%D1%8C%D1%84%D0%B0%D1%82;Москва;3 890
29-03-2022;;Натрол Глюкозамин/хондроитин МСМ таблетки №90;НеоФарм;https://neopharm.ru/search?name=%D1%85%D0%BE%D0%BD%D0%B4%D1%80%D0%BE%D0%B8%D1%82%D0%B8%D0%BD%D0%B0%20%D1%81%D1%83%D0%BB%D1%8C%D1%84%D0%B0%D1%82;Москва;2 380
29-03-2022;;Артроцин крем хондроитин/глюкозамин 50мл;НеоФарм;https://neopharm.ru/search?name=%D1%85%D0%BE%D0%BD%D0%B4%D1%80%D0%BE%D0%B8%D1%82%D0%B8%D0%BD%D0%B0%20%D1%81%D1%83%D0%BB%D1%8C%D1%84%D0%B0%D1%82;Москва;269
29-03-2022;;Доппельгерц актив Глюкозамин + хондроитин капсулы №30;НеоФарм;https://neopharm.ru/search?name=%D1%85%D0%BE%D0%BD%D0%B4%D1%80%D0%BE%D0%B8%D1%82%D0%B8%D0%BD%D0%B0%20%D1%81%D1%83%D0%BB%D1%8C%D1%84%D0%B0%D1%82;Москва;774
29-03-2022;;Солгар Глюкозамин-Хондроитин Комплекс МСМ таблетки №120;НеоФарм;https://neopharm.ru/search?name=%D1%85%D0%BE%D0%BD%D0%B4%D1%80%D0%BE%D0%B8%D1%82%D0%B8%D0%BD%D0%B0%20%D1%81%D1%83%D0%BB%D1%8C%D1%84%D0%B0%D1%82;Москва;8 480
29-03-2022;;Эльбона раствор внутримышечно 200мг/мл 2мл №6 (с раств. 1мл);НеоФарм;https://neopharm.ru/search?name=%D1%8D%D0%BB%D1%8C%D0%B1%D0%BE%D0%BD%D0%B0;Москва;1 390
29-03-2022;;Хондроксид мазь 5% 30г;НеоФарм;https://neopharm.ru/search?name=%D1%85%D0%BE%D0%BD%D0%B4%D1%80%D0%BE%D0%BA%D1%81%D0%B8%D0%B4;Москва;476
29-03-2022;;Хондроксид гель 5% 30г;НеоФарм;https://neopharm.ru/search?name=%D1%85%D0%BE%D0%BD%D0%B4%D1%80%D0%BE%D0%BA%D1%81%D0%B8%D0%B4;Москва;516
29-03-2022;;Гиалрипайер-10 Хондрорепарант протез синовиальной жидкости 1,5% 2мл №1;НеоФарм;https://neopharm.ru/search?name=%D0%B3%D0%B8%D0%B0%D0%BB%D1%80%D0%B8%D0%BF%D0%B0%D0%B9%D0%B5%D1%80;Москва;10 840
29-03-2022;;Гиалрипайер-10 Хондрорепарант протез синовиальной жидкости 0,8% 5мл №1;НеоФарм;https://neopharm.ru/search?name=%D0%B3%D0%B8%D0%B0%D0%BB%D1%80%D0%B8%D0%BF%D0%B0%D0%B9%D0%B5%D1%80;Москва;5 400
29-03-2022;;Гиалрипайер-02 Хондрорепарант протез синовиальной жидкости 1,5% 2мл №1;НеоФарм;https://neopharm.ru/search?name=%D0%B3%D0%B8%D0%B0%D0%BB%D1%80%D0%B8%D0%BF%D0%B0%D0%B9%D0%B5%D1%80;Москва;7 730
29-03-2022;;Гиалрипайер-02 Хондрорепарант протез синовиальной жидкости 0,8% 5мл №1;НеоФарм;https://neopharm.ru/search?name=%D0%B3%D0%B8%D0%B0%D0%BB%D1%80%D0%B8%D0%BF%D0%B0%D0%B9%D0%B5%D1%80;Москва;3 650
29-03-2022;;Остеоколл раствор для внутрисуставного введения 100мкг/2мл 2мл №5;НеоФарм;https://neopharm.ru/search?name=%D0%BE%D1%81%D1%82%D0%B5%D0%BE%D0%BA%D0%BE%D0%BB%D0%BB;Москва;3 930
29-03-2022;;Плексатрон раствор для внутрисуставного введения 2мл №5;НеоФарм;https://neopharm.ru/search?name=%D0%BF%D0%BB%D0%B5%D0%BA%D1%81%D0%B0%D1%82%D1%80%D0%BE%D0%BD;Москва;5 050
29-03-2022;;Траумель С капли внутрь 30мл;НеоФарм;https://neopharm.ru/search?name=%D1%82%D1%80%D0%B0%D1%83%D0%BC%D0%B5%D0%BB%D1%8C;Москва;778
29-03-2022;;Траумель С мазь 100г;НеоФарм;https://neopharm.ru/search?name=%D1%82%D1%80%D0%B0%D1%83%D0%BC%D0%B5%D0%BB%D1%8C;Москва;1 500
29-03-2022;;Траумель С таблетки сублингв. №50;НеоФарм;https://neopharm.ru/search?name=%D1%82%D1%80%D0%B0%D1%83%D0%BC%D0%B5%D0%BB%D1%8C;Москва;657
29-03-2022;;Траумель С мазь 50г;НеоФарм;https://neopharm.ru/search?name=%D1%82%D1%80%D0%B0%D1%83%D0%BC%D0%B5%D0%BB%D1%8C;Москва;734
29-03-2022;;Траумель Космо гель 50г;НеоФарм;https://neopharm.ru/search?name=%D1%82%D1%80%D0%B0%D1%83%D0%BC%D0%B5%D0%BB%D1%8C;Москва;949
29-03-2022;;Траумель С раствор для инъекций 2,2мл №100;НеоФарм;https://neopharm.ru/search?name=%D1%82%D1%80%D0%B0%D1%83%D0%BC%D0%B5%D0%BB%D1%8C;Москва;13 680
29-03-2022;;Траумель С раствор для инъекций 2,2мл №5;НеоФарм;https://neopharm.ru/search?name=%D1%82%D1%80%D0%B0%D1%83%D0%BC%D0%B5%D0%BB%D1%8C;Москва;1 170
