Дата;Наименование препарата как у нас;Наименование препарата как у аптеки;Наименование АС;Ссылка на препарат;Город;Цена
29-03-2022;;Армавискон раствор для внутрисуставного введения 1% 2мл;Столички;https://stolichki.ru/search?name=%D0%B0%D1%80%D0%BC%D0%B0%D0%B2%D0%B8%D1%81%D0%BA%D0%BE%D0%BD;Москва;5410
29-03-2022;;Армавискон Платинум раствор для внутрисуставного введения 3% 3мл;Столички;https://stolichki.ru/search?name=%D0%B0%D1%80%D0%BC%D0%B0%D0%B2%D0%B8%D1%81%D0%BA%D0%BE%D0%BD;Москва;20710
29-03-2022;;Армавискон раствор для внутрисуставного введения 1% 2мл №2;Столички;https://stolichki.ru/search?name=%D0%B0%D1%80%D0%BC%D0%B0%D0%B2%D0%B8%D1%81%D0%BA%D0%BE%D0%BD;Москва;8790
29-03-2022;;Армавискон Плюс раствор для внутрисуставного введения 1,5% 2мл;Столички;https://stolichki.ru/search?name=%D0%B0%D1%80%D0%BC%D0%B0%D0%B2%D0%B8%D1%81%D0%BA%D0%BE%D0%BD;Москва;7620
29-03-2022;;Армавискон Форте раствор для внутрисуставного введения 2,3% 3мл;Столички;https://stolichki.ru/search?name=%D0%B0%D1%80%D0%BC%D0%B0%D0%B2%D0%B8%D1%81%D0%BA%D0%BE%D0%BD;Москва;17090
29-03-2022;;Армавискон Плюс раствор для внутрисуставного введения 1,5% 2мл №2;Столички;https://stolichki.ru/search?name=%D0%B0%D1%80%D0%BC%D0%B0%D0%B2%D0%B8%D1%81%D0%BA%D0%BE%D0%BD;Москва;14210
29-03-2022;;Армавискон МН раствор для внутрисуставного введения 2мл;Столички;https://stolichki.ru/search?name=%D0%B0%D1%80%D0%BC%D0%B0%D0%B2%D0%B8%D1%81%D0%BA%D0%BE%D0%BD;Москва;6920
29-03-2022;;АртроВиск 40 имплантант вязкоупругий стер. шприц 20мг/мл 2мл №3;Столички;https://stolichki.ru/search?name=%D0%90%D1%80%D1%82%D1%80%D0%BE%D0%B2%D0%B8%D1%81%D0%BA;Москва;25500
29-03-2022;;Артра таблетки покрытые оболочкой №120;Столички;https://stolichki.ru/search?name=%D0%90%D1%82%D1%80%D0%B8+%D0%B8%D0%BD%D0%B6;Москва;3250
29-03-2022;;Артро-Актив таблетки №40;Столички;https://stolichki.ru/search?name=%D0%90%D1%82%D1%80%D0%B8+%D0%B8%D0%BD%D0%B6;Москва;378
29-03-2022;;Аура ватные диски №50;Столички;https://stolichki.ru/search?name=%D0%90%D1%82%D1%80%D0%B8+%D0%B8%D0%BD%D0%B6;Москва;33
29-03-2022;;Артра МСМ таблетки №60;Столички;https://stolichki.ru/search?name=%D0%90%D1%82%D1%80%D0%B8+%D0%B8%D0%BD%D0%B6;Москва;1690
29-03-2022;;Артро-Актив таблетки №20;Столички;https://stolichki.ru/search?name=%D0%90%D1%82%D1%80%D0%B8+%D0%B8%D0%BD%D0%B6;Москва;221
29-03-2022;;Аир болотный корневища 75г;Столички;https://stolichki.ru/search?name=%D0%90%D1%82%D1%80%D0%B8+%D0%B8%D0%BD%D0%B6;Москва;103
29-03-2022;;Отрио таблетки 10мг №30;Столички;https://stolichki.ru/search?name=%D0%90%D1%82%D1%80%D0%B8+%D0%B8%D0%BD%D0%B6;Москва;750
29-03-2022;;Артра таблетки покрытые оболочкой №60;Столички;https://stolichki.ru/search?name=%D0%90%D1%82%D1%80%D0%B8+%D0%B8%D0%BD%D0%B6;Москва;2149
29-03-2022;;Артро-Актив Первая помощь капсулы №36;Столички;https://stolichki.ru/search?name=%D0%90%D1%82%D1%80%D0%B8+%D0%B8%D0%BD%D0%B6;Москва;180
29-03-2022;;Аир болотный корневища Здоровье 50г;Столички;https://stolichki.ru/search?name=%D0%90%D1%82%D1%80%D0%B8+%D0%B8%D0%BD%D0%B6;Москва;81
29-03-2022;;Аура покрытие однораз. д/унитаза №10;Столички;https://stolichki.ru/search?name=%D0%90%D1%82%D1%80%D0%B8+%D0%B8%D0%BD%D0%B6;Москва;61
29-03-2022;;Агри (антигриппин гомеопатические) таблетки для детей №40;Столички;https://stolichki.ru/search?name=%D0%90%D1%82%D1%80%D0%B8+%D0%B8%D0%BD%D0%B6;Москва;115
29-03-2022;;Бовиста (Бовиста Ликопендрон) С-30 гранулы 10г;Столички;https://stolichki.ru/search?name=%D0%B1%D0%B8%D0%BE%D0%B2%D0%B8%D1%81%D0%BA+%D0%BE%D1%80%D1%82%D0%BE;Москва;200
29-03-2022;;Рокс зубная паста Бионика 74г;Столички;https://stolichki.ru/search?name=%D0%B1%D0%B8%D0%BE%D0%B2%D0%B8%D1%81%D0%BA+%D0%BE%D1%80%D1%82%D0%BE;Москва;288
29-03-2022;;Вода минеральная БиоВита 0,6л ПЭТ;Столички;https://stolichki.ru/search?name=%D0%B1%D0%B8%D0%BE%D0%B2%D0%B8%D1%81%D0%BA+%D0%BE%D1%80%D1%82%D0%BE;Москва;35
29-03-2022;;Глицин таблетки сублингвальные 100мг №50 Биотики;Столички;https://stolichki.ru/search?name=%D0%B1%D0%B8%D0%BE%D0%B2%D0%B8%D1%81%D0%BA+%D0%BE%D1%80%D1%82%D0%BE;Москва;35.9
29-03-2022;;Глицин таблетки сублингвальные 100мг №100 Биотики;Столички;https://stolichki.ru/search?name=%D0%B1%D0%B8%D0%BE%D0%B2%D0%B8%D1%81%D0%BA+%D0%BE%D1%80%D1%82%D0%BE;Москва;77
29-03-2022;;Вода минеральная БиоВита 1,5л ПЭТ;Столички;https://stolichki.ru/search?name=%D0%B1%D0%B8%D0%BE%D0%B2%D0%B8%D1%81%D0%BA+%D0%BE%D1%80%D1%82%D0%BE;Москва;59
29-03-2022;;Рокс зубная паста Бионика отбелив. 74г;Столички;https://stolichki.ru/search?name=%D0%B1%D0%B8%D0%BE%D0%B2%D0%B8%D1%81%D0%BA+%D0%BE%D1%80%D1%82%D0%BE;Москва;302
29-03-2022;;Версан Флюид УНО шприц 3мл;Столички;https://stolichki.ru/search?name=%D0%B2%D0%B5%D1%80%D1%81%D0%B0%D0%BD+%D1%84%D0%BB%D1%8E%D0%B8%D0%B4;Москва;24760
29-03-2022;;Версан Флюид шприц 2,5мл;Столички;https://stolichki.ru/search?name=%D0%B2%D0%B5%D1%80%D1%81%D0%B0%D0%BD+%D1%84%D0%BB%D1%8E%D0%B8%D0%B4;Москва;9495
29-03-2022;;Версан капсулы №60;Столички;https://stolichki.ru/search?name=%D0%B2%D0%B5%D1%80%D1%81%D0%B0%D0%BD+%D1%84%D0%BB%D1%8E%D0%B8%D0%B4;Москва;2680
29-03-2022;;Версатис ТДТС 700мг №30;Столички;https://stolichki.ru/search?name=%D0%B2%D0%B5%D1%80%D1%81%D0%B0%D0%BD+%D1%84%D0%BB%D1%8E%D0%B8%D0%B4;Москва;4326
29-03-2022;;Версатис ТДТС 700мг №5;Столички;https://stolichki.ru/search?name=%D0%B2%D0%B5%D1%80%D1%81%D0%B0%D0%BD+%D1%84%D0%BB%D1%8E%D0%B8%D0%B4;Москва;910
29-03-2022;;ВискоПлюс раствор для внутрисуставного введения 1% 2мл;Столички;https://stolichki.ru/search?name=%D0%B2%D0%B8%D1%81%D0%BA%D0%BE%D0%BF%D0%BB%D1%8E%D1%81;Москва;9520
29-03-2022;;ВискоПлюс раствор для внутрисуставного введения 2,5% 3мл;Столички;https://stolichki.ru/search?name=%D0%B2%D0%B8%D1%81%D0%BA%D0%BE%D0%BF%D0%BB%D1%8E%D1%81;Москва;24750
29-03-2022;;Гиалгель гель для тела 4г №4;Столички;https://stolichki.ru/search?name=%D0%B3%D0%B8%D0%B0%D0%BB%D0%B3%D0%B0%D0%BD+%D1%84%D0%B8%D0%B4%D0%B8%D1%8F;Москва;2790
29-03-2022;;Гиалера жидкость внутрь 15мл стик №6;Столички;https://stolichki.ru/search?name=%D0%B3%D0%B8%D0%B0%D0%BB%D0%B3%D0%B0%D0%BD+%D1%84%D0%B8%D0%B4%D0%B8%D1%8F;Москва;517
29-03-2022;;Гиалуром CS протез синовиальной жидкости шприц 3мл №1;Столички;https://stolichki.ru/search?name=%D0%B3%D0%B8%D0%B0%D0%BB%D0%B3%D0%B0%D0%BD+%D1%84%D0%B8%D0%B4%D0%B8%D1%8F;Москва;13780
29-03-2022;;Гиалуром раствор для внутрисуставного введения 1,5% 2мл;Столички;https://stolichki.ru/search?name=%D0%B3%D0%B8%D0%B0%D0%BB%D0%B3%D0%B0%D0%BD+%D1%84%D0%B8%D0%B4%D0%B8%D1%8F;Москва;7540
29-03-2022;;Виши Лифтактив Гиалур маска для лица экспресс 50мл;Столички;https://stolichki.ru/search?name=%D0%B3%D0%B8%D0%B0%D0%BB%D0%B3%D0%B0%D0%BD+%D1%84%D0%B8%D0%B4%D0%B8%D1%8F;Москва;3490
29-03-2022;;Гиалон протез синовиальной жидкости 60мг/4мл №1;Столички;https://stolichki.ru/search?name=%D0%B3%D0%B8%D0%B0%D0%BB%D0%B3%D0%B0%D0%BD+%D1%84%D0%B8%D0%B4%D0%B8%D1%8F;Москва;21460
29-03-2022;;Нумис Мед крем для лица днев. 5% мочев./гиалур. к-та 50мл;Столички;https://stolichki.ru/search?name=%D0%B3%D0%B8%D0%B0%D0%BB%D0%B3%D0%B0%D0%BD+%D1%84%D0%B8%D0%B4%D0%B8%D1%8F;Москва;747
29-03-2022;;Нумис Мед крем для лица ночной 5% мочев./гиалур. к-та 50мл;Столички;https://stolichki.ru/search?name=%D0%B3%D0%B8%D0%B0%D0%BB%D0%B3%D0%B0%D0%BD+%D1%84%D0%B8%D0%B4%D0%B8%D1%8F;Москва;807
29-03-2022;;Гиалуром Тендон раствор для внутрисуставного введения 40мг/2мл №1;Столички;https://stolichki.ru/search?name=%D0%B3%D0%B8%D0%B0%D0%BB%D0%B3%D0%B0%D0%BD+%D1%84%D0%B8%D0%B4%D0%B8%D1%8F;Москва;8950
29-03-2022;;Гилан УльтраКомфорт капли глазные 0,3% 10мл;Столички;https://stolichki.ru/search?name=%D0%B3%D0%B8%D0%B0%D0%BB%D0%B3%D0%B0%D0%BD+%D1%84%D0%B8%D0%B4%D0%B8%D1%8F;Москва;478
29-03-2022;;Гилан УльтраКомфорт капли глазные 0,3% 0,4мл №30;Столички;https://stolichki.ru/search?name=%D0%B3%D0%B8%D0%B0%D0%BB%D0%B3%D0%B0%D0%BD+%D1%84%D0%B8%D0%B4%D0%B8%D1%8F;Москва;422
29-03-2022;;Гилан УльтраКомфорт капли глазные 0,3% 0,4мл №10;Столички;https://stolichki.ru/search?name=%D0%B3%D0%B8%D0%B0%D0%BB%D0%B3%D0%B0%D0%BD+%D1%84%D0%B8%D0%B4%D0%B8%D1%8F;Москва;286
29-03-2022;;Гиалон протез синовиальной жидкости 60мг/4мл №1;Столички;https://stolichki.ru/search?name=%D0%B3%D0%B8%D0%B0%D0%BB%D0%BE%D0%BD;Москва;21460
29-03-2022;;Гиалгель гель для тела 4г №4;Столички;https://stolichki.ru/search?name=%D0%B3%D0%B8%D0%B0%D0%BB%D1%83%D0%B0%D0%BB%D1%8C+%D0%B0%D1%80%D1%82%D1%80%D0%BE;Москва;2790
29-03-2022;;Гиалуром Тендон раствор для внутрисуставного введения 40мг/2мл №1;Столички;https://stolichki.ru/search?name=%D0%B3%D0%B8%D0%B0%D0%BB%D1%83%D0%B0%D0%BB%D1%8C+%D0%B0%D1%80%D1%82%D1%80%D0%BE;Москва;8950
29-03-2022;;Виши Лифтактив Гиалур маска для лица экспресс 50мл;Столички;https://stolichki.ru/search?name=%D0%B3%D0%B8%D0%B0%D0%BB%D1%83%D0%B0%D0%BB%D1%8C+%D0%B0%D1%80%D1%82%D1%80%D0%BE;Москва;3490
29-03-2022;;Гиалуром CS протез синовиальной жидкости шприц 3мл №1;Столички;https://stolichki.ru/search?name=%D0%B3%D0%B8%D0%B0%D0%BB%D1%83%D0%B0%D0%BB%D1%8C+%D0%B0%D1%80%D1%82%D1%80%D0%BE;Москва;13780
29-03-2022;;Гиалуром раствор для внутрисуставного введения 1,5% 2мл;Столички;https://stolichki.ru/search?name=%D0%B3%D0%B8%D0%B0%D0%BB%D1%83%D0%B0%D0%BB%D1%8C+%D0%B0%D1%80%D1%82%D1%80%D0%BE;Москва;7540
29-03-2022;;Нумис Мед крем для лица ночной 5% мочев./гиалур. к-та 50мл;Столички;https://stolichki.ru/search?name=%D0%B3%D0%B8%D0%B0%D0%BB%D1%83%D0%B0%D0%BB%D1%8C+%D0%B0%D1%80%D1%82%D1%80%D0%BE;Москва;807
29-03-2022;;Нумис Мед крем для лица днев. 5% мочев./гиалур. к-та 50мл;Столички;https://stolichki.ru/search?name=%D0%B3%D0%B8%D0%B0%D0%BB%D1%83%D0%B0%D0%BB%D1%8C+%D0%B0%D1%80%D1%82%D1%80%D0%BE;Москва;747
29-03-2022;;Гиалуром CS протез синовиальной жидкости шприц 3мл №1;Столички;https://stolichki.ru/search?name=%D0%93%D0%B8%D0%B0%D0%BB%D1%83%D1%80%D0%BE%D0%BC;Москва;13780
29-03-2022;;Гиалуром раствор для внутрисуставного введения 1,5% 2мл;Столички;https://stolichki.ru/search?name=%D0%93%D0%B8%D0%B0%D0%BB%D1%83%D1%80%D0%BE%D0%BC;Москва;7540
29-03-2022;;Гиалуром Тендон раствор для внутрисуставного введения 40мг/2мл №1;Столички;https://stolichki.ru/search?name=%D0%93%D0%B8%D0%B0%D0%BB%D1%83%D1%80%D0%BE%D0%BC;Москва;8950
29-03-2022;;Гиалуроновая кислота Витамир таблетки 150мг №30;Столички;https://stolichki.ru/search?name=%D0%93%D0%B8%D0%B0%D0%BB%D1%83%D1%80%D0%BE%D0%BC;Москва;751
29-03-2022;;Гиалуроновая кислота Анти Эйдж капсулы 150мг Эвалар №30;Столички;https://stolichki.ru/search?name=%D0%93%D0%B8%D0%B0%D0%BB%D1%83%D1%80%D0%BE%D0%BC;Москва;1200
29-03-2022;;Виши Лифтактив Гиалур маска для лица экспресс 50мл;Столички;https://stolichki.ru/search?name=%D0%93%D0%B8%D0%B0%D0%BB%D1%83%D1%80%D0%BE%D0%BC;Москва;3490
29-03-2022;;Нумис Мед крем для лица ночной 5% мочев./гиалур. к-та 50мл;Столички;https://stolichki.ru/search?name=%D0%93%D0%B8%D0%B0%D0%BB%D1%83%D1%80%D0%BE%D0%BC;Москва;807
29-03-2022;;Нумис Мед крем для лица днев. 5% мочев./гиалур. к-та 50мл;Столички;https://stolichki.ru/search?name=%D0%93%D0%B8%D0%B0%D0%BB%D1%83%D1%80%D0%BE%D0%BC;Москва;747
29-03-2022;;Либридерм вода Гиалуроновая 120мл;Столички;https://stolichki.ru/search?name=%D0%93%D0%B8%D0%B0%D0%BB%D1%83%D1%80%D0%BE%D0%BC;Москва;361
29-03-2022;;Либридерм праймер Гиалуроновый 50мл;Столички;https://stolichki.ru/search?name=%D0%93%D0%B8%D0%B0%D0%BB%D1%83%D1%80%D0%BE%D0%BC;Москва;612
29-03-2022;;Либридерм тоник для лица Гиалуроновый увлажняющий 200мл;Столички;https://stolichki.ru/search?name=%D0%93%D0%B8%D0%B0%D0%BB%D1%83%D1%80%D0%BE%D0%BC;Москва;536
29-03-2022;;Либридерм пенка для умывания Гиалуроновая 160мл;Столички;https://stolichki.ru/search?name=%D0%93%D0%B8%D0%B0%D0%BB%D1%83%D1%80%D0%BE%D0%BC;Москва;519
29-03-2022;;Гиалуформ-1-01 Синовиаль гель для внутрисуставного введения 1% шприц 2мл №1;Столички;https://stolichki.ru/search?name=%D0%B3%D0%B8%D0%B0%D0%BB%D1%83%D1%84%D0%BE%D1%80%D0%BC+%D1%81%D0%B8%D0%BD%D0%BE%D0%B2%D0%B0%D0%BB%D1%8C;Москва;7510
29-03-2022;;Гиалуформ-1-01 гель для внутрисуставного введения 1% шприц 2мл №1;Столички;https://stolichki.ru/search?name=%D0%B3%D0%B8%D0%B0%D0%BB%D1%83%D1%84%D0%BE%D1%80%D0%BC+%D1%81%D0%B8%D0%BD%D0%BE%D0%B2%D0%B0%D0%BB%D1%8C;Москва;4270
29-03-2022;;Гиалон протез синовиальной жидкости 60мг/4мл №1;Столички;https://stolichki.ru/search?name=%D0%B3%D0%B8%D0%B0%D0%BB%D1%83%D1%84%D0%BE%D1%80%D0%BC+%D1%81%D0%B8%D0%BD%D0%BE%D0%B2%D0%B0%D0%BB%D1%8C;Москва;21460
29-03-2022;;Гиалуром CS протез синовиальной жидкости шприц 3мл №1;Столички;https://stolichki.ru/search?name=%D0%B3%D0%B8%D0%B0%D0%BB%D1%83%D1%84%D0%BE%D1%80%D0%BC+%D1%81%D0%B8%D0%BD%D0%BE%D0%B2%D0%B0%D0%BB%D1%8C;Москва;13780
29-03-2022;;Гиалрипайер-02 Хондрорепарант протез синовиальной жидкости 1,5% 2мл №1;Столички;https://stolichki.ru/search?name=%D0%B3%D0%B8%D0%B0%D0%BB%D1%83%D1%84%D0%BE%D1%80%D0%BC+%D1%81%D0%B8%D0%BD%D0%BE%D0%B2%D0%B0%D0%BB%D1%8C;Москва;9190
29-03-2022;;Гиалрипайер-02 Хондрорепарант протез синовиальной жидкости 0,8% 5мл №1;Столички;https://stolichki.ru/search?name=%D0%B3%D0%B8%D0%B0%D0%BB%D1%83%D1%84%D0%BE%D1%80%D0%BC+%D1%81%D0%B8%D0%BD%D0%BE%D0%B2%D0%B0%D0%BB%D1%8C;Москва;4800
29-03-2022;;Гиалрипайер-10 Хондрорепарант протез синовиальной жидкости 1,5% 2мл №1;Столички;https://stolichki.ru/search?name=%D0%B3%D0%B8%D0%B0%D0%BB%D1%83%D1%84%D0%BE%D1%80%D0%BC+%D1%81%D0%B8%D0%BD%D0%BE%D0%B2%D0%B0%D0%BB%D1%8C;Москва;9980
29-03-2022;;Гиалрипайер-10 Хондрорепарант протез синовиальной жидкости 0,8% 5мл №1;Столички;https://stolichki.ru/search?name=%D0%B3%D0%B8%D0%B0%D0%BB%D1%83%D1%84%D0%BE%D1%80%D0%BC+%D1%81%D0%B8%D0%BD%D0%BE%D0%B2%D0%B0%D0%BB%D1%8C;Москва;5250
29-03-2022;;Гируан ONE протез синовиальной жидкости 20мг/мл 3мл №1;Столички;https://stolichki.ru/search?name=%D0%B3%D0%B8%D1%80%D1%83%D0%B0%D0%BD;Москва;24350
29-03-2022;;Гируан Плюс протез синовиальной жидкости 10мг/мл 2мл №1;Столички;https://stolichki.ru/search?name=%D0%B3%D0%B8%D1%80%D1%83%D0%B0%D0%BD;Москва;9380
29-03-2022;;Гоу-Он протез синовиальной жидкости шприц 2,5мл №1;Столички;https://stolichki.ru/search?name=%D0%B3%D0%BE%D1%83-%D0%BE%D0%BD;Москва;2260
29-03-2022;;Талус Компенсатор 1-го пальца стопы левый ПМ-1 р.2;Столички;https://stolichki.ru/search?name=%D0%B3%D0%BE%D1%83-%D0%BE%D0%BD;Москва;290
29-03-2022;;Либеро подгузники-трусики Ап энд Гоу макси плюс 10-14кг №16;Столички;https://stolichki.ru/search?name=%D0%B3%D0%BE%D1%83-%D0%BE%D0%BD;Москва;493
29-03-2022;;Либеро подгузники-трусики Ап энд Гоу макси 7-11кг №18;Столички;https://stolichki.ru/search?name=%D0%B3%D0%BE%D1%83-%D0%BE%D0%BD;Москва;480
29-03-2022;;Талус Компенсатор 1-го пальца стопы правый ПМ-1 р.2;Столички;https://stolichki.ru/search?name=%D0%B3%D0%BE%D1%83-%D0%BE%D0%BD;Москва;361
29-03-2022;;Талус Компенсатор 1-го пальца стопы левый ПМ-1 р.1;Столички;https://stolichki.ru/search?name=%D0%B3%D0%BE%D1%83-%D0%BE%D0%BD;Москва;461
29-03-2022;;Либеро подгузники-трусики Ап энд Гоу экстра ладж 13-20кг №14;Столички;https://stolichki.ru/search?name=%D0%B3%D0%BE%D1%83-%D0%BE%D0%BD;Москва;488
29-03-2022;;Либеро подгузники-трусики Ап энд Гоу экстра лардж плюс 16-26кг №12;Столички;https://stolichki.ru/search?name=%D0%B3%D0%BE%D1%83-%D0%BE%D0%BD;Москва;441
29-03-2022;;Гомеовокс таблетки покрытые оболочкой №100;Столички;https://stolichki.ru/search?name=%D0%B3%D0%BE%D1%83-%D0%BE%D0%BD;Москва;776
29-03-2022;;Гомеовокс таблетки покрытые оболочкой №60;Столички;https://stolichki.ru/search?name=%D0%B3%D0%BE%D1%83-%D0%BE%D0%BD;Москва;533
29-03-2022;;Голдлайн Плюс капсулы 15мг+153,5мг №60;Столички;https://stolichki.ru/search?name=%D0%B3%D0%BE%D1%83-%D0%BE%D0%BD;Москва;4550
29-03-2022;;Голдлайн Плюс капсулы 10мг+158,5мг №90;Столички;https://stolichki.ru/search?name=%D0%B3%D0%BE%D1%83-%D0%BE%D0%BD;Москва;3840
29-03-2022;;Диартрин капсулы 50мг №30;Столички;https://stolichki.ru/search?name=%D0%B4%D0%B8%D0%B0%D1%80%D1%82;Москва;871
29-03-2022;;Интраджект протез синовиальной жидкости 1,5% 2мл №1;Столички;https://stolichki.ru/search?name=%D0%B8%D0%BD%D1%82%D1%80%D0%B0%D0%B4%D0%B6%D0%B5%D0%BA%D1%82;Москва;7980
29-03-2022;;Креспин гель 1,5% шприц 2мл;Столички;https://stolichki.ru/search?name=%D0%BA%D1%80%D0%B5%D1%81%D0%BF%D0%B8%D0%BD;Москва;17470
29-03-2022;;Кресцина 500 комплекс для мужчин №20;Столички;https://stolichki.ru/search?name=%D0%BA%D1%80%D0%B5%D1%81%D0%BF%D0%B8%D0%BD;Москва;13100
29-03-2022;;Кресцина 500 комплекс для женщин №20+ №20;Столички;https://stolichki.ru/search?name=%D0%BA%D1%80%D0%B5%D1%81%D0%BF%D0%B8%D0%BD;Москва;20600
29-03-2022;;Кресцина 1300 лосьон д/стимуляции роста волос для мужчин №20;Столички;https://stolichki.ru/search?name=%D0%BA%D1%80%D0%B5%D1%81%D0%BF%D0%B8%D0%BD;Москва;16200
29-03-2022;;Кресцина 500 лосьон д/стимуляции роста волос для мужчин №20;Столички;https://stolichki.ru/search?name=%D0%BA%D1%80%D0%B5%D1%81%D0%BF%D0%B8%D0%BD;Москва;13400
29-03-2022;;Кресцина 1300 лосьон д/стимуляции роста волос для женщин №20;Столички;https://stolichki.ru/search?name=%D0%BA%D1%80%D0%B5%D1%81%D0%BF%D0%B8%D0%BD;Москва;16200
29-03-2022;;Нолтрексин протез синовиальной жидкости 2мл №1;Столички;https://stolichki.ru/search?name=%D0%BD%D0%BE%D0%BB%D1%82%D1%80%D0%B5%D0%BA%D1%81%D0%B8%D0%BD;Москва;7660
29-03-2022;;Таблетки от кашля (Термопсол) ФСТ таблетки №10;Столички;https://stolichki.ru/search?name=%D0%BE%D1%81%D1%82+%D1%82%D0%B5%D0%BD%D0%B4%D0%BE%D0%BD;Москва;35
29-03-2022;;Таблетки от кашля (Термопсол) ФСТ таблетки №20;Столички;https://stolichki.ru/search?name=%D0%BE%D1%81%D1%82+%D1%82%D0%B5%D0%BD%D0%B4%D0%BE%D0%BD;Москва;52
29-03-2022;;Костыли (пара);Столички;https://stolichki.ru/search?name=%D0%BE%D1%81%D1%82+%D1%82%D0%B5%D0%BD%D0%B4%D0%BE%D0%BD;Москва;2040
29-03-2022;;Папазол ФСТ таблетки №10;Столички;https://stolichki.ru/search?name=%D0%BE%D1%81%D1%82+%D1%82%D0%B5%D0%BD%D0%B4%D0%BE%D0%BD;Москва;12
29-03-2022;;Андипал ФСТ таблетки №10;Столички;https://stolichki.ru/search?name=%D0%BE%D1%81%D1%82+%D1%82%D0%B5%D0%BD%D0%B4%D0%BE%D0%BD;Москва;19
29-03-2022;;Викаир ФСТ таблетки №20;Столички;https://stolichki.ru/search?name=%D0%BE%D1%81%D1%82+%D1%82%D0%B5%D0%BD%D0%B4%D0%BE%D0%BD;Москва;74
29-03-2022;;Аскорутин ФСТ таблетки №50;Столички;https://stolichki.ru/search?name=%D0%BE%D1%81%D1%82+%D1%82%D0%B5%D0%BD%D0%B4%D0%BE%D0%BD;Москва;43
29-03-2022;;Ревит ФСТ др. №100;Столички;https://stolichki.ru/search?name=%D0%BE%D1%81%D1%82+%D1%82%D0%B5%D0%BD%D0%B4%D0%BE%D0%BD;Москва;41
29-03-2022;;Опти фри реплениш раствор для линз 300мл;Столички;https://stolichki.ru/search?name=%D0%BE%D1%81%D1%82+%D1%82%D0%B5%D0%BD%D0%B4%D0%BE%D0%BD;Москва;557
29-03-2022;;Гексавит ФСТ др. №50;Столички;https://stolichki.ru/search?name=%D0%BE%D1%81%D1%82+%D1%82%D0%B5%D0%BD%D0%B4%D0%BE%D0%BD;Москва;40
29-03-2022;;Папазол ФСТ таблетки №20;Столички;https://stolichki.ru/search?name=%D0%BE%D1%81%D1%82+%D1%82%D0%B5%D0%BD%D0%B4%D0%BE%D0%BD;Москва;63
29-03-2022;;Корвалол ФСТ таблетки №50;Столички;https://stolichki.ru/search?name=%D0%BE%D1%81%D1%82+%D1%82%D0%B5%D0%BD%D0%B4%D0%BE%D0%BD;Москва;342
29-03-2022;;Остенил Плюс шприц 40мг 2мл;Столички;https://stolichki.ru/search?name=%D0%BE%D1%81%D1%82%D0%B5%D0%BD%D0%B8%D0%BB;Москва;7450
29-03-2022;;Остенил 20мг/2мл 2мл;Столички;https://stolichki.ru/search?name=%D0%BE%D1%81%D1%82%D0%B5%D0%BD%D0%B8%D0%BB;Москва;2313
29-03-2022;;Ботинки ортопедические Осенние детские;Столички;https://stolichki.ru/search?name=%D0%BE%D1%81%D1%82%D0%B5%D0%BD%D0%B8%D0%BB;Москва;1240
29-03-2022;;Орал Би зубная щетка 3Д Уайт Люкс Про-Флекс 38 средняя;Столички;https://stolichki.ru/search?name=%D0%BF%D1%80%D0%BE%D1%84%D0%BB%D0%B5%D0%BA%D1%81+%D0%B8%D0%BD%D1%82%D1%80%D0%B0;Москва;291
29-03-2022;;Орал Би зубная щетка Про-Эксперт Клиник Лайн Про-Флекс 38 средняя;Столички;https://stolichki.ru/search?name=%D0%BF%D1%80%D0%BE%D1%84%D0%BB%D0%B5%D0%BA%D1%81+%D0%B8%D0%BD%D1%82%D1%80%D0%B0;Москва;268
29-03-2022;;ПроФлекс раствор внутрь 25мл №14;Столички;https://stolichki.ru/search?name=%D0%BF%D1%80%D0%BE%D1%84%D0%BB%D0%B5%D0%BA%D1%81+%D0%B8%D0%BD%D1%82%D1%80%D0%B0;Москва;1120
29-03-2022;;Биорга Цистифан DS шампунь против перхоти интенсивн. 200мл;Столички;https://stolichki.ru/search?name=%D0%BF%D1%80%D0%BE%D1%84%D0%BB%D0%B5%D0%BA%D1%81+%D0%B8%D0%BD%D1%82%D1%80%D0%B0;Москва;1820
29-03-2022;;Ля рош позе Кериум шампунь против перхоти интенсив 125мл;Столички;https://stolichki.ru/search?name=%D0%BF%D1%80%D0%BE%D1%84%D0%BB%D0%B5%D0%BA%D1%81+%D0%B8%D0%BD%D1%82%D1%80%D0%B0;Москва;1720
29-03-2022;;Аква Марис Норм Интенс. промыв. спрей назальный 150мл;Столички;https://stolichki.ru/search?name=%D0%BF%D1%80%D0%BE%D1%84%D0%BB%D0%B5%D0%BA%D1%81+%D0%B8%D0%BD%D1%82%D1%80%D0%B0;Москва;534
29-03-2022;;Виши Деркос шампунь против перхоти интенс.д/норм/жирн.волос 200мл;Столички;https://stolichki.ru/search?name=%D0%BF%D1%80%D0%BE%D1%84%D0%BB%D0%B5%D0%BA%D1%81+%D0%B8%D0%BD%D1%82%D1%80%D0%B0;Москва;1200
29-03-2022;;Виши Деркос шампунь против перхоти интенс.д/сух.волос 200млх2;Столички;https://stolichki.ru/search?name=%D0%BF%D1%80%D0%BE%D1%84%D0%BB%D0%B5%D0%BA%D1%81+%D0%B8%D0%BD%D1%82%D1%80%D0%B0;Москва;1730
29-03-2022;;Филорга Тайм-Филлер маска для лица тканевая против морщин интенсивная 20мл №1;Столички;https://stolichki.ru/search?name=%D0%BF%D1%80%D0%BE%D1%84%D0%BB%D0%B5%D0%BA%D1%81+%D0%B8%D0%BD%D1%82%D1%80%D0%B0;Москва;1240
29-03-2022;;Виши Деркос шампунь против перхоти интенс.д/норм/жирн.волос 200млх2;Столички;https://stolichki.ru/search?name=%D0%BF%D1%80%D0%BE%D1%84%D0%BB%D0%B5%D0%BA%D1%81+%D0%B8%D0%BD%D1%82%D1%80%D0%B0;Москва;1780
29-03-2022;;Проваг гель для интимной гигиены 30мл;Столички;https://stolichki.ru/search?name=%D0%BF%D1%80%D0%BE%D1%84%D0%BB%D0%B5%D0%BA%D1%81+%D0%B8%D0%BD%D1%82%D1%80%D0%B0;Москва;526
29-03-2022;;Селенцин маска интенс. против выпадения волос 150мл;Столички;https://stolichki.ru/search?name=%D0%BF%D1%80%D0%BE%D1%84%D0%BB%D0%B5%D0%BA%D1%81+%D0%B8%D0%BD%D1%82%D1%80%D0%B0;Москва;690
29-03-2022;;РенехаВис протез синовиальной жидкости 2,2% 0,7мл + 1% 0,7мл №1;Столички;https://stolichki.ru/search?name=%D1%80%D0%B5%D0%BD%D0%B5%D1%85%D0%B0%D0%B2%D0%B8%D1%81;Москва;28000
29-03-2022;;Рипарт протез синовиальной жидкости 10мг/мл 2мл №1;Столички;https://stolichki.ru/search?name=%D1%80%D0%B8%D0%BF%D0%B0%D1%80%D1%82;Москва;4450
29-03-2022;;Рипарт Форте протез синовиальной жидкости 15мг/мл 3мл №1;Столички;https://stolichki.ru/search?name=%D1%80%D0%B8%D0%BF%D0%B0%D1%80%D1%82;Москва;9860
29-03-2022;;Рипарт протез синовиальной жидкости 10мг/мл 3мл №1;Столички;https://stolichki.ru/search?name=%D1%80%D0%B8%D0%BF%D0%B0%D1%80%D1%82;Москва;6550
29-03-2022;;Рипарт Лонг протез синовиальной жидкости 20мг/мл 2мл №1;Столички;https://stolichki.ru/search?name=%D1%80%D0%B8%D0%BF%D0%B0%D1%80%D1%82;Москва;10340
29-03-2022;;Рипарт Лонг протез синовиальной жидкости 20мг/мл 3мл №1;Столички;https://stolichki.ru/search?name=%D1%80%D0%B8%D0%BF%D0%B0%D1%80%D1%82;Москва;17550
29-03-2022;;Русвиск протез синовиальной жидкости 1,6% 1мл;Столички;https://stolichki.ru/search?name=%D1%80%D1%83%D1%81%D0%B2%D0%B8%D1%81%D0%BA;Москва;3500
29-03-2022;;Русвиск протез синовиальной жидкости 1,6% 2мл;Столички;https://stolichki.ru/search?name=%D1%80%D1%83%D1%81%D0%B2%D0%B8%D1%81%D0%BA;Москва;6200
29-03-2022;;Русвиск протез синовиальной жидкости 1,6% 3мл;Столички;https://stolichki.ru/search?name=%D1%80%D1%83%D1%81%D0%B2%D0%B8%D1%81%D0%BA;Москва;8250
29-03-2022;;СфероГель Лайт гель гетерогенный имплантируемый 2мл №1;Столички;https://stolichki.ru/search?name=%D1%81%D1%84%D0%B5%D1%80%D0%BE%D0%B3%D0%B5%D0%BB%D1%8C;Москва;9190
29-03-2022;;СфероГель Лонг гель гетерогенный имплантируемый 2мл №1;Столички;https://stolichki.ru/search?name=%D1%81%D1%84%D0%B5%D1%80%D0%BE%D0%B3%D0%B5%D0%BB%D1%8C;Москва;19750
29-03-2022;;СфероГель Медиум гель гетерогенный имплантируемый 2мл №1;Столички;https://stolichki.ru/search?name=%D1%81%D1%84%D0%B5%D1%80%D0%BE%D0%B3%D0%B5%D0%BB%D1%8C;Москва;16830
29-03-2022;;Ферматрон протез синовиальной жидкости шприц 2мл;Столички;https://stolichki.ru/search?name=%D1%84%D0%B5%D1%80%D0%BC%D0%B0%D1%82%D1%80%D0%BE%D0%BD;Москва;5900
29-03-2022;;Ферматрон Плюс протез синовиальной жидкости 1,5% 2мл;Столички;https://stolichki.ru/search?name=%D1%84%D0%B5%D1%80%D0%BC%D0%B0%D1%82%D1%80%D0%BE%D0%BD;Москва;8547
29-03-2022;;Флексотрон Кросс раствор для внутрисуставного введения 60мг/3мл шприц №1;Столички;https://stolichki.ru/search?name=%D1%84%D0%BB%D0%B5%D0%BA%D1%81%D0%BE%D1%82%D1%80%D0%BE%D0%BD;Москва;20740
29-03-2022;;Флексотрон Смарт раствор для внутрисуставного введения 16мг/мл 2мл №1;Столички;https://stolichki.ru/search?name=%D1%84%D0%BB%D0%B5%D0%BA%D1%81%D0%BE%D1%82%D1%80%D0%BE%D0%BD;Москва;8920
29-03-2022;;Флексотрон Ультра раствор для внутрисуставного введения 25мг/мл 4,8мл №1;Столички;https://stolichki.ru/search?name=%D1%84%D0%BB%D0%B5%D0%BA%D1%81%D0%BE%D1%82%D1%80%D0%BE%D0%BD;Москва;19100
29-03-2022;;Флексотрон Соло раствор для внутрисуставного введения 22мг/мл 2мл №1;Столички;https://stolichki.ru/search?name=%D1%84%D0%BB%D0%B5%D0%BA%D1%81%D0%BE%D1%82%D1%80%D0%BE%D0%BD;Москва;15920
29-03-2022;;Хаймовис раствор для внутрисуставного введения 24мг/3мл шприц №2;Столички;https://stolichki.ru/search?name=%D1%85%D0%B0%D0%B9%D0%BC%D0%BE%D0%B2%D0%B8%D1%81;Москва;22010
29-03-2022;;Хаймовис раствор для внутрисуставного введения 24мг/3мл шприц №1;Столички;https://stolichki.ru/search?name=%D1%85%D0%B0%D0%B9%D0%BC%D0%BE%D0%B2%D0%B8%D1%81;Москва;13209
29-03-2022;;Хронотрон гель для внутрисуставного введения 20мг/мл 2мл №1;Столички;https://stolichki.ru/search?name=%D1%85%D1%80%D0%BE%D0%BD%D0%BE%D1%82%D1%80%D0%BE%D0%BD;Москва;10250
29-03-2022;;Мовалис таблетки 15мг №20;Столички;https://stolichki.ru/search?name=%D0%BC%D0%BE%D0%B2%D0%B0%D0%BB%D0%B8%D1%81;Москва;1051
29-03-2022;;Мовалис таблетки 15мг №10;Столички;https://stolichki.ru/search?name=%D0%BC%D0%BE%D0%B2%D0%B0%D0%BB%D0%B8%D1%81;Москва;703
29-03-2022;;Мовалис таблетки 7,5мг №20;Столички;https://stolichki.ru/search?name=%D0%BC%D0%BE%D0%B2%D0%B0%D0%BB%D0%B8%D1%81;Москва;879
29-03-2022;;Мовалис раствор для инъекций 15мг/1,5мл №3;Столички;https://stolichki.ru/search?name=%D0%BC%D0%BE%D0%B2%D0%B0%D0%BB%D0%B8%D1%81;Москва;810
29-03-2022;;Мовалис раствор для инъекций 15мг/1,5мл №5;Столички;https://stolichki.ru/search?name=%D0%BC%D0%BE%D0%B2%D0%B0%D0%BB%D0%B8%D1%81;Москва;1179
29-03-2022;;Амелотекс гель 30г;Столички;https://stolichki.ru/search?name=%D0%B0%D0%BC%D0%B5%D0%BB%D0%BE%D1%82%D0%B5%D0%BA%D1%81;Москва;217
29-03-2022;;Амелотекс таблетки 15мг №20;Столички;https://stolichki.ru/search?name=%D0%B0%D0%BC%D0%B5%D0%BB%D0%BE%D1%82%D0%B5%D0%BA%D1%81;Москва;248
29-03-2022;;Амелотекс таблетки 15мг №10;Столички;https://stolichki.ru/search?name=%D0%B0%D0%BC%D0%B5%D0%BB%D0%BE%D1%82%D0%B5%D0%BA%D1%81;Москва;176
29-03-2022;;Амелотекс таблетки 7,5мг №20;Столички;https://stolichki.ru/search?name=%D0%B0%D0%BC%D0%B5%D0%BB%D0%BE%D1%82%D0%B5%D0%BA%D1%81;Москва;193
29-03-2022;;Амелотекс гель 50г;Столички;https://stolichki.ru/search?name=%D0%B0%D0%BC%D0%B5%D0%BB%D0%BE%D1%82%D0%B5%D0%BA%D1%81;Москва;325
29-03-2022;;Амелотекс суппозитории ректальные 15мг №6;Столички;https://stolichki.ru/search?name=%D0%B0%D0%BC%D0%B5%D0%BB%D0%BE%D1%82%D0%B5%D0%BA%D1%81;Москва;322
29-03-2022;;Амелотекс раствор для инъекций 10мг/мл 1,5мл №10;Столички;https://stolichki.ru/search?name=%D0%B0%D0%BC%D0%B5%D0%BB%D0%BE%D1%82%D0%B5%D0%BA%D1%81;Москва;612
29-03-2022;;Амелотекс раствор для инъекций 10мг/мл 1,5мл №3;Столички;https://stolichki.ru/search?name=%D0%B0%D0%BC%D0%B5%D0%BB%D0%BE%D1%82%D0%B5%D0%BA%D1%81;Москва;313
29-03-2022;;Амелотекс раствор для инъекций 10мг/мл 1,5мл №5;Столички;https://stolichki.ru/search?name=%D0%B0%D0%BC%D0%B5%D0%BB%D0%BE%D1%82%D0%B5%D0%BA%D1%81;Москва;447
29-03-2022;;Мелоксикам Канон гель 1% 30г;Столички;https://stolichki.ru/search?name=%D0%BC%D0%B5%D0%BB%D0%BE%D0%BA%D1%81%D0%B8%D0%BA%D0%B0%D0%BC;Москва;165
29-03-2022;;Мелоксикам таблетки 15мг №10;Столички;https://stolichki.ru/search?name=%D0%BC%D0%B5%D0%BB%D0%BE%D0%BA%D1%81%D0%B8%D0%BA%D0%B0%D0%BC;Москва;236
29-03-2022;;Мелоксикам Авексима таб. 7,5мг  №20;Столички;https://stolichki.ru/search?name=%D0%BC%D0%B5%D0%BB%D0%BE%D0%BA%D1%81%D0%B8%D0%BA%D0%B0%D0%BC;Москва;104
29-03-2022;;Мелоксикам таблетки 7,5мг №20;Столички;https://stolichki.ru/search?name=%D0%BC%D0%B5%D0%BB%D0%BE%D0%BA%D1%81%D0%B8%D0%BA%D0%B0%D0%BC;Москва;244
29-03-2022;;Мелоксикам-Акос таблетки 15мг №20;Столички;https://stolichki.ru/search?name=%D0%BC%D0%B5%D0%BB%D0%BE%D0%BA%D1%81%D0%B8%D0%BA%D0%B0%D0%BC;Москва;102
29-03-2022;;Мелоксикам Озон таблетки 15мг №20;Столички;https://stolichki.ru/search?name=%D0%BC%D0%B5%D0%BB%D0%BE%D0%BA%D1%81%D0%B8%D0%BA%D0%B0%D0%BC;Москва;143
29-03-2022;;Мелоксикам таблетки 15мг №20;Столички;https://stolichki.ru/search?name=%D0%BC%D0%B5%D0%BB%D0%BE%D0%BA%D1%81%D0%B8%D0%BA%D0%B0%D0%BC;Москва;73
29-03-2022;;Мелоксикам таблетки 15мг №20;Столички;https://stolichki.ru/search?name=%D0%BC%D0%B5%D0%BB%D0%BE%D0%BA%D1%81%D0%B8%D0%BA%D0%B0%D0%BC;Москва;340
29-03-2022;;Мелоксикам таблетки 7,5мг №20;Столички;https://stolichki.ru/search?name=%D0%BC%D0%B5%D0%BB%D0%BE%D0%BA%D1%81%D0%B8%D0%BA%D0%B0%D0%BC;Москва;94
29-03-2022;;Мелоксикам таблетки 7,5мг №20;Столички;https://stolichki.ru/search?name=%D0%BC%D0%B5%D0%BB%D0%BE%D0%BA%D1%81%D0%B8%D0%BA%D0%B0%D0%BC;Москва;198
29-03-2022;;Мелоксикам таблетки 7,5мг №20;Столички;https://stolichki.ru/search?name=%D0%BC%D0%B5%D0%BB%D0%BE%D0%BA%D1%81%D0%B8%D0%BA%D0%B0%D0%BC;Москва;59
29-03-2022;;Мелоксикам раствор для инъекций 10мг/мл 1,5мл №5;Столички;https://stolichki.ru/search?name=%D0%BC%D0%B5%D0%BB%D0%BE%D0%BA%D1%81%D0%B8%D0%BA%D0%B0%D0%BC;Москва;284
29-03-2022;;Артрозан таблетки 15мг №10;Столички;https://stolichki.ru/search?name=%D0%B0%D1%80%D1%82%D1%80%D0%BE%D0%B7%D0%B0%D0%BD;Москва;183
29-03-2022;;Артрозан таблетки 15мг №20;Столички;https://stolichki.ru/search?name=%D0%B0%D1%80%D1%82%D1%80%D0%BE%D0%B7%D0%B0%D0%BD;Москва;270
29-03-2022;;Артрозан раствор для инъекций 6мг/мл 2,5мл №3;Столички;https://stolichki.ru/search?name=%D0%B0%D1%80%D1%82%D1%80%D0%BE%D0%B7%D0%B0%D0%BD;Москва;267
29-03-2022;;Артрозан раствор для инъекций 6мг/мл 2,5мл №10;Столички;https://stolichki.ru/search?name=%D0%B0%D1%80%D1%82%D1%80%D0%BE%D0%B7%D0%B0%D0%BD;Москва;727
29-03-2022;;Артрозан раствор для инъекций 6мг/мл 2,5мл №5;Столички;https://stolichki.ru/search?name=%D0%B0%D1%80%D1%82%D1%80%D0%BE%D0%B7%D0%B0%D0%BD;Москва;402
29-03-2022;;Эдас-919 Артромил (артроз, полиартрит) гранулы 20г;Столички;https://stolichki.ru/search?name=%D0%B0%D1%80%D1%82%D1%80%D0%BE%D0%B7%D0%B0%D0%BD;Москва;132
29-03-2022;;Эдас-119 Артромил (артроз, полиартрит) капли 25мл;Столички;https://stolichki.ru/search?name=%D0%B0%D1%80%D1%82%D1%80%D0%BE%D0%B7%D0%B0%D0%BD;Москва;152
29-03-2022;;Элокс-Солофарм раствор для инъекций 10мг/мл 1,5мл №3;Столички;https://stolichki.ru/search?name=%D1%8D%D0%BB%D0%BE%D0%BA%D1%81-%D1%81%D0%BE%D0%BB%D0%BE%D1%84%D0%B0%D1%80%D0%BC;Москва;240
29-03-2022;;Элокс-Солофарм раствор для инъекций 10мг/мл 1,5мл №5;Столички;https://stolichki.ru/search?name=%D1%8D%D0%BB%D0%BE%D0%BA%D1%81-%D1%81%D0%BE%D0%BB%D0%BE%D1%84%D0%B0%D1%80%D0%BC;Москва;367
29-03-2022;;Эфокс 20 таблетки 20мг №50;Столички;https://stolichki.ru/search?name=%D1%8D%D0%BB%D0%BE%D0%BA%D1%81-%D1%81%D0%BE%D0%BB%D0%BE%D1%84%D0%B0%D1%80%D0%BC;Москва;143.5
29-03-2022;;Эфокс Лонг капсулы пролонгированные 50мг №30;Столички;https://stolichki.ru/search?name=%D1%8D%D0%BB%D0%BE%D0%BA%D1%81-%D1%81%D0%BE%D0%BB%D0%BE%D1%84%D0%B0%D1%80%D0%BC;Москва;333
29-03-2022;;Эфокс Лонг таблетки пролонгированные 50мг №30;Столички;https://stolichki.ru/search?name=%D1%8D%D0%BB%D0%BE%D0%BA%D1%81-%D1%81%D0%BE%D0%BB%D0%BE%D1%84%D0%B0%D1%80%D0%BC;Москва;296
29-03-2022;;Эмокси-оптик капли глазные 1% 5мл;Столички;https://stolichki.ru/search?name=%D1%8D%D0%BB%D0%BE%D0%BA%D1%81-%D1%81%D0%BE%D0%BB%D0%BE%D1%84%D0%B0%D1%80%D0%BC;Москва;232
29-03-2022;;Алеф налокотник согрев. ЛОКС (L 26-29см);Столички;https://stolichki.ru/search?name=%D1%8D%D0%BB%D0%BE%D0%BA%D1%81-%D1%81%D0%BE%D0%BB%D0%BE%D1%84%D0%B0%D1%80%D0%BC;Москва;674
29-03-2022;;Алеф налокотник согрев. ЛОКС (M 23-26см);Столички;https://stolichki.ru/search?name=%D1%8D%D0%BB%D0%BE%D0%BA%D1%81-%D1%81%D0%BE%D0%BB%D0%BE%D1%84%D0%B0%D1%80%D0%BC;Москва;639
29-03-2022;;Алеф налокотник согрев. ЛОКС (S 20-23см);Столички;https://stolichki.ru/search?name=%D1%8D%D0%BB%D0%BE%D0%BA%D1%81-%D1%81%D0%BE%D0%BB%D0%BE%D1%84%D0%B0%D1%80%D0%BC;Москва;639
29-03-2022;;Алеф налокотник согрев. ЛОКС (XL 29-32см);Столички;https://stolichki.ru/search?name=%D1%8D%D0%BB%D0%BE%D0%BA%D1%81-%D1%81%D0%BE%D0%BB%D0%BE%D1%84%D0%B0%D1%80%D0%BC;Москва;596
29-03-2022;;Мовасин таблетки 15мг №20;Столички;https://stolichki.ru/search?name=%D0%BC%D0%BE%D0%B2%D0%B0%D1%81%D0%B8%D0%BD;Москва;112
29-03-2022;;Мовасин таблетки 7,5мг №20;Столички;https://stolichki.ru/search?name=%D0%BC%D0%BE%D0%B2%D0%B0%D1%81%D0%B8%D0%BD;Москва;76
29-03-2022;;Мовасин раствор для инъекций 10мг/мл 1,5мл №3;Столички;https://stolichki.ru/search?name=%D0%BC%D0%BE%D0%B2%D0%B0%D1%81%D0%B8%D0%BD;Москва;194
29-03-2022;;Мовасин раствор для инъекций 10мг/мл 1,5мл №5;Столички;https://stolichki.ru/search?name=%D0%BC%D0%BE%D0%B2%D0%B0%D1%81%D0%B8%D0%BD;Москва;265
29-03-2022;;Генитрон раствор для инъекций 10мг/мл 1,5мл №5;Столички;https://stolichki.ru/search?name=%D0%B3%D0%B5%D0%BD%D0%B8%D1%82%D1%80%D0%BE%D0%BD;Москва;537
29-03-2022;;Мелофлекс раствор для инъекций 10мг/мл 1,5мл №3;Столички;https://stolichki.ru/search?name=%D0%BC%D0%B5%D0%BB%D0%BE%D1%84%D0%BB%D0%B5%D0%BA%D1%81+%D1%80%D0%BE%D0%BC%D1%84%D0%B0%D1%80%D0%BC;Москва;396
29-03-2022;;Мелофлекс раствор для инъекций 10мг/мл 1,5мл №5;Столички;https://stolichki.ru/search?name=%D0%BC%D0%B5%D0%BB%D0%BE%D1%84%D0%BB%D0%B5%D0%BA%D1%81+%D1%80%D0%BE%D0%BC%D1%84%D0%B0%D1%80%D0%BC;Москва;740
29-03-2022;;Здравландия экстракт для купания Ромашка/мелисса 250мл;Столички;https://stolichki.ru/search?name=%D0%BC%D0%B5%D0%BB%D0%BE%D1%84%D0%BB%D0%B5%D0%BA%D1%81+%D1%80%D0%BE%D0%BC%D1%84%D0%B0%D1%80%D0%BC;Москва;224
29-03-2022;;Би Велл манжета M;Столички;https://stolichki.ru/search?name=%D0%B1%D0%B8-%D0%BA%D1%81%D0%B8%D0%BA%D0%B0%D0%BC;Москва;807
29-03-2022;;Би Велл Ингалятор компрессорный MED-121;Столички;https://stolichki.ru/search?name=%D0%B1%D0%B8-%D0%BA%D1%81%D0%B8%D0%BA%D0%B0%D0%BC;Москва;3290
29-03-2022;;Би Велл Ингалятор компрессорный MED-120;Столички;https://stolichki.ru/search?name=%D0%B1%D0%B8-%D0%BA%D1%81%D0%B8%D0%BA%D0%B0%D0%BC;Москва;2950
29-03-2022;;Орал Би зубная щетка БИО средняя №2;Столички;https://stolichki.ru/search?name=%D0%B1%D0%B8-%D0%BA%D1%81%D0%B8%D0%BA%D0%B0%D0%BC;Москва;180
29-03-2022;;Би Велл манжета M-L;Столички;https://stolichki.ru/search?name=%D0%B1%D0%B8-%D0%BA%D1%81%D0%B8%D0%BA%D0%B0%D0%BC;Москва;941
29-03-2022;;Би Велл Аспиратор детский WC-150;Столички;https://stolichki.ru/search?name=%D0%B1%D0%B8-%D0%BA%D1%81%D0%B8%D0%BA%D0%B0%D0%BC;Москва;1980
29-03-2022;;Би Велл Ингалятор компрессорный PRO-115;Столички;https://stolichki.ru/search?name=%D0%B1%D0%B8-%D0%BA%D1%81%D0%B8%D0%BA%D0%B0%D0%BC;Москва;3180
29-03-2022;;Орал Би зубная нить Сатин флосс 25м;Столички;https://stolichki.ru/search?name=%D0%B1%D0%B8-%D0%BA%D1%81%D0%B8%D0%BA%D0%B0%D0%BC;Москва;384
29-03-2022;;Би Велл Рехаб Бурсопротектор универс. FW-650;Столички;https://stolichki.ru/search?name=%D0%B1%D0%B8-%D0%BA%D1%81%D0%B8%D0%BA%D0%B0%D0%BC;Москва;271
29-03-2022;;Би Велл Ингалятор компрессорный WN-117;Столички;https://stolichki.ru/search?name=%D0%B1%D0%B8-%D0%BA%D1%81%D0%B8%D0%BA%D0%B0%D0%BC;Москва;2410
29-03-2022;;Би Велл Ингалятор компрессорный PRO-110;Столички;https://stolichki.ru/search?name=%D0%B1%D0%B8-%D0%BA%D1%81%D0%B8%D0%BA%D0%B0%D0%BC;Москва;2520
29-03-2022;;Би Велл Ирригатор полости рта WI-911;Столички;https://stolichki.ru/search?name=%D0%B1%D0%B8-%D0%BA%D1%81%D0%B8%D0%BA%D0%B0%D0%BC;Москва;2990
29-03-2022;;Алфлутоп раствор для инъекций 10мг/мл 2мл №10;Столички;https://stolichki.ru/search?name=%D0%B0%D0%BB%D1%84%D0%BB%D1%83%D1%82%D0%BE%D0%BF;Москва;3910
29-03-2022;;Алфлутоп раствор для инъекций 10мг/мл 1мл №10;Столички;https://stolichki.ru/search?name=%D0%B0%D0%BB%D1%84%D0%BB%D1%83%D1%82%D0%BE%D0%BF;Москва;2173
29-03-2022;;Алфлутоп раствор для инъекций 10мг/мл 2мл №5;Столички;https://stolichki.ru/search?name=%D0%B0%D0%BB%D1%84%D0%BB%D1%83%D1%82%D0%BE%D0%BF;Москва;2240
29-03-2022;;Хондрогард раствор для инъекций 100мг/мл 2мл №25;Столички;https://stolichki.ru/search?name=%D1%85%D0%BE%D0%BD%D0%B4%D1%80%D0%BE%D0%B3%D0%B0%D1%80%D0%B4;Москва;3530
29-03-2022;;Хондрогард раствор для инъекций 100мг/мл 2мл №10;Столички;https://stolichki.ru/search?name=%D1%85%D0%BE%D0%BD%D0%B4%D1%80%D0%BE%D0%B3%D0%B0%D1%80%D0%B4;Москва;1916
29-03-2022;;Хондрогард раствор для инъекций 100мг/мл 1мл №10;Столички;https://stolichki.ru/search?name=%D1%85%D0%BE%D0%BD%D0%B4%D1%80%D0%BE%D0%B3%D0%B0%D1%80%D0%B4;Москва;1144
29-03-2022;;Драстоп Адванс таблетки покрытые оболочкой №30;Столички;https://stolichki.ru/search?name=%D0%B4%D1%80%D0%B0%D1%81%D1%82%D0%BE%D0%BF;Москва;1140
29-03-2022;;Драстоп раствор внутримышечно 100мг/мл 2мл №10;Столички;https://stolichki.ru/search?name=%D0%B4%D1%80%D0%B0%D1%81%D1%82%D0%BE%D0%BF;Москва;1500
29-03-2022;;Мукосат мазь 5% 30г;Столички;https://stolichki.ru/search?name=%D0%BC%D1%83%D0%BA%D0%BE%D1%81%D0%B0%D1%82;Москва;304
29-03-2022;;Мукосат капсулы 577,58мг №80;Столички;https://stolichki.ru/search?name=%D0%BC%D1%83%D0%BA%D0%BE%D1%81%D0%B0%D1%82;Москва;1670
29-03-2022;;Мукосат раствор для инъекций 100мг/мл 2мл №25;Столички;https://stolichki.ru/search?name=%D0%BC%D1%83%D0%BA%D0%BE%D1%81%D0%B0%D1%82;Москва;3710
29-03-2022;;Мукосат раствор для инъекций 100мг/мл 2мл №5;Столички;https://stolichki.ru/search?name=%D0%BC%D1%83%D0%BA%D0%BE%D1%81%D0%B0%D1%82;Москва;1067
29-03-2022;;Мукосат раствор для инъекций 100мг/мл 2мл №10;Столички;https://stolichki.ru/search?name=%D0%BC%D1%83%D0%BA%D0%BE%D1%81%D0%B0%D1%82;Москва;1640
29-03-2022;;Мукосат раствор для инъекций 100мг/мл 1мл №10;Столички;https://stolichki.ru/search?name=%D0%BC%D1%83%D0%BA%D0%BE%D1%81%D0%B0%D1%82;Москва;1140
29-03-2022;;Румалон раствор для инъекций 1мл №10;Столички;https://stolichki.ru/search?name=%D1%80%D1%83%D0%BC%D0%B0%D0%BB%D0%BE%D0%BD;Москва;2276
29-03-2022;;Румалон раствор для инъекций 1мл №25;Столички;https://stolichki.ru/search?name=%D1%80%D1%83%D0%BC%D0%B0%D0%BB%D0%BE%D0%BD;Москва;4100
29-03-2022;;Дона порошок для приготовления раствора внутрь 1500мг №20;Столички;https://stolichki.ru/search?name=%D0%B4%D0%BE%D0%BD%D0%B0;Москва;1890
29-03-2022;;Дона таблетки 750мг №180;Столички;https://stolichki.ru/search?name=%D0%B4%D0%BE%D0%BD%D0%B0;Москва;3850
29-03-2022;;Дона таблетки 750мг №60;Столички;https://stolichki.ru/search?name=%D0%B4%D0%BE%D0%BD%D0%B0;Москва;1903
29-03-2022;;Донормил таблетки покрытые оболочкой 15мг №10;Столички;https://stolichki.ru/search?name=%D0%B4%D0%BE%D0%BD%D0%B0;Москва;141
29-03-2022;;Дона раствор для инъекций 200мг/мл 2мл №6;Столички;https://stolichki.ru/search?name=%D0%B4%D0%BE%D0%BD%D0%B0;Москва;2037
29-03-2022;;Донормил таблетки покрытые оболочкой 15мг №30;Столички;https://stolichki.ru/search?name=%D0%B4%D0%BE%D0%BD%D0%B0;Москва;435
29-03-2022;;Вода минеральная Донат 500мл;Столички;https://stolichki.ru/search?name=%D0%B4%D0%BE%D0%BD%D0%B0;Москва;152
29-03-2022;;Вода минеральная Донат 1л;Столички;https://stolichki.ru/search?name=%D0%B4%D0%BE%D0%BD%D0%B0;Москва;237
29-03-2022;;Инъектран раствор внутримышечно 100мг/мл 2мл №10;Столички;https://stolichki.ru/search?name=%D0%B8%D0%BD%D1%8A%D0%B5%D0%BA%D1%82%D1%80%D0%B0%D0%BD;Москва;1830
29-03-2022;;Хондролон лиофилизат для приготовления раствора внутримышечно 100мг №10;Столички;https://stolichki.ru/search?name=%D1%85%D0%BE%D0%BD%D0%B4%D1%80%D0%BE%D0%BB%D0%BE%D0%BD;Москва;522
29-03-2022;;Артогистан раствор для инъекций 100мг/мл 1мл №10;Столички;https://stolichki.ru/search?name=%D0%B0%D1%80%D1%82%D0%BE%D0%B3%D0%B8%D1%81%D1%82%D0%B0%D0%BD;Москва;709
29-03-2022;;Артогистан раствор для инъекций 100мг/мл 2мл №10;Столички;https://stolichki.ru/search?name=%D0%B0%D1%80%D1%82%D0%BE%D0%B3%D0%B8%D1%81%D1%82%D0%B0%D0%BD;Москва;1220
29-03-2022;;Амбене Био раствор для инъекций ампулы 2мл №5;Столички;https://stolichki.ru/search?name=%D0%B0%D0%BC%D0%B1%D0%B5%D0%BD%D0%B5+%D0%B1%D0%B8%D0%BE;Москва;2080
29-03-2022;;Амбене Био раствор для инъекций ампулы 1мл №10;Столички;https://stolichki.ru/search?name=%D0%B0%D0%BC%D0%B1%D0%B5%D0%BD%D0%B5+%D0%B1%D0%B8%D0%BE;Москва;1850
29-03-2022;;Амброксол таблетки 30мг №20;Столички;https://stolichki.ru/search?name=%D0%B0%D0%BC%D0%B1%D0%B5%D0%BD%D0%B5+%D0%B1%D0%B8%D0%BE;Москва;120.5
29-03-2022;;Амброгексал таблетки 30мг №20;Столички;https://stolichki.ru/search?name=%D0%B0%D0%BC%D0%B1%D0%B5%D0%BD%D0%B5+%D0%B1%D0%B8%D0%BE;Москва;121.5
29-03-2022;;Амброксол таблетки 30мг №20;Столички;https://stolichki.ru/search?name=%D0%B0%D0%BC%D0%B1%D0%B5%D0%BD%D0%B5+%D0%B1%D0%B8%D0%BE;Москва;33.8
29-03-2022;;Амбробене таблетки 30мг №20;Столички;https://stolichki.ru/search?name=%D0%B0%D0%BC%D0%B1%D0%B5%D0%BD%D0%B5+%D0%B1%D0%B8%D0%BE;Москва;161.5
29-03-2022;;Амбробене Стоптуссин капли внутрь 25мл;Столички;https://stolichki.ru/search?name=%D0%B0%D0%BC%D0%B1%D0%B5%D0%BD%D0%B5+%D0%B1%D0%B8%D0%BE;Москва;284
29-03-2022;;Амброксол Велфарм таблетки 30мг №30;Столички;https://stolichki.ru/search?name=%D0%B0%D0%BC%D0%B1%D0%B5%D0%BD%D0%B5+%D0%B1%D0%B8%D0%BE;Москва;141
29-03-2022;;Амброксол Велфарм таблетки 30мг №50;Столички;https://stolichki.ru/search?name=%D0%B0%D0%BC%D0%B1%D0%B5%D0%BD%D0%B5+%D0%B1%D0%B8%D0%BE;Москва;169.5
29-03-2022;;Амбробене Стоптуссин капли внутрь 50мл;Столички;https://stolichki.ru/search?name=%D0%B0%D0%BC%D0%B1%D0%B5%D0%BD%D0%B5+%D0%B1%D0%B8%D0%BE;Москва;398
29-03-2022;;Амбробене сироп 15мг/5мл 100мл;Столички;https://stolichki.ru/search?name=%D0%B0%D0%BC%D0%B1%D0%B5%D0%BD%D0%B5+%D0%B1%D0%B8%D0%BE;Москва;140
29-03-2022;;Амбробене Стоптуссин капли внутрь 10мл;Столички;https://stolichki.ru/search?name=%D0%B0%D0%BC%D0%B1%D0%B5%D0%BD%D0%B5+%D0%B1%D0%B8%D0%BE;Москва;180
29-03-2022;;Сустагард Артро порошок для приготовления раствора внутрь 1,5г №20;Столички;https://stolichki.ru/search?name=%D1%81%D1%83%D1%81%D1%82%D0%B0%D0%B3%D0%B0%D1%80%D0%B4+%D0%B0%D1%80%D1%82%D1%80%D0%BE;Москва;1050
29-03-2022;;Сустагард Артро раствор для инъекций 200мг/мл 2мл +р-ль №5;Столички;https://stolichki.ru/search?name=%D1%81%D1%83%D1%81%D1%82%D0%B0%D0%B3%D0%B0%D1%80%D0%B4+%D0%B0%D1%80%D1%82%D1%80%D0%BE;Москва;1080
29-03-2022;;Артрадол (хондроитин сульфат) лиофилизат для приготовления раствора внутримышечно 100мг ампулы 2мл №20;Столички;https://stolichki.ru/search?name=%D0%B0%D1%80%D1%82%D1%80%D0%B0%D0%B4%D0%BE%D0%BB;Москва;1460
29-03-2022;;Артрадол (хондроитин сульфат) лиофилизат для приготовления раствора внутримышечно 100мг ампулы 2мл №10;Столички;https://stolichki.ru/search?name=%D0%B0%D1%80%D1%82%D1%80%D0%B0%D0%B4%D0%BE%D0%BB;Москва;834
29-03-2022;;Артрадол (хондроитин сульфат) лиофилизат для приготовления раствора внутримышечно 100мг ампулы 2мл №20;Столички;https://stolichki.ru/search?name=%D1%85%D0%BE%D0%BD%D0%B4%D1%80%D0%BE%D0%B8%D1%82%D0%B8%D0%BD%D0%B0+%D1%81%D1%83%D0%BB%D1%8C%D1%84%D0%B0%D1%82;Москва;1460
29-03-2022;;Артрадол (хондроитин сульфат) лиофилизат для приготовления раствора внутримышечно 100мг ампулы 2мл №10;Столички;https://stolichki.ru/search?name=%D1%85%D0%BE%D0%BD%D0%B4%D1%80%D0%BE%D0%B8%D1%82%D0%B8%D0%BD%D0%B0+%D1%81%D1%83%D0%BB%D1%8C%D1%84%D0%B0%D1%82;Москва;834
29-03-2022;;Хондроитин-Акос мазь 5% 50г;Столички;https://stolichki.ru/search?name=%D1%85%D0%BE%D0%BD%D0%B4%D1%80%D0%BE%D0%B8%D1%82%D0%B8%D0%BD%D0%B0+%D1%81%D1%83%D0%BB%D1%8C%D1%84%D0%B0%D1%82;Москва;287
29-03-2022;;Хондроитин Велфарм капсулы 250мг №60;Столички;https://stolichki.ru/search?name=%D1%85%D0%BE%D0%BD%D0%B4%D1%80%D0%BE%D0%B8%D1%82%D0%B8%D0%BD%D0%B0+%D1%81%D1%83%D0%BB%D1%8C%D1%84%D0%B0%D1%82;Москва;445
29-03-2022;;Хондроитин гель 5% 30г;Столички;https://stolichki.ru/search?name=%D1%85%D0%BE%D0%BD%D0%B4%D1%80%D0%BE%D0%B8%D1%82%D0%B8%D0%BD%D0%B0+%D1%81%D1%83%D0%BB%D1%8C%D1%84%D0%B0%D1%82;Москва;210
29-03-2022;;Хондроитин капсулы 250мг №50;Столички;https://stolichki.ru/search?name=%D1%85%D0%BE%D0%BD%D0%B4%D1%80%D0%BE%D0%B8%D1%82%D0%B8%D0%BD%D0%B0+%D1%81%D1%83%D0%BB%D1%8C%D1%84%D0%B0%D1%82;Москва;667
29-03-2022;;Хондроитин Максимум таблетки 550мг №30;Столички;https://stolichki.ru/search?name=%D1%85%D0%BE%D0%BD%D0%B4%D1%80%D0%BE%D0%B8%D1%82%D0%B8%D0%BD%D0%B0+%D1%81%D1%83%D0%BB%D1%8C%D1%84%D0%B0%D1%82;Москва;350
29-03-2022;;Хондроитин-Акос мазь 5% 30г;Столички;https://stolichki.ru/search?name=%D1%85%D0%BE%D0%BD%D0%B4%D1%80%D0%BE%D0%B8%D1%82%D0%B8%D0%BD%D0%B0+%D1%81%D1%83%D0%BB%D1%8C%D1%84%D0%B0%D1%82;Москва;215
29-03-2022;;Солгар Глюкозамин-Хондроитин Плюс таблетки №75;Столички;https://stolichki.ru/search?name=%D1%85%D0%BE%D0%BD%D0%B4%D1%80%D0%BE%D0%B8%D1%82%D0%B8%D0%BD%D0%B0+%D1%81%D1%83%D0%BB%D1%8C%D1%84%D0%B0%D1%82;Москва;3560
29-03-2022;;Доппельгерц актив Глюкозамин + хондроитин капсулы №30;Столички;https://stolichki.ru/search?name=%D1%85%D0%BE%D0%BD%D0%B4%D1%80%D0%BE%D0%B8%D1%82%D0%B8%D0%BD%D0%B0+%D1%81%D1%83%D0%BB%D1%8C%D1%84%D0%B0%D1%82;Москва;732
29-03-2022;;Натрол Глюкозамин/хондроитин МСМ таблетки №90;Столички;https://stolichki.ru/search?name=%D1%85%D0%BE%D0%BD%D0%B4%D1%80%D0%BE%D0%B8%D1%82%D0%B8%D0%BD%D0%B0+%D1%81%D1%83%D0%BB%D1%8C%D1%84%D0%B0%D1%82;Москва;2010
29-03-2022;;Артроцин крем хондроитин/глюкозамин 50мл;Столички;https://stolichki.ru/search?name=%D1%85%D0%BE%D0%BD%D0%B4%D1%80%D0%BE%D0%B8%D1%82%D0%B8%D0%BD%D0%B0+%D1%81%D1%83%D0%BB%D1%8C%D1%84%D0%B0%D1%82;Москва;204
29-03-2022;;Эльбона раствор внутримышечно 200мг/мл 2мл №6 (с раств. 1мл);Столички;https://stolichki.ru/search?name=%D1%8D%D0%BB%D1%8C%D0%B1%D0%BE%D0%BD%D0%B0;Москва;1110
29-03-2022;;Хондроксид гель 5% 30г;Столички;https://stolichki.ru/search?name=%D1%85%D0%BE%D0%BD%D0%B4%D1%80%D0%BE%D0%BA%D1%81%D0%B8%D0%B4;Москва;435
29-03-2022;;Хондроксид мазь 5% 30г;Столички;https://stolichki.ru/search?name=%D1%85%D0%BE%D0%BD%D0%B4%D1%80%D0%BE%D0%BA%D1%81%D0%B8%D0%B4;Москва;406
29-03-2022;;Гиалрипайер-02 Хондрорепарант протез синовиальной жидкости 1,5% 2мл №1;Столички;https://stolichki.ru/search?name=%D0%B3%D0%B8%D0%B0%D0%BB%D1%80%D0%B8%D0%BF%D0%B0%D0%B9%D0%B5%D1%80;Москва;9190
29-03-2022;;Гиалрипайер-10 Хондрорепарант протез синовиальной жидкости 1,5% 2мл №1;Столички;https://stolichki.ru/search?name=%D0%B3%D0%B8%D0%B0%D0%BB%D1%80%D0%B8%D0%BF%D0%B0%D0%B9%D0%B5%D1%80;Москва;9980
29-03-2022;;Гиалрипайер-02 Хондрорепарант протез синовиальной жидкости 0,8% 5мл №1;Столички;https://stolichki.ru/search?name=%D0%B3%D0%B8%D0%B0%D0%BB%D1%80%D0%B8%D0%BF%D0%B0%D0%B9%D0%B5%D1%80;Москва;4800
29-03-2022;;Гиалрипайер-10 Хондрорепарант протез синовиальной жидкости 0,8% 5мл №1;Столички;https://stolichki.ru/search?name=%D0%B3%D0%B8%D0%B0%D0%BB%D1%80%D0%B8%D0%BF%D0%B0%D0%B9%D0%B5%D1%80;Москва;5250
29-03-2022;;Остеоколл раствор для внутрисуставного введения 100мкг/2мл 2мл №5;Столички;https://stolichki.ru/search?name=%D0%BE%D1%81%D1%82%D0%B5%D0%BE%D0%BA%D0%BE%D0%BB%D0%BB;Москва;3970
29-03-2022;;Плексатрон раствор для внутрисуставного введения 2мл №5;Столички;https://stolichki.ru/search?name=%D0%BF%D0%BB%D0%B5%D0%BA%D1%81%D0%B0%D1%82%D1%80%D0%BE%D0%BD;Москва;4410
29-03-2022;;Траумель С мазь 100г;Столички;https://stolichki.ru/search?name=%D1%82%D1%80%D0%B0%D1%83%D0%BC%D0%B5%D0%BB%D1%8C;Москва;1220
29-03-2022;;Траумель С таблетки сублингв. №50;Столички;https://stolichki.ru/search?name=%D1%82%D1%80%D0%B0%D1%83%D0%BC%D0%B5%D0%BB%D1%8C;Москва;657
29-03-2022;;Траумель С капли внутрь 30мл;Столички;https://stolichki.ru/search?name=%D1%82%D1%80%D0%B0%D1%83%D0%BC%D0%B5%D0%BB%D1%8C;Москва;770
29-03-2022;;Траумель Космо гель 50г;Столички;https://stolichki.ru/search?name=%D1%82%D1%80%D0%B0%D1%83%D0%BC%D0%B5%D0%BB%D1%8C;Москва;777
29-03-2022;;Траумель С мазь 50г;Столички;https://stolichki.ru/search?name=%D1%82%D1%80%D0%B0%D1%83%D0%BC%D0%B5%D0%BB%D1%8C;Москва;734
29-03-2022;;Траумель С раствор для инъекций 2,2мл №100;Столички;https://stolichki.ru/search?name=%D1%82%D1%80%D0%B0%D1%83%D0%BC%D0%B5%D0%BB%D1%8C;Москва;13440
29-03-2022;;Траумель С раствор для инъекций 2,2мл №5;Столички;https://stolichki.ru/search?name=%D1%82%D1%80%D0%B0%D1%83%D0%BC%D0%B5%D0%BB%D1%8C;Москва;1170
