Дата;Наименование препарата как у нас;Наименование препарата как у аптеки;Наименование АС;Ссылка на препарат;Город;Цена
29-03-2022;;Амелотекс амп. 10мг/мл 1,5мл №5;ЗдоровРу;https://zdorov.ru/catalog/344/390/1690/ameloteks-38636;Москва и МО;608 ₽
29-03-2022;;Армавискон р-р в/суст. введ. 1% шприц 2мл №1;ЗдоровРу;https://zdorov.ru/catalog/344/470/473/armaviskon-104353;Москва и МО;5 104 ₽
29-03-2022;;Армавискон Плюс р-р в/суст. введ. 1,5% шприц 2мл №1;ЗдоровРу;https://zdorov.ru/catalog/344/470/473/armaviskon-104352;Москва и МО;6 899 ₽
29-03-2022;;Армавискон форте р-р в/суст. введ. 2,3% шприц 3мл №1;ЗдоровРу;https://zdorov.ru/catalog/344/470/473/armaviskon-forte-105447;Москва и МО;15 577 ₽
29-03-2022;;Армавискон Хондро протез синовиальной жд. 90мг/3мг шприц №1;ЗдоровРу;https://zdorov.ru/catalog/344/470/473/armaviskon-hondro-127921;Москва и МО;10 397 ₽
29-03-2022;;Артогистан амп. 100мг/мл 2 мл №10;ЗдоровРу;https://zdorov.ru/catalog/344/470/1683/artogistan-103746;Москва и МО;1 442 ₽
29-03-2022;;Артогистан амп. 100мг/мл 2 мл №10;ЗдоровРу;https://zdorov.ru/catalog/344/470/1683/artogistan-103746;Москва и МО;1 442 ₽
29-03-2022;;Гиалуром р-р в/суст. введ. 1,5% шприц 2мл №1;ЗдоровРу;https://zdorov.ru/catalog/344/470/473/gialurom-60845;Москва и МО;6 690 ₽
29-03-2022;;Гиалуром CS шприц. син жид 60мг/3мл+90мг/3мл №1;ЗдоровРу;https://zdorov.ru/catalog/344/470/473/gialurom-cs-88711;Москва и МО;12 689 ₽
29-03-2022;;Инъектран амп. 100мг/мл 2мл №10;ЗдоровРу;https://zdorov.ru/catalog/344/470/473/inektran-102818;Москва и МО;1 610 ₽
29-03-2022;;Мелоксикам-Акрихин амп. 10мг/мл 1,5мл №5;ЗдоровРу;https://zdorov.ru/catalog/344/390/1319/meloksikam-akrihin-105829;Москва и МО;569 ₽
29-03-2022;;Мелоксикам-Акрихин амп. 10мг/мл 1,5мл №5;ЗдоровРу;https://zdorov.ru/catalog/344/390/1319/meloksikam-akrihin-105829;Москва и МО;569 ₽
29-03-2022;;Остеоколл имплантат коллаген-содержащий ампулы 2мл №5;ЗдоровРу;https://zdorov.ru/catalog/344/470/473/osteokoll-implantat-kollagen-soderzhashiy-126635;Москва и МО;3 764 ₽
29-03-2022;;Плексатрон имплантат коллаген-содержащий ампулы 2мл №5;ЗдоровРу;https://zdorov.ru/catalog/344/470/473/pleksatron-implantat-kollagen-soder-126634;Москва и МО;3 779 ₽
29-03-2022;;Рипарт лонг имплант.д/сустав.ин. 20мг/мл 2мл шпр. №1;ЗдоровРу;https://zdorov.ru/catalog/344/470/473/ripart-long-109031;Москва и МО;10 190 ₽
29-03-2022;;Рипарт лонг имплант.д/сустав.ин. 20мг/мл 3мл шпр. №1;ЗдоровРу;https://zdorov.ru/catalog/344/470/473/ripart-long-104413;Москва и МО;16 376 ₽
29-03-2022;;Рипарт форте имплант. д/сустав.ин. 15мг/мл 3мл шпр. №1;ЗдоровРу;https://zdorov.ru/catalog/344/470/473/ripart-forte-125206;Москва и МО;9 387 ₽
29-03-2022;;Румалон амп. 1мл №10;ЗдоровРу;https://zdorov.ru/catalog/344/470/1683/rumalon-1ml-10-91537;Москва и МО;1 822 ₽
29-03-2022;;Траумель С амп. 2,2мл №5;ЗдоровРу;https://zdorov.ru/catalog/344/390/1690/traumel-s-14214;Москва и МО;774 ₽
29-03-2022;;Ферматрон шприц 2мл;ЗдоровРу;https://zdorov.ru/catalog/344/470/473/fermatron-33451;Москва и МО;5 104 ₽
29-03-2022;;Флексотрон Кросс имплантат д/внутрисустав. ин. 60мг/3мл шпр. №1;ЗдоровРу;https://zdorov.ru/catalog/344/470/473/fleksotron-kross-108327;Москва и МО;17 160 ₽
29-03-2022;;Флексотрон Соло имплантат вязкоэл. д/внутрисустав. 2,2 % 22 мг/мл шприц 2мл;ЗдоровРу;https://zdorov.ru/catalog/344/470/473/fleksotron-solo-implantat-126156;Москва и МО;15 590 ₽
29-03-2022;;Флексотрон Ультра имплантат вязкоэл. д/внутрисустав. 2,5 % 25мг/мл шприц 4,8мл;ЗдоровРу;https://zdorov.ru/catalog/344/470/473/fleksotron-ultra-implantat-126160;Москва и МО;17 632 ₽
29-03-2022;;Ферматрон шприц 2мл;ЗдоровРу;https://zdorov.ru/catalog/344/470/473/fermatron-33451;Москва и МО;5 104 ₽
29-03-2022;;Хиалубрикс шприц. р-р д/ин. в/суст.30мг/2мл №1;ЗдоровРу;https://zdorov.ru/catalog/344/470/473/hialubriks-91163;Москва и МО;9 679 ₽
29-03-2022;;Интраджект  шприц 2,2% 2мл;ЗдоровРу;https://zdorov.ru/catalog/344/470/473/intradzhekt-109397;Москва и МО;19 334 ₽
Дата;Наименование препарата как у нас;Наименование препарата как у аптеки;Наименование АС;Ссылка на препарат;Город;Цена
29-03-2022;;Амелотекс амп. 10мг/мл 1,5мл №5;ЗдоровРу;https://zdorov.ru/catalog/344/390/1690/ameloteks-38636;Нижний Новгород;607 ₽
29-03-2022;;Армавискон р-р в/суст. введ. 1% шприц 2мл №1;ЗдоровРу;https://zdorov.ru/catalog/344/470/473/armaviskon-104353;Нижний Новгород;5 338 ₽
29-03-2022;;Армавискон Плюс р-р в/суст. введ. 1,5% шприц 2мл №1;ЗдоровРу;https://zdorov.ru/catalog/344/470/473/armaviskon-104352;Нижний Новгород;7 437 ₽
29-03-2022;;Армавискон форте р-р в/суст. введ. 2,3% шприц 3мл №1;ЗдоровРу;https://zdorov.ru/catalog/344/470/473/armaviskon-forte-105447;Нижний Новгород;15 577 ₽
29-03-2022;;Армавискон Хондро протез синовиальной жд. 90мг/3мг шприц №1;ЗдоровРу;https://zdorov.ru/catalog/344/470/473/armaviskon-hondro-127921;Нижний Новгород;13 422 ₽
29-03-2022;;Артогистан амп. 100мг/мл 2 мл №10;ЗдоровРу;https://zdorov.ru/catalog/344/470/1683/artogistan-103746;Нижний Новгород;1 442 ₽
29-03-2022;;Артогистан амп. 100мг/мл 2 мл №10;ЗдоровРу;https://zdorov.ru/catalog/344/470/1683/artogistan-103746;Нижний Новгород;1 442 ₽
29-03-2022;;Гиалуром р-р в/суст. введ. 1,5% шприц 2мл №1;ЗдоровРу;https://zdorov.ru/catalog/344/470/473/gialurom-60845;Нижний Новгород;7 707 ₽
29-03-2022;;Гиалуром CS шприц. син жид 60мг/3мл+90мг/3мл №1;ЗдоровРу;https://zdorov.ru/catalog/344/470/473/gialurom-cs-88711;Нижний Новгород;16 044 ₽
29-03-2022;;Инъектран амп. 100мг/мл 2мл №10;ЗдоровРу;https://zdorov.ru/catalog/344/470/473/inektran-102818;Нижний Новгород;1 614 ₽
29-03-2022;;Мелоксикам-Акрихин амп. 10мг/мл 1,5мл №5;ЗдоровРу;https://zdorov.ru/catalog/344/390/1319/meloksikam-akrihin-105829;Нижний Новгород;568 ₽
29-03-2022;;Мелоксикам-Акрихин амп. 10мг/мл 1,5мл №5;ЗдоровРу;https://zdorov.ru/catalog/344/390/1319/meloksikam-akrihin-105829;Нижний Новгород;568 ₽
29-03-2022;;Остеоколл имплантат коллаген-содержащий ампулы 2мл №5;ЗдоровРу;https://zdorov.ru/catalog/344/470/473/osteokoll-implantat-kollagen-soderzhashiy-126635;Нижний Новгород;3 937 ₽
29-03-2022;;Плексатрон имплантат коллаген-содержащий ампулы 2мл №5;ЗдоровРу;https://zdorov.ru/catalog/344/470/473/pleksatron-implantat-kollagen-soder-126634;Нижний Новгород;3 889 ₽
29-03-2022;;Рипарт лонг имплант.д/сустав.ин. 20мг/мл 2мл шпр. №1;ЗдоровРу;https://zdorov.ru/catalog/344/470/473/ripart-long-109031;Нижний Новгород;10 785 ₽
29-03-2022;;Рипарт лонг имплант.д/сустав.ин. 20мг/мл 3мл шпр. №1;ЗдоровРу;https://zdorov.ru/catalog/344/470/473/ripart-long-104413;Нижний Новгород;16 354 ₽
29-03-2022;;Рипарт форте имплант. д/сустав.ин. 15мг/мл 3мл шпр. №1;ЗдоровРу;https://zdorov.ru/catalog/344/470/473/ripart-forte-125206;Нижний Новгород;9 955 ₽
29-03-2022;;Румалон амп. 1мл №10;ЗдоровРу;https://zdorov.ru/catalog/344/470/1683/rumalon-1ml-10-91537;Нижний Новгород;2 001 ₽
29-03-2022;;Траумель С амп. 2,2мл №5;ЗдоровРу;https://zdorov.ru/catalog/344/390/1690/traumel-s-14214;Нижний Новгород;897 ₽
29-03-2022;;Ферматрон шприц 2мл;ЗдоровРу;https://zdorov.ru/catalog/344/470/473/fermatron-33451;Нижний Новгород;5 495 ₽
29-03-2022;;Флексотрон Кросс имплантат д/внутрисустав. ин. 60мг/3мл шпр. №1;ЗдоровРу;https://zdorov.ru/catalog/344/470/473/fleksotron-kross-108327;Нижний Новгород;17 263 ₽
29-03-2022;;Флексотрон Соло имплантат вязкоэл. д/внутрисустав. 2,2 % 22 мг/мл шприц 2мл;ЗдоровРу;https://zdorov.ru/catalog/344/470/473/fleksotron-solo-implantat-126156;Нижний Новгород;15 590 ₽
29-03-2022;;Флексотрон Ультра имплантат вязкоэл. д/внутрисустав. 2,5 % 25мг/мл шприц 4,8мл;ЗдоровРу;https://zdorov.ru/catalog/344/470/473/fleksotron-ultra-implantat-126160;Нижний Новгород;21 436 ₽
29-03-2022;;Ферматрон шприц 2мл;ЗдоровРу;https://zdorov.ru/catalog/344/470/473/fermatron-33451;Нижний Новгород;5 495 ₽
29-03-2022;;Интраджект  шприц 2,2% 2мл;ЗдоровРу;https://zdorov.ru/catalog/344/470/473/intradzhekt-109397;Нижний Новгород;19 783 ₽
