Дата;Наименование препарата как у нас;Наименование препарата как у аптеки;Наименование АС;Ссылка на препарат;Город;Цена
29-03-2022;;АРМАВИСКОН Плюс средство для внутрисуставного введения 1,5% 2мл №1 шприц;Живика;https://zhivika.ru/search/resultPage?searchString=%D0%90%D1%80%D0%BC%D0%B0%D0%B2%D0%B8%D1%81%D0%BA%D0%BE%D0%BD;Живика;6 989.20
29-03-2022;;АРМАВИСКОН Форте средство для внутрисуставного введения 2,3% 3мл №1 шприц;Живика;https://zhivika.ru/search/resultPage?searchString=%D0%90%D1%80%D0%BC%D0%B0%D0%B2%D0%B8%D1%81%D0%BA%D0%BE%D0%BD;Живика;15 867.00
29-03-2022;;АРМАВИСКОН МН средство для околосухожильного и внутрисуставного введения 2мл шприц №1;Живика;https://zhivika.ru/search/resultPage?searchString=%D0%90%D1%80%D0%BC%D0%B0%D0%B2%D0%B8%D1%81%D0%BA%D0%BE%D0%BD;Живика;7 024.10
29-03-2022;;АРМАВИСКОН средство для внутрисуставного введения 1% 2мл №2 шприц;Живика;https://zhivika.ru/search/resultPage?searchString=%D0%90%D1%80%D0%BC%D0%B0%D0%B2%D0%B8%D1%81%D0%BA%D0%BE%D0%BD;Живика;8 146.40
29-03-2022;;АРМАВИСКОН средство для внутрисуставного введения 1% 2мл №1 шприц;Живика;https://zhivika.ru/search/resultPage?searchString=%D0%90%D1%80%D0%BC%D0%B0%D0%B2%D0%B8%D1%81%D0%BA%D0%BE%D0%BD;Живика;4 800.80
29-03-2022;;АРМАВИСКОН Плюс средство для внутрисуставного введения 1,5% 2мл №2 шприц;Живика;https://zhivika.ru/search/resultPage?searchString=%D0%90%D1%80%D0%BC%D0%B0%D0%B2%D0%B8%D1%81%D0%BA%D0%BE%D0%BD;Живика;14 075.50
29-03-2022;;Артогистан р-р д/и/в/м 100мг/мл 2мл амп №10 (Хондроитина сульфат);Живика;https://zhivika.ru/search/resultPage?searchString=%D0%90%D1%80%D1%82%D0%BE%D0%B3%D0%B8%D1%81%D1%82%D0%B0%D0%BD;Живика;1 320.00
29-03-2022;;Мукосат р-р д/и/в/м 10% 2мл амп №5 (Хондроитина сульфат);Живика;https://zhivika.ru/search/resultPage?searchString=%D0%90%D1%80%D1%82%D0%BE%D0%B3%D0%B8%D1%81%D1%82%D0%B0%D0%BD;Живика;775.10
29-03-2022;;Артогистан р-р д/и/в/м 100мг/мл 1мл амп №10 (Хондроитина сульфат);Живика;https://zhivika.ru/search/resultPage?searchString=%D0%90%D1%80%D1%82%D0%BE%D0%B3%D0%B8%D1%81%D1%82%D0%B0%D0%BD;Живика;759.00
29-03-2022;;Драстоп р-р д/и/в/м 100мг/мл 2мл амп №10 (Хондроитина сульфат);Живика;https://zhivika.ru/search/resultPage?searchString=%D0%90%D1%80%D1%82%D0%BE%D0%B3%D0%B8%D1%81%D1%82%D0%B0%D0%BD;Живика;1 258.30
29-03-2022;;Инъектран р-р д/и/в/м 100мг/мл 2мл амп №10 (Хондроитина сульфат);Живика;https://zhivika.ru/search/resultPage?searchString=%D0%90%D1%80%D1%82%D0%BE%D0%B3%D0%B8%D1%81%D1%82%D0%B0%D0%BD;Живика;1 597.60
29-03-2022;;Хондрогард р-р д/и/в/м/в/с 100мг/мл 1мл №10 (Хондроитина сульфат);Живика;https://zhivika.ru/search/resultPage?searchString=%D0%90%D1%80%D1%82%D0%BE%D0%B3%D0%B8%D1%81%D1%82%D0%B0%D0%BD;Живика;880.60
29-03-2022;;Хондрогард р-р д/и/в/м/в/с 100мг/мл 2мл №25 (Хондроитина сульфат);Живика;https://zhivika.ru/search/resultPage?searchString=%D0%90%D1%80%D1%82%D0%BE%D0%B3%D0%B8%D1%81%D1%82%D0%B0%D0%BD;Живика;2 695.80
29-03-2022;;Хондрогард р-р д/и/в/м/в/с 100мг/мл 2мл №10 (Хондроитина сульфат);Живика;https://zhivika.ru/search/resultPage?searchString=%D0%90%D1%80%D1%82%D0%BE%D0%B3%D0%B8%D1%81%D1%82%D0%B0%D0%BD;Живика;1 743.90
29-03-2022;;Хондролон пор-к д/и/в/м 100мг амп №10 (Хондроитина сульфат);Живика;https://zhivika.ru/search/resultPage?searchString=%D0%90%D1%80%D1%82%D0%BE%D0%B3%D0%B8%D1%81%D1%82%D0%B0%D0%BD;Живика;550.80
29-03-2022;;Хонсат р-р д/и/в/м 100мг/мл 1мл амп №10 (Хондроитина сульфат);Живика;https://zhivika.ru/search/resultPage?searchString=%D0%90%D1%80%D1%82%D0%BE%D0%B3%D0%B8%D1%81%D1%82%D0%B0%D0%BD;Живика;739.00
29-03-2022;;Хондроксид мазь 5% 30г туба (Хондроитина сульфат);Живика;https://zhivika.ru/search/resultPage?searchString=%D0%90%D1%80%D1%82%D0%BE%D0%B3%D0%B8%D1%81%D1%82%D0%B0%D0%BD;Живика;349.20
29-03-2022;;Структум капс. 500мг №60 (Хондроитина сульфат);Живика;https://zhivika.ru/search/resultPage?searchString=%D0%90%D1%80%D1%82%D0%BE%D0%B3%D0%B8%D1%81%D1%82%D0%B0%D0%BD;Живика;1 833.00
29-03-2022;;Мукосат р-р д/и/в/м 100мг/мл 1мл амп №10 (Хондроитина сульфат);Живика;https://zhivika.ru/search/resultPage?searchString=%D0%90%D1%80%D1%82%D0%BE%D0%B3%D0%B8%D1%81%D1%82%D0%B0%D0%BD;Живика;862.90
29-03-2022;;Хондроитин-акос мазь 5% 50г туба /синтез/ (Хондроитина сульфат);Живика;https://zhivika.ru/search/resultPage?searchString=%D0%90%D1%80%D1%82%D0%BE%D0%B3%D0%B8%D1%81%D1%82%D0%B0%D0%BD;Живика;289.70
29-03-2022;;Хондроитин гель 5% 30г туба /вертекс/ (Хондроитина сульфат);Живика;https://zhivika.ru/search/resultPage?searchString=%D0%90%D1%80%D1%82%D0%BE%D0%B3%D0%B8%D1%81%D1%82%D0%B0%D0%BD;Живика;218.00
29-03-2022;;Хондроитин велфарм капс. 250мг №60 (Хондроитина сульфат);Живика;https://zhivika.ru/search/resultPage?searchString=%D0%90%D1%80%D1%82%D0%BE%D0%B3%D0%B8%D1%81%D1%82%D0%B0%D0%BD;Живика;476.70
29-03-2022;;Хондроксид гель 5% 30г (Хондроитина сульфат);Живика;https://zhivika.ru/search/resultPage?searchString=%D0%90%D1%80%D1%82%D0%BE%D0%B3%D0%B8%D1%81%D1%82%D0%B0%D0%BD;Живика;349.70
29-03-2022;;Элокс-солофарм р-р д/и/в/м 10мг/мл амп 1,5мл №5 (Мелоксикам);Живика;https://zhivika.ru/search/resultPage?searchString=%D0%93%D0%B5%D0%BD%D0%B8%D1%82%D1%80%D0%BE%D0%BD;Живика;365.00
29-03-2022;;Мелоксикам таб 15мг №20 /канонфарма/ (Мелоксикам);Живика;https://zhivika.ru/search/resultPage?searchString=%D0%93%D0%B5%D0%BD%D0%B8%D1%82%D1%80%D0%BE%D0%BD;Живика;76.80
29-03-2022;;Мелоксикам-акрихин р-р д/и/в/м 10мг/мл 1,5мл амп №3 (Мелоксикам);Живика;https://zhivika.ru/search/resultPage?searchString=%D0%93%D0%B5%D0%BD%D0%B8%D1%82%D1%80%D0%BE%D0%BD;Живика;297.50
29-03-2022;;Мелоксикам таб 15мг №10 /вертекс/ (Мелоксикам);Живика;https://zhivika.ru/search/resultPage?searchString=%D0%93%D0%B5%D0%BD%D0%B8%D1%82%D1%80%D0%BE%D0%BD;Живика;203.00
29-03-2022;;Мовалис р-р д/и/в/м 15мг 1,5мл амп №3 (Мелоксикам);Живика;https://zhivika.ru/search/resultPage?searchString=%D0%93%D0%B5%D0%BD%D0%B8%D1%82%D1%80%D0%BE%D0%BD;Живика;729.90
29-03-2022;;Мелоксикам р-р /д/и/в/м 10мг/мл 1,5мл амп №3 /озон/ (Мелоксикам);Живика;https://zhivika.ru/search/resultPage?searchString=%D0%93%D0%B5%D0%BD%D0%B8%D1%82%D1%80%D0%BE%D0%BD;Живика;181.70
29-03-2022;;Мелоксикам-тева таб 15мг №20 (Мелоксикам);Живика;https://zhivika.ru/search/resultPage?searchString=%D0%93%D0%B5%D0%BD%D0%B8%D1%82%D1%80%D0%BE%D0%BD;Живика;287.90
29-03-2022;;Мелоксикам таб 15мг №20 /озон/ (Мелоксикам);Живика;https://zhivika.ru/search/resultPage?searchString=%D0%93%D0%B5%D0%BD%D0%B8%D1%82%D1%80%D0%BE%D0%BD;Живика;131.20
29-03-2022;;Мовалис р-р д/и/в/м 15мг 1,5мл амп №5 (Мелоксикам);Живика;https://zhivika.ru/search/resultPage?searchString=%D0%93%D0%B5%D0%BD%D0%B8%D1%82%D1%80%D0%BE%D0%BD;Живика;977.20
29-03-2022;;Мелоксикам таб 7,5мг №20 /озон/ (Мелоксикам);Живика;https://zhivika.ru/search/resultPage?searchString=%D0%93%D0%B5%D0%BD%D0%B8%D1%82%D1%80%D0%BE%D0%BD;Живика;97.50
29-03-2022;;Артрозан р-р д/и/в/м 6мг/мл 2,5мл ампулы полимерные №5 (Мелоксикам);Живика;https://zhivika.ru/search/resultPage?searchString=%D0%93%D0%B5%D0%BD%D0%B8%D1%82%D1%80%D0%BE%D0%BD;Живика;419.30
29-03-2022;;Мелоксикам таб 15мг №20 /вертекс/ (Мелоксикам);Живика;https://zhivika.ru/search/resultPage?searchString=%D0%93%D0%B5%D0%BD%D0%B8%D1%82%D1%80%D0%BE%D0%BD;Живика;267.00
29-03-2022;;Артрозан р-р д/и/в/м 6мг/мл 2,5мл ампулы полимерные №10 (Мелоксикам);Живика;https://zhivika.ru/search/resultPage?searchString=%D0%93%D0%B5%D0%BD%D0%B8%D1%82%D1%80%D0%BE%D0%BD;Живика;627.50
29-03-2022;;Мелоксикам-акрихин р-р д/и/в/м 10мг/мл 1,5мл амп №5 (Мелоксикам);Живика;https://zhivika.ru/search/resultPage?searchString=%D0%93%D0%B5%D0%BD%D0%B8%D1%82%D1%80%D0%BE%D0%BD;Живика;478.80
29-03-2022;;Мовалис таб 15мг №20 (Мелоксикам);Живика;https://zhivika.ru/search/resultPage?searchString=%D0%93%D0%B5%D0%BD%D0%B8%D1%82%D1%80%D0%BE%D0%BD;Живика;764.50
29-03-2022;;Гиалуром CS р-р д/и в/суст. 0,06/3мл + 0,09/3мл шприц №1;Живика;https://zhivika.ru/search/resultPage?searchString=%D0%93%D0%B8%D0%B0%D0%BB%D1%83%D1%80%D0%BE%D0%BC;Живика;12 600.00
29-03-2022;;Гиалуром р-р д/и в/суст. 1,5% 2мл шприц №1;Живика;https://zhivika.ru/search/resultPage?searchString=%D0%93%D0%B8%D0%B0%D0%BB%D1%83%D1%80%D0%BE%D0%BC;Живика;7 238.50
29-03-2022;;Гиалуром тендон р-р д/и/околосухожильн/в/суст. 40мг/2мл шприц №1;Живика;https://zhivika.ru/search/resultPage?searchString=%D0%93%D0%B8%D0%B0%D0%BB%D1%83%D1%80%D0%BE%D0%BC;Живика;8 935.00
29-03-2022;;Дьюралан имплантат д/внутрисуставных инъекций вязкоупругий 60мг/3,0мл шприц однораз. (Имплантат вязкоупругий стерильный для внутрисуставных инъекций);Живика;https://zhivika.ru/search/resultPage?searchString=%D0%94%D1%8C%D1%8E%D1%80%D0%B0%D0%BB%D0%B0%D0%BD;Живика;28 622.10
29-03-2022;;Инъектран р-р д/и/в/м 100мг/мл 2мл амп №10 (Хондроитина сульфат);Живика;https://zhivika.ru/search/resultPage?searchString=%D0%98%D0%BD%D1%8A%D0%B5%D0%BA%D1%82%D1%80%D0%B0%D0%BD;Живика;1 597.60
29-03-2022;;Мукосат р-р д/и/в/м 10% 2мл амп №5 (Хондроитина сульфат);Живика;https://zhivika.ru/search/resultPage?searchString=%D0%98%D0%BD%D1%8A%D0%B5%D0%BA%D1%82%D1%80%D0%B0%D0%BD;Живика;775.10
29-03-2022;;Драстоп р-р д/и/в/м 100мг/мл 2мл амп №10 (Хондроитина сульфат);Живика;https://zhivika.ru/search/resultPage?searchString=%D0%98%D0%BD%D1%8A%D0%B5%D0%BA%D1%82%D1%80%D0%B0%D0%BD;Живика;1 258.30
29-03-2022;;Хондрогард р-р д/и/в/м/в/с 100мг/мл 1мл №10 (Хондроитина сульфат);Живика;https://zhivika.ru/search/resultPage?searchString=%D0%98%D0%BD%D1%8A%D0%B5%D0%BA%D1%82%D1%80%D0%B0%D0%BD;Живика;880.60
29-03-2022;;Хондрогард р-р д/и/в/м/в/с 100мг/мл 2мл №25 (Хондроитина сульфат);Живика;https://zhivika.ru/search/resultPage?searchString=%D0%98%D0%BD%D1%8A%D0%B5%D0%BA%D1%82%D1%80%D0%B0%D0%BD;Живика;2 695.80
29-03-2022;;Хондрогард р-р д/и/в/м/в/с 100мг/мл 2мл №10 (Хондроитина сульфат);Живика;https://zhivika.ru/search/resultPage?searchString=%D0%98%D0%BD%D1%8A%D0%B5%D0%BA%D1%82%D1%80%D0%B0%D0%BD;Живика;1 743.90
29-03-2022;;Хондролон пор-к д/и/в/м 100мг амп №10 (Хондроитина сульфат);Живика;https://zhivika.ru/search/resultPage?searchString=%D0%98%D0%BD%D1%8A%D0%B5%D0%BA%D1%82%D1%80%D0%B0%D0%BD;Живика;550.80
29-03-2022;;Хонсат р-р д/и/в/м 100мг/мл 1мл амп №10 (Хондроитина сульфат);Живика;https://zhivika.ru/search/resultPage?searchString=%D0%98%D0%BD%D1%8A%D0%B5%D0%BA%D1%82%D1%80%D0%B0%D0%BD;Живика;739.00
29-03-2022;;Хондроксид мазь 5% 30г туба (Хондроитина сульфат);Живика;https://zhivika.ru/search/resultPage?searchString=%D0%98%D0%BD%D1%8A%D0%B5%D0%BA%D1%82%D1%80%D0%B0%D0%BD;Живика;349.20
29-03-2022;;Артогистан р-р д/и/в/м 100мг/мл 2мл амп №10 (Хондроитина сульфат);Живика;https://zhivika.ru/search/resultPage?searchString=%D0%98%D0%BD%D1%8A%D0%B5%D0%BA%D1%82%D1%80%D0%B0%D0%BD;Живика;1 320.00
29-03-2022;;Структум капс. 500мг №60 (Хондроитина сульфат);Живика;https://zhivika.ru/search/resultPage?searchString=%D0%98%D0%BD%D1%8A%D0%B5%D0%BA%D1%82%D1%80%D0%B0%D0%BD;Живика;1 833.00
29-03-2022;;Мукосат р-р д/и/в/м 100мг/мл 1мл амп №10 (Хондроитина сульфат);Живика;https://zhivika.ru/search/resultPage?searchString=%D0%98%D0%BD%D1%8A%D0%B5%D0%BA%D1%82%D1%80%D0%B0%D0%BD;Живика;862.90
29-03-2022;;Хондроитин-акос мазь 5% 50г туба /синтез/ (Хондроитина сульфат);Живика;https://zhivika.ru/search/resultPage?searchString=%D0%98%D0%BD%D1%8A%D0%B5%D0%BA%D1%82%D1%80%D0%B0%D0%BD;Живика;289.70
29-03-2022;;Хондроитин гель 5% 30г туба /вертекс/ (Хондроитина сульфат);Живика;https://zhivika.ru/search/resultPage?searchString=%D0%98%D0%BD%D1%8A%D0%B5%D0%BA%D1%82%D1%80%D0%B0%D0%BD;Живика;218.00
29-03-2022;;Артогистан р-р д/и/в/м 100мг/мл 1мл амп №10 (Хондроитина сульфат);Живика;https://zhivika.ru/search/resultPage?searchString=%D0%98%D0%BD%D1%8A%D0%B5%D0%BA%D1%82%D1%80%D0%B0%D0%BD;Живика;759.00
29-03-2022;;Хондроитин велфарм капс. 250мг №60 (Хондроитина сульфат);Живика;https://zhivika.ru/search/resultPage?searchString=%D0%98%D0%BD%D1%8A%D0%B5%D0%BA%D1%82%D1%80%D0%B0%D0%BD;Живика;476.70
29-03-2022;;Мелоксикам таб 15мг №20 /канонфарма/ (Мелоксикам);Живика;https://zhivika.ru/search/resultPage?searchString=%D0%9C%D0%B5%D0%BB%D0%BE%D0%BA%D1%81%D0%B8%D0%BA%D0%B0%D0%BC;Живика;76.80
29-03-2022;;Мелоксикам-акрихин р-р д/и/в/м 10мг/мл 1,5мл амп №3 (Мелоксикам);Живика;https://zhivika.ru/search/resultPage?searchString=%D0%9C%D0%B5%D0%BB%D0%BE%D0%BA%D1%81%D0%B8%D0%BA%D0%B0%D0%BC;Живика;297.50
29-03-2022;;Мелоксикам таб 15мг №10 /вертекс/ (Мелоксикам);Живика;https://zhivika.ru/search/resultPage?searchString=%D0%9C%D0%B5%D0%BB%D0%BE%D0%BA%D1%81%D0%B8%D0%BA%D0%B0%D0%BC;Живика;203.00
29-03-2022;;Мелоксикам р-р /д/и/в/м 10мг/мл 1,5мл амп №3 /озон/ (Мелоксикам);Живика;https://zhivika.ru/search/resultPage?searchString=%D0%9C%D0%B5%D0%BB%D0%BE%D0%BA%D1%81%D0%B8%D0%BA%D0%B0%D0%BC;Живика;181.70
29-03-2022;;Мелоксикам-тева таб 15мг №20 (Мелоксикам);Живика;https://zhivika.ru/search/resultPage?searchString=%D0%9C%D0%B5%D0%BB%D0%BE%D0%BA%D1%81%D0%B8%D0%BA%D0%B0%D0%BC;Живика;287.90
29-03-2022;;Мелоксикам таб 15мг №20 /озон/ (Мелоксикам);Живика;https://zhivika.ru/search/resultPage?searchString=%D0%9C%D0%B5%D0%BB%D0%BE%D0%BA%D1%81%D0%B8%D0%BA%D0%B0%D0%BC;Живика;131.20
29-03-2022;;Мелоксикам таб 7,5мг №20 /озон/ (Мелоксикам);Живика;https://zhivika.ru/search/resultPage?searchString=%D0%9C%D0%B5%D0%BB%D0%BE%D0%BA%D1%81%D0%B8%D0%BA%D0%B0%D0%BC;Живика;97.50
29-03-2022;;Мелоксикам таб 15мг №20 /вертекс/ (Мелоксикам);Живика;https://zhivika.ru/search/resultPage?searchString=%D0%9C%D0%B5%D0%BB%D0%BE%D0%BA%D1%81%D0%B8%D0%BA%D0%B0%D0%BC;Живика;267.00
29-03-2022;;Мелоксикам-акрихин р-р д/и/в/м 10мг/мл 1,5мл амп №5 (Мелоксикам);Живика;https://zhivika.ru/search/resultPage?searchString=%D0%9C%D0%B5%D0%BB%D0%BE%D0%BA%D1%81%D0%B8%D0%BA%D0%B0%D0%BC;Живика;478.80
29-03-2022;;Мелоксикам таб 7,5мг №20 /вертекс/ (Мелоксикам);Живика;https://zhivika.ru/search/resultPage?searchString=%D0%9C%D0%B5%D0%BB%D0%BE%D0%BA%D1%81%D0%B8%D0%BA%D0%B0%D0%BC;Живика;206.00
29-03-2022;;Мелоксикам-акрихин таб 7,5мг №20 (Мелоксикам);Живика;https://zhivika.ru/search/resultPage?searchString=%D0%9C%D0%B5%D0%BB%D0%BE%D0%BA%D1%81%D0%B8%D0%BA%D0%B0%D0%BC;Живика;97.50
29-03-2022;;Мелоксикам канон гель д/наруж.прим. 1% 30г (Мелоксикам);Живика;https://zhivika.ru/search/resultPage?searchString=%D0%9C%D0%B5%D0%BB%D0%BE%D0%BA%D1%81%D0%B8%D0%BA%D0%B0%D0%BC;Живика;146.00
29-03-2022;;Мелоксикам-тева таб 15мг №10 (Мелоксикам);Живика;https://zhivika.ru/search/resultPage?searchString=%D0%9C%D0%B5%D0%BB%D0%BE%D0%BA%D1%81%D0%B8%D0%BA%D0%B0%D0%BC;Живика;195.90
29-03-2022;;Мелоксикам канон гель д/наруж.прим. 1% 50г (Мелоксикам);Живика;https://zhivika.ru/search/resultPage?searchString=%D0%9C%D0%B5%D0%BB%D0%BE%D0%BA%D1%81%D0%B8%D0%BA%D0%B0%D0%BC;Живика;229.20
29-03-2022;;Мелоксикам таб 7,5мг №20 /канонфарма/ (Мелоксикам);Живика;https://zhivika.ru/search/resultPage?searchString=%D0%9C%D0%B5%D0%BB%D0%BE%D0%BA%D1%81%D0%B8%D0%BA%D0%B0%D0%BC;Живика;74.80
29-03-2022;;Элокс-солофарм р-р д/и/в/м 10мг/мл амп 1,5мл №5 (Мелоксикам);Живика;https://zhivika.ru/search/resultPage?searchString=%D0%9C%D0%B5%D0%BB%D0%BE%D0%BA%D1%81%D0%B8%D0%BA%D0%B0%D0%BC;Живика;365.00
29-03-2022;;Мовалис р-р д/и/в/м 15мг 1,5мл амп №3 (Мелоксикам);Живика;https://zhivika.ru/search/resultPage?searchString=%D0%9C%D0%B5%D0%BB%D0%BE%D0%BA%D1%81%D0%B8%D0%BA%D0%B0%D0%BC;Живика;729.90
29-03-2022;;Мовалис р-р д/и/в/м 15мг 1,5мл амп №5 (Мелоксикам);Живика;https://zhivika.ru/search/resultPage?searchString=%D0%9C%D0%B5%D0%BB%D0%BE%D0%BA%D1%81%D0%B8%D0%BA%D0%B0%D0%BC;Живика;977.20
29-03-2022;;Артрозан р-р д/и/в/м 6мг/мл 2,5мл ампулы полимерные №5 (Мелоксикам);Живика;https://zhivika.ru/search/resultPage?searchString=%D0%9C%D0%B5%D0%BB%D0%BE%D0%BA%D1%81%D0%B8%D0%BA%D0%B0%D0%BC;Живика;419.30
29-03-2022;;Артрозан р-р д/и/в/м 6мг/мл 2,5мл ампулы полимерные №10 (Мелоксикам);Живика;https://zhivika.ru/search/resultPage?searchString=%D0%9C%D0%B5%D0%BB%D0%BE%D0%BA%D1%81%D0%B8%D0%BA%D0%B0%D0%BC;Живика;627.50
29-03-2022;;Артраксикам крем д/наруж.прим. 30мг/г + 100мг/г 30г туба (Мелоксикам + Перца стручкового плодов настойка);Живика;https://zhivika.ru/search/resultPage?searchString=%D0%9C%D0%B5%D0%BB%D0%BE%D0%BA%D1%81%D0%B8%D0%BA%D0%B0%D0%BC;Живика;392.00
29-03-2022;;Мовалис таб 15мг №20 (Мелоксикам);Живика;https://zhivika.ru/search/resultPage?searchString=%D0%9C%D0%B5%D0%BB%D0%BE%D0%BA%D1%81%D0%B8%D0%BA%D0%B0%D0%BC;Живика;764.50
29-03-2022;;Мовалис таб 15мг №10 (Мелоксикам);Живика;https://zhivika.ru/search/resultPage?searchString=%D0%9C%D0%B5%D0%BB%D0%BE%D0%BA%D1%81%D0%B8%D0%BA%D0%B0%D0%BC;Живика;525.30
29-03-2022;;Мовалис таб 7,5мг №20 (Мелоксикам);Живика;https://zhivika.ru/search/resultPage?searchString=%D0%9C%D0%B5%D0%BB%D0%BE%D0%BA%D1%81%D0%B8%D0%BA%D0%B0%D0%BC;Живика;653.40
29-03-2022;;Амелотекс супп. 15мг №6 (Мелоксикам);Живика;https://zhivika.ru/search/resultPage?searchString=%D0%9C%D0%B5%D0%BB%D0%BE%D0%BA%D1%81%D0%B8%D0%BA%D0%B0%D0%BC;Живика;293.80
29-03-2022;;Амелотекс супп. 7,5мг №6 (Мелоксикам);Живика;https://zhivika.ru/search/resultPage?searchString=%D0%9C%D0%B5%D0%BB%D0%BE%D0%BA%D1%81%D0%B8%D0%BA%D0%B0%D0%BC;Живика;160.90
29-03-2022;;Амелотекс гель 1% 30г (Мелоксикам);Живика;https://zhivika.ru/search/resultPage?searchString=%D0%9C%D0%B5%D0%BB%D0%BE%D0%BA%D1%81%D0%B8%D0%BA%D0%B0%D0%BC;Живика;200.60
29-03-2022;;Артрозан р-р д/и/в/м 6мг/мл 2,5мл амп №10 (Мелоксикам);Живика;https://zhivika.ru/search/resultPage?searchString=%D0%9C%D0%B5%D0%BB%D0%BE%D0%BA%D1%81%D0%B8%D0%BA%D0%B0%D0%BC;Живика;488.90
29-03-2022;;Амелотекс гель 1% 50г (Мелоксикам);Живика;https://zhivika.ru/search/resultPage?searchString=%D0%9C%D0%B5%D0%BB%D0%BE%D0%BA%D1%81%D0%B8%D0%BA%D0%B0%D0%BC;Живика;342.90
29-03-2022;;Артрозан таб 15мг №20 (Мелоксикам);Живика;https://zhivika.ru/search/resultPage?searchString=%D0%9C%D0%B5%D0%BB%D0%BE%D0%BA%D1%81%D0%B8%D0%BA%D0%B0%D0%BC;Живика;341.90
29-03-2022;;Артрозан таб 15мг №10 (Мелоксикам);Живика;https://zhivika.ru/search/resultPage?searchString=%D0%9C%D0%B5%D0%BB%D0%BE%D0%BA%D1%81%D0%B8%D0%BA%D0%B0%D0%BC;Живика;194.40
29-03-2022;;Терафлекс хондрокрем форте крем д/наруж.прим. 100г (Мелоксикам + Хондроитина сульфат);Живика;https://zhivika.ru/search/resultPage?searchString=%D0%9C%D0%B5%D0%BB%D0%BE%D0%BA%D1%81%D0%B8%D0%BA%D0%B0%D0%BC;Живика;524.10
29-03-2022;;Терафлекс хондрокрем форте крем д/наруж.прим. 50г (Мелоксикам + Хондроитина сульфат);Живика;https://zhivika.ru/search/resultPage?searchString=%D0%9C%D0%B5%D0%BB%D0%BE%D0%BA%D1%81%D0%B8%D0%BA%D0%B0%D0%BC;Живика;348.00
29-03-2022;;Артраксикам крем д/наруж.прим. 30мг/г + 100мг/г 50г туба (Мелоксикам + Перца стручкового плодов настойка);Живика;https://zhivika.ru/search/resultPage?searchString=%D0%9C%D0%B5%D0%BB%D0%BE%D0%BA%D1%81%D0%B8%D0%BA%D0%B0%D0%BC;Живика;536.10
29-03-2022;;Матарен плюс крем 50г (Мелоксикам + Перца стручкового плодов настойка);Живика;https://zhivika.ru/search/resultPage?searchString=%D0%9C%D0%B5%D0%BB%D0%BE%D0%BA%D1%81%D0%B8%D0%BA%D0%B0%D0%BC;Живика;504.40
29-03-2022;;Матарен плюс крем 30г (Мелоксикам + Перца стручкового плодов настойка);Живика;https://zhivika.ru/search/resultPage?searchString=%D0%9C%D0%B5%D0%BB%D0%BE%D0%BA%D1%81%D0%B8%D0%BA%D0%B0%D0%BC;Живика;301.90
29-03-2022;;Мовалис р-р д/и/в/м 15мг 1,5мл амп №3 (Мелоксикам);Живика;https://zhivika.ru/search/resultPage?searchString=%D0%BC%D0%BE%D0%B2%D0%B0%D0%BB%D0%B8%D1%81;Живика;729.90
29-03-2022;;Мовалис р-р д/и/в/м 15мг 1,5мл амп №5 (Мелоксикам);Живика;https://zhivika.ru/search/resultPage?searchString=%D0%BC%D0%BE%D0%B2%D0%B0%D0%BB%D0%B8%D1%81;Живика;977.20
29-03-2022;;Мовалис таб 15мг №20 (Мелоксикам);Живика;https://zhivika.ru/search/resultPage?searchString=%D0%BC%D0%BE%D0%B2%D0%B0%D0%BB%D0%B8%D1%81;Живика;764.50
29-03-2022;;Мовалис таб 15мг №10 (Мелоксикам);Живика;https://zhivika.ru/search/resultPage?searchString=%D0%BC%D0%BE%D0%B2%D0%B0%D0%BB%D0%B8%D1%81;Живика;525.30
29-03-2022;;Мовалис таб 7,5мг №20 (Мелоксикам);Живика;https://zhivika.ru/search/resultPage?searchString=%D0%BC%D0%BE%D0%B2%D0%B0%D0%BB%D0%B8%D1%81;Живика;653.40
29-03-2022;;Элокс-солофарм р-р д/и/в/м 10мг/мл амп 1,5мл №5 (Мелоксикам);Живика;https://zhivika.ru/search/resultPage?searchString=%D0%BC%D0%BE%D0%B2%D0%B0%D0%BB%D0%B8%D1%81;Живика;365.00
29-03-2022;;Мелоксикам таб 15мг №20 /канонфарма/ (Мелоксикам);Живика;https://zhivika.ru/search/resultPage?searchString=%D0%BC%D0%BE%D0%B2%D0%B0%D0%BB%D0%B8%D1%81;Живика;76.80
29-03-2022;;Мелоксикам-акрихин р-р д/и/в/м 10мг/мл 1,5мл амп №3 (Мелоксикам);Живика;https://zhivika.ru/search/resultPage?searchString=%D0%BC%D0%BE%D0%B2%D0%B0%D0%BB%D0%B8%D1%81;Живика;297.50
29-03-2022;;Мелоксикам таб 15мг №10 /вертекс/ (Мелоксикам);Живика;https://zhivika.ru/search/resultPage?searchString=%D0%BC%D0%BE%D0%B2%D0%B0%D0%BB%D0%B8%D1%81;Живика;203.00
29-03-2022;;Мелоксикам р-р /д/и/в/м 10мг/мл 1,5мл амп №3 /озон/ (Мелоксикам);Живика;https://zhivika.ru/search/resultPage?searchString=%D0%BC%D0%BE%D0%B2%D0%B0%D0%BB%D0%B8%D1%81;Живика;181.70
29-03-2022;;Мелоксикам-тева таб 15мг №20 (Мелоксикам);Живика;https://zhivika.ru/search/resultPage?searchString=%D0%BC%D0%BE%D0%B2%D0%B0%D0%BB%D0%B8%D1%81;Живика;287.90
29-03-2022;;Мелоксикам таб 15мг №20 /озон/ (Мелоксикам);Живика;https://zhivika.ru/search/resultPage?searchString=%D0%BC%D0%BE%D0%B2%D0%B0%D0%BB%D0%B8%D1%81;Живика;131.20
29-03-2022;;Мелоксикам таб 7,5мг №20 /озон/ (Мелоксикам);Живика;https://zhivika.ru/search/resultPage?searchString=%D0%BC%D0%BE%D0%B2%D0%B0%D0%BB%D0%B8%D1%81;Живика;97.50
29-03-2022;;Артрозан р-р д/и/в/м 6мг/мл 2,5мл ампулы полимерные №5 (Мелоксикам);Живика;https://zhivika.ru/search/resultPage?searchString=%D0%BC%D0%BE%D0%B2%D0%B0%D0%BB%D0%B8%D1%81;Живика;419.30
29-03-2022;;Мелоксикам таб 15мг №20 /вертекс/ (Мелоксикам);Живика;https://zhivika.ru/search/resultPage?searchString=%D0%BC%D0%BE%D0%B2%D0%B0%D0%BB%D0%B8%D1%81;Живика;267.00
29-03-2022;;Артрозан р-р д/и/в/м 6мг/мл 2,5мл ампулы полимерные №10 (Мелоксикам);Живика;https://zhivika.ru/search/resultPage?searchString=%D0%BC%D0%BE%D0%B2%D0%B0%D0%BB%D0%B8%D1%81;Живика;627.50
29-03-2022;;Мелоксикам-акрихин р-р д/и/в/м 10мг/мл 1,5мл амп №5 (Мелоксикам);Живика;https://zhivika.ru/search/resultPage?searchString=%D0%BC%D0%BE%D0%B2%D0%B0%D0%BB%D0%B8%D1%81;Живика;478.80
29-03-2022;;Мелоксикам таб 7,5мг №20 /вертекс/ (Мелоксикам);Живика;https://zhivika.ru/search/resultPage?searchString=%D0%BC%D0%BE%D0%B2%D0%B0%D0%BB%D0%B8%D1%81;Живика;206.00
29-03-2022;;Мелоксикам-акрихин таб 7,5мг №20 (Мелоксикам);Живика;https://zhivika.ru/search/resultPage?searchString=%D0%BC%D0%BE%D0%B2%D0%B0%D0%BB%D0%B8%D1%81;Живика;97.50
29-03-2022;;Амелотекс супп. 15мг №6 (Мелоксикам);Живика;https://zhivika.ru/search/resultPage?searchString=%D0%BC%D0%BE%D0%B2%D0%B0%D0%BB%D0%B8%D1%81;Живика;293.80
29-03-2022;;Мукосат р-р д/и/в/м 10% 2мл амп №5 (Хондроитина сульфат);Живика;https://zhivika.ru/search/resultPage?searchString=%D0%BC%D1%83%D0%BA%D0%BE%D1%81%D0%B0%D1%82;Живика;775.10
29-03-2022;;Мукосат мазь д/наруж.прим. 5% 30г (Хондроитина сульфат);Живика;https://zhivika.ru/search/resultPage?searchString=%D0%BC%D1%83%D0%BA%D0%BE%D1%81%D0%B0%D1%82;Живика;276.21
29-03-2022;;Мукосат р-р д/и/в/м 100мг/мл 1мл амп №10 (Хондроитина сульфат);Живика;https://zhivika.ru/search/resultPage?searchString=%D0%BC%D1%83%D0%BA%D0%BE%D1%81%D0%B0%D1%82;Живика;862.90
29-03-2022;;Мукосат р-р д/и/в/м/в/суст. 100мг/мл 2мл амп №10 (Хондроитина сульфат);Живика;https://zhivika.ru/search/resultPage?searchString=%D0%BC%D1%83%D0%BA%D0%BE%D1%81%D0%B0%D1%82;Живика;1 553.80
29-03-2022;;Мукосат р-р д/и/в/м/в/суст. 100мг/мл 2мл амп №25 (Хондроитина сульфат);Живика;https://zhivika.ru/search/resultPage?searchString=%D0%BC%D1%83%D0%BA%D0%BE%D1%81%D0%B0%D1%82;Живика;3 027.20
29-03-2022;;МУКОСАТ капс. №80;Живика;https://zhivika.ru/search/resultPage?searchString=%D0%BC%D1%83%D0%BA%D0%BE%D1%81%D0%B0%D1%82;Живика;1 693.00
29-03-2022;;Драстоп р-р д/и/в/м 100мг/мл 2мл амп №10 (Хондроитина сульфат);Живика;https://zhivika.ru/search/resultPage?searchString=%D0%BC%D1%83%D0%BA%D0%BE%D1%81%D0%B0%D1%82;Живика;1 258.30
29-03-2022;;Инъектран р-р д/и/в/м 100мг/мл 2мл амп №10 (Хондроитина сульфат);Живика;https://zhivika.ru/search/resultPage?searchString=%D0%BC%D1%83%D0%BA%D0%BE%D1%81%D0%B0%D1%82;Живика;1 597.60
29-03-2022;;Хондрогард р-р д/и/в/м/в/с 100мг/мл 1мл №10 (Хондроитина сульфат);Живика;https://zhivika.ru/search/resultPage?searchString=%D0%BC%D1%83%D0%BA%D0%BE%D1%81%D0%B0%D1%82;Живика;880.60
29-03-2022;;Хондрогард р-р д/и/в/м/в/с 100мг/мл 2мл №25 (Хондроитина сульфат);Живика;https://zhivika.ru/search/resultPage?searchString=%D0%BC%D1%83%D0%BA%D0%BE%D1%81%D0%B0%D1%82;Живика;2 695.80
29-03-2022;;Хондрогард р-р д/и/в/м/в/с 100мг/мл 2мл №10 (Хондроитина сульфат);Живика;https://zhivika.ru/search/resultPage?searchString=%D0%BC%D1%83%D0%BA%D0%BE%D1%81%D0%B0%D1%82;Живика;1 743.90
29-03-2022;;Хондролон пор-к д/и/в/м 100мг амп №10 (Хондроитина сульфат);Живика;https://zhivika.ru/search/resultPage?searchString=%D0%BC%D1%83%D0%BA%D0%BE%D1%81%D0%B0%D1%82;Живика;550.80
29-03-2022;;Хонсат р-р д/и/в/м 100мг/мл 1мл амп №10 (Хондроитина сульфат);Живика;https://zhivika.ru/search/resultPage?searchString=%D0%BC%D1%83%D0%BA%D0%BE%D1%81%D0%B0%D1%82;Живика;739.00
29-03-2022;;Хондроксид мазь 5% 30г туба (Хондроитина сульфат);Живика;https://zhivika.ru/search/resultPage?searchString=%D0%BC%D1%83%D0%BA%D0%BE%D1%81%D0%B0%D1%82;Живика;349.20
29-03-2022;;Артогистан р-р д/и/в/м 100мг/мл 2мл амп №10 (Хондроитина сульфат);Живика;https://zhivika.ru/search/resultPage?searchString=%D0%BC%D1%83%D0%BA%D0%BE%D1%81%D0%B0%D1%82;Живика;1 320.00
29-03-2022;;Структум капс. 500мг №60 (Хондроитина сульфат);Живика;https://zhivika.ru/search/resultPage?searchString=%D0%BC%D1%83%D0%BA%D0%BE%D1%81%D0%B0%D1%82;Живика;1 833.00
29-03-2022;;Хондроитин-акос мазь 5% 50г туба /синтез/ (Хондроитина сульфат);Живика;https://zhivika.ru/search/resultPage?searchString=%D0%BC%D1%83%D0%BA%D0%BE%D1%81%D0%B0%D1%82;Живика;289.70
29-03-2022;;Хондроитин гель 5% 30г туба /вертекс/ (Хондроитина сульфат);Живика;https://zhivika.ru/search/resultPage?searchString=%D0%BC%D1%83%D0%BA%D0%BE%D1%81%D0%B0%D1%82;Живика;218.00
29-03-2022;;Артогистан р-р д/и/в/м 100мг/мл 1мл амп №10 (Хондроитина сульфат);Живика;https://zhivika.ru/search/resultPage?searchString=%D0%BC%D1%83%D0%BA%D0%BE%D1%81%D0%B0%D1%82;Живика;759.00
29-03-2022;;Хондроитин велфарм капс. 250мг №60 (Хондроитина сульфат);Живика;https://zhivika.ru/search/resultPage?searchString=%D0%BC%D1%83%D0%BA%D0%BE%D1%81%D0%B0%D1%82;Живика;476.70
29-03-2022;;Хондроксид гель 5% 30г (Хондроитина сульфат);Живика;https://zhivika.ru/search/resultPage?searchString=%D0%BC%D1%83%D0%BA%D0%BE%D1%81%D0%B0%D1%82;Живика;349.70
29-03-2022;;ОСТЕОКОЛЛ р-р имплантат д/и/периартикул коллаген-содержащий 2мл амп №5;Живика;https://zhivika.ru/search/resultPage?searchString=%D0%BE%D1%81%D1%82%D0%B5%D0%BE%D0%BA%D0%BE%D0%BB%D0%BB;Живика;3 901.80
29-03-2022;;ПЛЕКСАТРОН р-р имплантат д/и/в/с/периартикул коллаген-содержащий 2мл амп №5;Живика;https://zhivika.ru/search/resultPage?searchString=%D0%BF%D0%BB%D0%B5%D0%BA%D1%81%D0%B0%D1%82%D1%80%D0%BE%D0%BD;Живика;3 721.90
29-03-2022;;РИПАРТ Форте ср-во для замещения синовальной жидкости 15мг/мл 3мл шприц №1;Живика;https://zhivika.ru/search/resultPage?searchString=%D1%80%D0%B8%D0%BF%D0%B0%D1%80%D1%82;Живика;8 685.00
29-03-2022;;РИПАРТ Лонг ср-во для замещения синовиальной жидкости 20мг/мл 3мл шприц №1;Живика;https://zhivika.ru/search/resultPage?searchString=%D1%80%D0%B8%D0%BF%D0%B0%D1%80%D1%82;Живика;15 971.90
29-03-2022;;РИПАРТ ср-во для замещения синовальной жидкости 10мг/мл 2мл шприц №1;Живика;https://zhivika.ru/search/resultPage?searchString=%D1%80%D0%B8%D0%BF%D0%B0%D1%80%D1%82;Живика;5 945.00
29-03-2022;;РИПАРТ Лонг ср-во для замещения синовиальной жидкости 20мг/мл 2мл шприц №1;Живика;https://zhivika.ru/search/resultPage?searchString=%D1%80%D0%B8%D0%BF%D0%B0%D1%80%D1%82;Живика;11 255.30
29-03-2022;;РИПАРТ ср-во для замещения синовальной жидкости 10мг/мл 3мл шприц №1;Живика;https://zhivika.ru/search/resultPage?searchString=%D1%80%D0%B8%D0%BF%D0%B0%D1%80%D1%82;Живика;5 984.60
29-03-2022;;Румалон р-р д/и 1мл амп №25 (Гликозаминогликан-пептидный комплекс);Живика;https://zhivika.ru/search/resultPage?searchString=%D1%80%D1%83%D0%BC%D0%B0%D0%BB%D0%BE%D0%BD;Живика;3 249.50
29-03-2022;;Румалон р-р д/и 1мл амп №10 (Гликозаминогликан-пептидный комплекс);Живика;https://zhivika.ru/search/resultPage?searchString=%D1%80%D1%83%D0%BC%D0%B0%D0%BB%D0%BE%D0%BD;Живика;1 808.90
29-03-2022;;Траумель с мазь 50г гомеопатические;Живика;https://zhivika.ru/search/resultPage?searchString=%D1%82%D1%80%D0%B0%D1%83%D0%BC%D0%B5%D0%BB%D1%8C;Живика;562.40
29-03-2022;;Траумель с р-р д/и 2,2мл амп №5 гомеопатические;Живика;https://zhivika.ru/search/resultPage?searchString=%D1%82%D1%80%D0%B0%D1%83%D0%BC%D0%B5%D0%BB%D1%8C;Живика;748.60
29-03-2022;;Траумель с таб №50 гомеопатические;Живика;https://zhivika.ru/search/resultPage?searchString=%D1%82%D1%80%D0%B0%D1%83%D0%BC%D0%B5%D0%BB%D1%8C;Живика;478.10
29-03-2022;;Траумель с капли д/вн.прим. 30мл фл-кап. гомеопатические;Живика;https://zhivika.ru/search/resultPage?searchString=%D1%82%D1%80%D0%B0%D1%83%D0%BC%D0%B5%D0%BB%D1%8C;Живика;646.80
29-03-2022;;ТРАУМЕЛЬ Космо гель д/наруж.прим. 50г;Живика;https://zhivika.ru/search/resultPage?searchString=%D1%82%D1%80%D0%B0%D1%83%D0%BC%D0%B5%D0%BB%D1%8C;Живика;894.00
29-03-2022;;Ферматрон протез синовиальной жидкости р-р 20мг/2мл шприц №1 (Гиалуронат натрия);Живика;https://zhivika.ru/search/resultPage?searchString=%D1%84%D0%B5%D1%80%D0%BC%D0%B0%D1%82%D1%80%D0%BE%D0%BD;Живика;5 523.70
29-03-2022;;ФЛЕКСОТРОН Соло р-р имплантат д/и/в/с гиалуронат натрия 2,2% 22мг/мл 2мл шприц преднаполненный №1;Живика;https://zhivika.ru/search/resultPage?searchString=%D1%84%D0%BB%D0%B5%D0%BA%D1%81%D0%BE%D1%82%D1%80%D0%BE%D0%BD;Живика;16 731.50
29-03-2022;;ФЛЕКСОТРОН Кросс р-р имплантат д/и/в/с на основе перекрестно-сшитого гиалуроната натрия 60мг/3мл 3мл шприц №1;Живика;https://zhivika.ru/search/resultPage?searchString=%D1%84%D0%BB%D0%B5%D0%BA%D1%81%D0%BE%D1%82%D1%80%D0%BE%D0%BD;Живика;16 837.80
29-03-2022;;ФЛЕКСОТРОН Ультра р-р имплантат д/и/в/с гиалуронат натрия 2,5% 25мг/мл 4,8мл шприц преднаполненный №1;Живика;https://zhivika.ru/search/resultPage?searchString=%D1%84%D0%BB%D0%B5%D0%BA%D1%81%D0%BE%D1%82%D1%80%D0%BE%D0%BD;Живика;18 051.80
29-03-2022;;ФЛЕКСОТРОН Смарт р-р имплантат д/и/в/с гиалуронат натрия 1,6% 16мг/мл 2мл шприц преднаполненный №1;Живика;https://zhivika.ru/search/resultPage?searchString=%D1%84%D0%BB%D0%B5%D0%BA%D1%81%D0%BE%D1%82%D1%80%D0%BE%D0%BD;Живика;12 223.00
29-03-2022;;ХРОНОТРОН гель имплантат д/и/в/с на основе поленуклеотидов 20мг/мл 2мл шприц преднаполненный №1;Живика;https://zhivika.ru/search/resultPage?searchString=%D1%85%D1%80%D0%BE%D0%BD%D0%BE%D1%82%D1%80%D0%BE%D0%BD;Живика;10 342.10
